{"model": "linear", "weights": [0.10336899359535581, 2.5397402517312577, 1.4634076495752424, 1.7816681292045031, 2.6693747794040377, 1.0037507852466905, 1.7224939682094311, 12.147741962305181, 4.419350644963958, 0.18318252280798478, 1.1455908588456432, 1.4545645148491384, 10.079581876464125, 2.230576274617923], "scale": [0.4235973599444964, 0.4238674140321679, 0.5538487286351177, 1.1976369516195147, 7.597408949214924, 7.473447370602289, 0.6434928479912737, 0.5370611863368625, 3.7724945378172055, 1.2603161809186687, 0.42992406377658965, 4.337194179849161, 1.7329180221000564, 0.6473992353638894], "bias": null, "scaled_weights": [0.24402652936481986, 5.991827084727285, 2.642251528105165, 1.4876529375577694, 0.35135330969381035, 0.13430893876299524, 2.6767880538010105, 22.618916189347775, 1.1714664131816155, 0.14534648176496434, 2.6646353516069996, 0.3353699314656291, 5.816537047868582, 3.4454416267022054], "columns": ["rc_mean_1_penalty_removed", "rc_mean_1_penalty_removed_tango", "rth_mean_1_penalty_removed_tango", "rth_mean_1", "rth_mean_1v_penalty_removed_tango", "rth_norm_2v", "rth_wmean_1v_penalty_removed", "rsl_wmean_1v_tango", "c_penalty_ell_mean_1", "rth_wmean_1v", "first_is_not_largest", "rc_wmean_1v", "ge_distances_mean", "rth_wmean_1v_penalty_removed_tango"]}