{"model": "linear", "weights": [8.031558392073454e-11, 1.597036712857405e-06, 1.6815324014460497e-09, 2.9779030743718534e-10, 1.766263354114993e-06, 5.01607128339669e-10, 0.836752338101343, 1.9984066206171076e-10, 1.8079004447079618e-10, 7.157317206510273e-11, 9.78595910712772e-06, 2.3127640585846498e-10, 0.00010773257583414922, 1.5596905386028703e-11, 2.9744638773728086e-09, 8.035440610153215e-13, 1.1963851006491405e-11, 2.078088612667271e-10, 5.9503914849193135e-06, 2.39574489079464e-09, 2.372560693089662e-10, 0.15860172846360018, 9.415324161742941e-11, 7.622730170228447e-06, 9.545536381156488e-11, 3.0503032791965404e-05, 1.0527989730232685e-10, 4.03565002029315e-10, 3.0697210955393976e-12, 2.162925737605358e-10, 2.1927861621232754e-10, 2.0781399683629062e-10, 3.0134572883582907e-09, 2.286800584636861e-05, 8.128298369244885e-11, 6.788012748745285e-07, 1.1377938964572282e-11, 6.658540237830458e-07, 2.3951267915269948e-11, 0.0013989016219494242, 1.9167533812611614e-11, 1.0461052427653447e-06, 1.9745552030118014e-10, 5.544796420770764e-11, 3.780819907048022e-10, 8.912912264654463e-05, 1.5473690502049366e-11, 0.002706635114349365, 3.1203142546805645e-06, 1.432483696939474e-10, 9.64324969449796e-07, 1.765047645886341e-05, 2.469326356742068e-07, 3.6958995819011535e-07, 2.365345245603231e-05, 7.926947704038819e-10, 8.672651417104548e-06, 6.592863782320627e-06, 7.302678239838114e-10, 1.2440538450577876e-05, 1.0044763264946625e-05, 6.107748142744722e-11, 6.5129248707760855e-09, 8.12197229662674e-06, 1.2004283337183203e-11, 9.983251156693707e-05, 6.932631411938535e-05], "scale": [143.3601004509824, 6101112.302332298, 356.9655052095232, 2134.953064058175, 304020918.855084, 97213.84783898831, 593823596.2896891, 688.2556848410459, 200.82250330110892, 200.8005382687225, 1.2603161809186687, 623.2785034999596, 8.678771301320403, 220.5670572264869, 1070.893488978808, 1.1274503063303907, 0.5538487286351177, 759.0206829420099, 0.5402900929110258, 97210.69359732965, 887.0601153654164, 638366286.2120825, 688.1632898444103, 0.6434928479912737, 330.61578168981686, 3.7724945378172055, 200.82964186738758, 688.2178717350724, 182.10585878306313, 688.1331106483699, 640.4787245176883, 1.1976369516195147, 238.27417713172204, 0.6985752978261425, 179.5360029276394, 21036873.33102735, 330.8081014512841, 21036899.499552067, 143.33932827752028, 99.69769740657071, 200.80334788715354, 21036899.35737111, 530.412602629557, 0.5532506452051402, 2476.5963756571095, 2.9640252896503516, 649.8851714283896, 6101112.27388476, 290993301.3966436, 33.6385215388613, 6101106.625306113, 4.337194179849161, 6101106.645181805, 21036873.461330827, 0.4238674140321679, 295557.1589603487, 0.4235973599444964, 0.42992406377658965, 295567.36106955266, 1070.892271366495, 1.7106710466758084, 841.4849764931672, 356.9618608240511, 0.2206275929590759, 99.76567685617142, 0.5370611863368625, 22.71963640955836], "bias": null, "columns": ["rc_cap_norm_2v_tango", "rc_cap_mean_2v_tango", "rsl_mean_2", "rc_sum_1v_tango", "rc_mean_2v", "rsl_mean_2v_tango", "rc_sum_2v_tango", "rc_cap_sum_1v_tango", "rc_mean_1v_penalty_removed_tango", "rc_mean_1v_penalty_removed", "rth_wmean_1v", "rc_norm_2v", "ge_distances_sum", "rc_wmean_2v_tango", "rsl_sum_2", "rsl_wmean_2v_tango", "rth_mean_1_penalty_removed_tango", "rc_mean_1v_tango", "rsl_wmean_1v", "rsl_mean_2v", "rc_mean_1v", "rc_sum_2v", "rc_cap_sum_1v", "rth_wmean_1v_penalty_removed", "rsl_sum_1v", "c_penalty_ell_mean_1", "rc_cap_mean_1v_tango", "rc_sum_1v_penalty_removed_tango", "rc_mean_2_tango", "rc_sum_1v_penalty_removed", "c_penalty_ell_sum_2_tango", "rth_mean_1", "tango_variance", "rsl_mean_1_tango", "c_penalty_ell_mean_2_tango", "rc_sum_2v_penalty_removed", "rsl_sum_1v_tango", "rc_cap_sum_2v_tango", "rc_cap_norm_2v", "rsl_mean_1v", "rc_cap_mean_1v", "rc_sum_2v_penalty_removed_tango", "rc_norm_2v_tango", "rth_mean_1_penalty_removed", "rc_sum_1v", "c_penalty_ell_mean_1_tango", "rc_sum_2_tango", "rc_mean_2v_penalty_removed_tango", "rc_mean_2v_tango", "rsl_norm_2v", "rc_mean_2v_penalty_removed", "rc_wmean_1v", "rc_cap_mean_2v", "rc_cap_sum_2v", "rc_mean_1_penalty_removed_tango", "rsl_sum_2v", "rc_mean_1_penalty_removed", "first_is_not_largest", "rsl_sum_2v_tango", "rsl_sum_2_tango", "tango_v_sigma", "tango_v_variance", "rsl_mean_2_tango", "c_penalty_mean_1", "rsl_mean_1v_tango", "rsl_wmean_1v_tango", "distances_sum"]}