{"model": "linear", "weights": [1.0933380062901221, 0.8722221050530589, 2.540395968345373, 3.5427201883748496, 7.833103689101909, 9.442761093356154, 9.120366969010684, 0.014570929710494254, 0.2302864506400042, 0.488019557098998, 2.2264317038634402, 2.25491326586795, 0.11872198391843912, 8.565310528485844, 16.59259274854827, 4.685042854012706, 2.7902825903730744, 5.0320127127443905, 6.804195306715356, 8.226459421732187, 0.7182086159464817, 2.3303467392650203, 1.0047731185919788], "scale": [1.7329180221000564, 0.6030619551577623, 13.973363326582698, 1.1976369516195147, 0.5538487286351177, 1.3489986976977582, 8.678771301320403, 3.7724945378172055, 0.4235973599444964, 887.0601153654164, 0.5532506452051402, 0.42992406377658965, 0.42992406377658954, 7.597408949214924, 2.9640706279447318, 2.5825886301091328, 3.26053824141153, 0.6434928479912737, 22.71963640955836, 4.337194179849161, 1.2603161809186687, 1.7106710466758084, 0.7871009719888403], "bias": null, "scaled_weights": [0.63092309754223, 1.4463225504332862, 0.18180275635662926, 2.9580919189109656, 14.143038133183932, 6.999829658450712, 1.0508822795714292, 0.0038624124076068527, 0.5436446786877482, 0.0005501538719255377, 4.024273126763187, 5.244910568764342, 0.2761464033335271, 1.1273989047767314, 5.597907348130052, 1.814087926893231, 0.8557736127533117, 7.819842486909239, 0.29948521992424004, 1.896723798983399, 0.5698638379957683, 1.3622412934347439, 1.276549203151314], "columns": ["ge_distances_mean", "rth_cap_wmean_1v_tango", "rth_mean_1v", "rth_mean_1", "rth_mean_1_penalty_removed_tango", "rth_mean_2_penalty_removed_tango", "ge_distances_sum", "c_penalty_ell_mean_1", "rc_mean_1_penalty_removed", "rc_mean_1v", "rth_mean_1_penalty_removed", "first_is_not_largest", "first_is_not_closest", "rth_mean_1v_penalty_removed_tango", "rc_mean_1_tango", "rc_norm_2", "rc_wmean_1v_tango", "rth_wmean_1v_penalty_removed", "distances_sum", "rc_wmean_1v", "rth_wmean_1v", "tango_v_sigma", "tango_sigma"]}