{"model": "linear", "weights": [6.885570649518108, 0.25575583902343657, 2.2244493209497698, 25.374609184411522, 1.8162120854119757, 0.2695821781733743, 1.277214657738509, 2.888256058068496, 0.2800980384306508, 0.7105245696249909, 8.669615068120534, 6.064940644471591, 1.364832001784953, 1.3727650737964565, 0.38723061423228805, 3.4414677277865136, 3.907674084825292, 0.24515024845793057, 0.5717721078717874, 5.128017320138461, 0.24251674052167035, 0.7940909943245364, 1.3532242912824821, 1.8111328151682045, 0.522261657094997, 0.36795525631748477, 4.001468727953975], "scale": [1.7329180221000564, 0.36723169067093364, 841.4849764931672, 64.04918323177633, 1.8466765957072728, 9.042306375338375, 0.6084299906471051, 0.8483633223693582, 199.5796602185848, 0.2261573231269946, 0.42363632227642195, 1.127203775778837, 10140.539943522452, 0.09108687608333699, 199.57784037656205, 5.3131816655420545, 0.48044382949640846, 0.36723169067093364, 0.19622567410861258, 35.96140016475422, 1.601432716260378, 0.21375083461180985, 0.7192865363769918, 0.088015715360907, 0.7074632003475282, 1.601432716260378, 0.4658563832822701], "bias": null, "scaled_weights": [3.973396641794833, 0.6964427240910764, 0.0026434807311950057, 0.3961738136860826, 0.9835030614639758, 0.029813431107424314, 2.0991974054074944, 3.404503685993882, 0.00140343980004716, 3.1417270057888356, 20.464758596557793, 5.380518389659443, 0.00013459164989106686, 15.070942520198953, 0.0019402485441352812, 0.6477225783762868, 8.133467108779891, 0.6675628892758143, 2.913849629867021, 0.1425978214598116, 0.15143735859723712, 3.7150310817109786, 1.8813424453884557, 20.577379934272923, 0.738217418006259, 0.22976629150972, 8.589489962037119], "columns": ["ge_distances_mean", "p_abs_max", "tango_v_variance", "rsg_mean_1v", "cross_abs_ge_dist_min", "cross_total_dist_min", "-log_p_compt_mean", "p_compt_sum_nonfinal", "cross_total_mean", "-log_p_compt_mean_nonfinal", "rsg_mean_1", "-log_p_abs_mean", "cross_total_dist_max", "cross_compt_mean_nonfinal", "cross_abs_mean", "distances_mean", "cross_compt_sum", "p_abs_final", "rsg_norm_2", "rsg_norm_2v", "-log_p_abs_final", "rsg_mean_1_first", "cross_compt_ge_dist_mean", "cross_compt_mean", "cross_compt_ge_dist_mean_nonfinal", "-log_p_abs_min", "rsg_wmean_1v"]}