{"model": "linear", "weights": [19.7672642951132, 0.0304226856091462, 2.198821854003795, 1.5099567075241414, 0.5444543052402616, 2.4188820055613185, 0.013342575352183582, 0.20571899752699407, 3.3196229236532364, 5.947895025208461, -0.41200278714844263, 1.9590115547389007, 9.498600282495842, 1.8181153647882458, -0.12571249232604606, 2.57767640515896, -0.23170250548013568, 0.0314612597675998, 0.2949994651411712, 0.37965185627789044, -0.3290307110627968, 3.322895005786196, 7.620099378934204, 0.008891852642773137, -2.035287033023903, 2.74386386860381, 13.596871107502583, -3.0125422035875995, 0.4240062329409701, 1.2088862327537293, 29.343684972816487, 3.2027916523996263, -2.1691238094639433, 1.8117804043148724], "scale": [1.7329180221000564, 0.36723169067093364, 2.164621584344692, 1.1681864888448454, 13.973363326582698, 1.1976369516195147, 1.8466765957072728, 3.977608728955865, 0.6084299906471051, 1.127203775778837, 0.5402900929110258, 0.1696726764555906, 5.3131816655420545, 0.4235973599444964, 233.22198261665196, 0.5532506452051402, 0.7017887753092958, 0.36723169067093364, 0.19622567410861258, 0.42992406377658965, 0.42992406377658954, 1.601432716260378, 0.21375083461180985, 0.66646472279015, 1.7374066601320535, 1.601432716260378, 0.4658563832822701, 0.7608165262998224, 0.5457937966516953, 0.6434928479912737, 33.6385215388613, 4.337194179849161, 1.7106710466758084, 2.644232767414133], "bias": null, "scaled_weights": [11.406924068547696, 0.08284330133263783, 1.015799652884574, 1.2925647762090224, 0.0389637263782085, 2.0197122360748514, 0.007225182461942345, 0.051719264398586526, 5.456047490562719, 5.2766812470077005, -0.7625584710032628, 11.545828094788403, 1.7877424263690762, 4.292083796335445, -0.0005390250563673505, 4.659147580755521, -0.33015989088457365, 0.08567141825401824, 1.5033683358778347, 0.8830672396955589, -0.7653228529998682, 2.0749513682633696, 35.64944854027339, 0.013341820412560558, -1.1714511517235746, 1.7133806751564349, 29.186830094939396, -3.9596172000086356, 0.776861583151255, 1.8786319638631366, 0.8723238605750508, 0.7384478350727228, -1.267995862605499, 0.6851818896740554], "columns": ["ge_distances_mean", "p_abs_max", "-log_p_compt_max", "cross_compt_dist_min", "rth_mean_1v", "rth_mean_1", "cross_abs_ge_dist_min", "rth_sum_1", "-log_p_compt_mean", "-log_p_abs_mean", "rsl_wmean_1v", "rc_cap_norm_2", "distances_mean", "rc_mean_1_penalty_removed", "rc_mean_2", "rth_mean_1_penalty_removed", "rsl_mean_1", "p_abs_final", "rsg_norm_2", "first_is_not_largest", "first_is_not_closest", "-log_p_abs_final", "rsg_mean_1_first", "c_penalty_sum_1", "rth_cap_wmean_2v", "-log_p_abs_min", "rsg_wmean_1v", "rc_cap_mean_2", "rc_wmean_1v_penalty_removed", "rth_wmean_1v_penalty_removed", "rsl_norm_2v", "rc_wmean_1v", "tango_v_sigma", "-log_p_compt_sum"]}