{"model": "linear", "weights": [8.41969383841787e-11, 6.16171898885411e-11, 0.5555454154686815, 3.622994283819803e-10, 1.1002977405157082, 0.6371225592954816, 6.954765064836113e-10, 2.746284294897665, 0.38020729570018613, 0.04209301996812297, 6.420601006217396e-11, 3.8201883036699145e-10, 8.350647799553014e-11, 8.313101340524905e-11, 4.87151289439875e-10, 1.502946565298396e-10, 4.442663119065477e-10, 2.0368769677550485, 8.159661866277997e-11, 8.294159407059613e-11, 19.966302633027826, 5.5170448019020135e-11, 6.583401006879644e-11, 1.677246824269098e-10, 2.544137282522745e-10, 1.114210933651422, 9.267928755113407e-11, 5.168260291284745e-11, 4.8948189860183534e-11, 6.093779125776249e-11, 0.9609580525141199, 1.0811335913975588e-10, 6.817509988776938e-11, 4.864474535395816e-11, 5.6424352875877636e-11, 3.8606697057694166e-10, 4.5575928089951775e-10, 4.545875503839466e-10, 1.0997096789642574e-10, 1.0229993931005849e-10, 1.0813275573275822e-09, 4.462127385105512e-10, 2.0436725771486637e-10, 5.183373297192637e-10, 1.1254693317575606e-09, 8.020569351548374e-10, 4.0239726007751393e-10, 8.093453309134688e-11, 1.0869684593664182, 1.0508708417790877e-10, 6.089413568900716e-11, 1.7119339204969704e-10, 6.117181970311965e-11, 1.1554257535538348e-10, 1.1948731872867724e-10, 1.2206910484187666e-10, 1.0109360735436278e-10, 1.0249973623477045e-10, 1.2045447519989707e-10, 1.2025544142134839e-10, 1.0109465746901933e-10, 1.025028815432581e-10, 5.3941797167003934e-11, 0.4493284166254378, 2.0041590795894962e-10, 1.6251744201007962e-10, 4.726788393732599e-11, 1.1538192178605433e-10, 5.4104088874215886e-11, 1.980088306215071e-10, 0.43442604283317704, 1.6870411985996576e-10, 1.35694011425897e-10, 1.6245120052229767e-10, 1.1212679798858837e-09, 4.0469749099760473e-10, 2.8373018616694004e-10, 5.640097245030099e-10, 1.1437338350702148e-09, 9.276203235462476e-10, 7.325738080688128e-10, 7.111785265064308e-11, 0.003159812982056147, 7.25752647568984e-11, 4.9354775631054545e-11, 0.8001498605779577, 4.889228241330987e-11, 4.6454771512107924e-11, 4.297564679689878e-11, 4.520120203570849e-11, 6.49228784747735e-11, 4.959589747330623e-11, 7.81808911049028e-11, 6.757617083152269e-11, 6.500088108392713e-11, 5.007883991079681e-11], "scale": [238.27417713172204, 841.4849764931672, 0.7871009719888403, 1.7106710466758084, 22.71963640955836, 5.3131816655420545, 8.678771301320403, 1.7329180221000564, 0.42992406377658965, 0.42992406377658954, 2.3133524204175604, 0.7017887753092958, 1070.893488978808, 356.9655052095232, 0.4397715460134327, 330.61578168981686, 99.69769740657071, 0.5402900929110258, 295557.1589603487, 97210.69359732965, 33.6385215388613, 1.9652088674525527, 0.66646472279015, 0.2206275929590759, 11.755027968701482, 3.7724945378172055, 720.368414096746, 229.96953846920044, 11.73617963181699, 3.737708991950296, 4.337194179849161, 2.5825886301091328, 730.3230570802035, 233.22198261665196, 294.62281748766827, 2476.5963756571095, 887.0601153654164, 623.2785034999596, 638366286.2120825, 304020918.855084, 1.5608084364073767, 0.3979341355844085, 0.543664319034312, 0.1696726764555906, 2.7973640163755675, 0.7608165262998224, 1.2068847869736086, 1.6100771955661388, 0.4235973599444964, 2.8240662861582497, 0.7703065474657396, 0.5457937966516953, 1.2176681725039065, 688.1632898444103, 200.80334788715354, 143.33932827752028, 21036873.461330827, 6101106.645181805, 688.1331106483699, 200.8005382687225, 21036873.33102735, 6101106.625306113, 3.977608728955865, 1.1976369516195147, 1.2603161809186687, 0.6287701388537806, 25.37585494580248, 8.28284233511746, 9.623400619381812, 40.20285830429307, 13.973363326582698, 7.473447370602289, 5011.190796000346, 1929.7669813595455, 2.0300590195458823, 0.5066134782096677, 0.5893559489137365, 0.21719403031199278, 4.923794892770277, 1.3328099433111336, 1.7374066601320535, 2.118218078284036, 0.5532506452051402, 4.9746442137544005, 1.3475951441098866, 0.6434928479912737, 1.828008201640765, 24.586307597671478, 7.674625597300401, 4.1406037639947915, 1881.141068108714, 592.1601781106464, 24.362502108964613, 7.595329527219522, 1878.2357793468932, 591.2025205456359], "bias": null, "scaled_weights": [3.533615744589612e-13, 7.322434934646921e-14, 0.7058121324192167, 2.1178789989226968e-10, 0.0484293727540817, 0.1199135658069922, 8.013536505770124e-11, 1.584774501663702, 0.884359187434926, 0.09790803426624813, 2.775453039298905e-11, 5.443501574937932e-10, 7.797832263894048e-14, 2.3288248357906397e-13, 1.107737173666518e-09, 4.5459008569302293e-13, 4.4561341281014154e-12, 3.7699691230327232, 2.760772872151163e-16, 8.532147133334981e-16, 0.593554702157808, 2.8073579827947804e-11, 9.878093741133485e-11, 7.602162548091659e-10, 2.1642970899743278e-11, 0.29535123841322064, 1.286554015105487e-13, 2.2473673364252649e-13, 4.1707089867203576e-12, 1.6303514101552835e-11, 0.22156214655520454, 4.1862400337132794e-11, 9.3349236651969e-14, 2.0857701666105702e-13, 1.915138595069587e-13, 1.5588610819738739e-13, 5.137862395174557e-13, 7.293489954029452e-13, 1.7226938557323877e-19, 3.364898037125572e-19, 6.927996620882896e-10, 1.1213231000030707e-09, 3.7590706353117916e-10, 3.054925168549051e-09, 4.023320973491988e-10, 1.0542054587793784e-09, 3.334181227742274e-10, 5.026748612689251e-11, 2.5660416285617145, 3.721126685056149e-11, 7.90518214980063e-11, 3.1365946828257214e-10, 5.023685523235059e-11, 1.678999404073225e-13, 5.950464471131533e-13, 8.51609298779033e-13, 4.8055433494045195e-18, 1.6800187604607276e-17, 1.7504531221641545e-13, 5.988800750146189e-13, 4.805593296980807e-18, 1.680070319015531e-17, 1.356136333227623e-11, 0.3751791525953084, 1.590203402870402e-10, 2.5846876619545183e-10, 1.8627109919362444e-12, 1.3930232777323303e-11, 5.62213826630564e-12, 4.92524260645325e-12, 0.031089583279261913, 2.2573801820507077e-11, 2.70781969695108e-14, 8.4181770178205e-14, 5.523327002269657e-10, 7.988289068576973e-10, 4.81424149005187e-10, 2.5968012274224422e-09, 2.32287059062835e-10, 6.959884477165116e-10, 4.216478645322637e-10, 3.3574377152070907e-11, 0.0057113588740317104, 1.458903624830796e-11, 3.662433472454693e-11, 1.2434479467420723, 2.674620516988142e-11, 1.8894570210496986e-12, 5.599705972890162e-12, 1.0916572705836275e-11, 3.4512498597485037e-14, 8.375419237333304e-14, 3.2090665710454577e-12, 8.897068993431915e-12, 3.460741287045946e-14, 8.470674290187018e-14],