{"model": "linear", "weights": [-1.0168912409374717, 1.4758464363701047, 0.5647018249560517, -1.5753125073470535, 0.778238344080864, -0.9255018951501378, -0.4529924822698655, 0.37287060004388506, 0.9297889870794638, 3.698866355648218, 0.4532644181825046, 0.8399543939642796, 0.6321469248473508, 1.266055369523602, 2.2726902893936303, -1.2533960636323596, 0.39383916116960077, 0.5124518649891636, 3.13495158972208, 0.7743731434849854, 1.6126949209265837, 0.8498681107599803, -0.4397336470520153, -0.9497521383793566, -0.6876343432806052, -1.0776461292679294, 0.8248432287414446, -0.06164934712489483, 4.730129206542363, 4.337584406517841, -1.2009626469114534, -2.507516583542707, -2.7957545024136268, 1.3607563659957096, -0.738404973289886, 25.928854289970133, 1.514091050312451, -1.2306622177950233, 0.2269291056125761, -0.011400444810706152, 0.714207495744689, 0.28462847578178013, -0.9585294397122337, 0.2580545233693238, 2.8984997021732, 0.369795109151881, 0.8381657545575886, 4.51549795340132], "scale": [233.22198261665196, 0.17451250826225634, 1.7329180221000564, 2.3133524204175604, 40.20285830429307, 0.6006366548505075, 2.8263429953457044, 623.2785034999596, 3.26053824141153, 8.678771301320403, 0.5538487286351177, 0.5402900929110258, 13.973363326582698, 0.6434928479912737, 4.979657197203491, 0.21719403031199278, 3.7724945378172055, 200.82964186738758, 1.1976369516195147, 0.6490486776966623, 0.6985752978261425, 0.543664319034312, 1884.7541411094687, 1.2176681725039065, 1.2004084842626195, 1.5608084364073767, 0.5532506452051402, 0.42992406377658954, 2.9640252896503516, 0.5370611863368625, 1.6097439548761938, 0.7871009719888403, 4.1406037639947915, 2.5825886301091328, 1.7374066601320535, 33.6385215388613, 4.337194179849161, 0.6287701388537806, 25.37585494580248, 1.9652088674525527, 0.4235973599444964, 0.42992406377658965, 1.3328099433111336, 1.7106710466758084, 0.4383888077173667, 9.623400619381812, 24.61753608134031, 22.71963640955836], "bias": null, "columns": ["rc_mean_2", "rc_cap_norm_2_tango", "ge_distances_mean", "rsl_sum_1", "rth_sum_1v", "rth_norm_2_tango", "rc_sum_2_penalty_removed_tango", "rc_norm_2v", "rc_wmean_1v_tango", "ge_distances_sum", "rth_mean_1_penalty_removed_tango", "rsl_wmean_1v", "rth_mean_1v", "rth_wmean_1v_penalty_removed", "rth_cap_sum_2_tango", "rth_cap_norm_2", "c_penalty_ell_mean_1", "rc_cap_mean_1v_tango", "rth_mean_1", "c_penalty_sum_1_tango", "rsl_mean_1_tango", "rc_cap_wmean_1v", "rth_mean_2v_tango", "rc_wmean_2v_penalty_removed", "rth_wmean_1v_tango", "rc_cap_sum_1", "rth_mean_1_penalty_removed", "first_is_not_closest", "c_penalty_ell_mean_1_tango", "rsl_wmean_1v_tango", "rc_sum_1_penalty_removed_tango", "tango_sigma", "rth_cap_norm_2v", "rc_norm_2", "rth_cap_wmean_2v", "rsl_norm_2v", "rc_wmean_1v", "rth_norm_2", "rth_sum_2", "rsl_wmean_2v", "rc_mean_1_penalty_removed", "first_is_not_largest", "rth_cap_mean_2", "tango_v_sigma", "rsl_norm_2_tango", "rth_wmean_2v", "rth_cap_sum_1v_tango", "distances_sum"]}