{"model": "linear", "weights": [3.2720663408766106, 4.148945147185929, 1.8508140204190493, 3.82268550074357, 0.8472775669136995, -5.907413432225448, 2.007314559829613, -2.3035358557435153, 0.016767488374059215, 12.392792452118252, 3.69470652985451, 0.7372805253537826, 0.14752513800241152, 3.8445385532029235, 0.13805034923297047, -2.361689593866734, 0.06063845634152275, -0.8019143311630241, -0.7956352500516174, -0.049516778696519013, 0.3377956895990634, -1.3805053911550267], "scale": [2.3616681510432023, 3.737708991950296, 0.4235973599444964, 1.1976369516195147, 1.7329180221000564, 0.12232437491732263, 0.6084299906471051, 2.408311267020082, 0.42992406377658965, 0.21409776147376652, 0.048318954857064764, 0.4238674140321679, 0.17451250826225634, 0.5538487286351177, 1.7329180221000564, 0.0034174643238435395, 0.0022102100760266314, 0.001393849090593702, 0.0012230592595502336, 2.408311267020082, 0.42992406377658965, 0.047594898481148146], "bias": null, "scaled_weights": [1.3854894640600819, 1.1100235882786194, 4.369276571179669, 3.1918566770792363, 0.4889311300986509, -48.293019573721004, 3.299170965742012, -0.9564942402955203, 0.039001046433103245, 57.88380208560352, 76.46495129673326, 1.7394130828321457, 0.8453556680344748, 6.941495672793631, 0.07966351983902423, -691.0648861465213, 27.435607591896662, -575.3236391046131, -650.5287816914148, -0.02056078853867942, 0.785710124322325, -29.00532273856684], "columns": ["rlg_norm_2v", "rc_mean_1", "rc_mean_1_penalty_removed", "rth_mean_1", "ge_distances_mean", "cross_compt_max", "-log_p_compt_mean", "final_r", "first_is_not_largest", "rsg_mean_1_first_tango", "rlg_wmean_1v_tango", "rc_mean_1_penalty_removed_tango", "rc_cap_norm_2_tango", "rth_mean_1_penalty_removed_tango", "ge_distances_mean_tango", "klein-nishina_rel_geo_min_tango", "klein-nishina_sum_min_tango", "klein-nishina_geo_mean_tango", "klein-nishina_geo_min_tango", "final_r_tango", "first_is_not_largest_tango", "escape_probability_tango"]}