{"model": "linear", "weights": [6.384502211936524, 10.594923360307847, 0.009290139905058547, -0.004677975221513483, 0.22252073569334846, 0.008038797859555408], "scale": [155383.850037125, 53502.88413678559, 2.703992927097108, 0.7869990139718835, 4110.831970396861, 1.601432716260378], "bias": null, "scaled_weights": [4.1088582953834074e-05, 0.0001980252752958297, 0.003435711614464926, -0.005944067449213613, 5.4130340839950764e-05, 0.005019753735472189], "columns": ["rsg_sum_2v", "rsg_sum_2v_first", "cross_compt_ge_dist_sum_nonfinal", "-log_p_compt_sum_nonfinal", "cross_abs_ge_dist_final", "-log_p_abs_final"]}