{"model": "linear", "weights": [0.66706594825523, -0.6823178337898017, 1.034425831971665, 5.18500982274034, 0.9505882540115834, -1.192142432580341, 4.359065017645293, 1.963755560413065, -0.5635398555797814, -1.236951512405044, -3.8058473143150438, -1.1274554576471132, 2.186742055225875, 1.5075788895160207, 1.0608666641319746, -1.3217202306975029, 4.302501670897831, 2.618742067667005, 3.3720310564396296, -1.3806726545927999, 3.6957226613897, 1.9372941394272987, 0.08019728064291647, -2.1491813193723828, -0.19606673606828273, -0.6994955549102703, 0.571392279856262, -0.5532776855846265, 2.115327542251689, 1.308883178851759, 3.724843850894305, -1.4261374362194814, -7.7692339884908375, 1.1147212770229449, -0.11162969900635583, 3.0445582010393224, -0.7905171418638754, 0.9517387786016316, -0.5978334819009686, 1.9189331989525298], "scale": [24.939169433900044, 229.96953846920044, 0.17451250826225634, 2.9640706279447318, 0.7710363002491839, 0.5211129002610803, 24.362502108964613, 40.20285830429307, 0.6006366548505075, 294.62281748766827, 2.8263429953457044, 0.5457937966516953, 3.26053824141153, 13.973363326582698, 887.0601153654164, 2.8240662861582497, 1.3489986976977582, 0.6434928479912737, 4.979657197203491, 0.21719403031199278, 7.597408949214924, 1.1976369516195147, 0.5893559489137365, 1884.7541411094687, 1.2176681725039065, 1.2004084842626195, 1.333418967849009, 1.5608084364073767, 0.5532506452051402, 591.2199307556597, 24.36621967061161, 2.0300590195458823, 4.1406037639947915, 2.5825886301091328, 0.3979341355844085, 4.337194179849161, 0.6287701388537806, 25.37585494580248, 0.5487734901001236, 13.70100738048018], "bias": null, "columns": ["rth_sum_2_tango", "c_penalty_ell_mean_2", "rc_cap_norm_2_tango", "rc_mean_1_tango", "rc_mean_2_penalty_removed_tango", "rth_cap_mean_1_tango", "rth_sum_1v_penalty_removed", "rth_sum_1v", "rth_norm_2_tango", "rc_wmean_2v", "rc_sum_2_penalty_removed_tango", "rc_wmean_1v_penalty_removed", "rc_wmean_1v_tango", "rth_mean_1v", "rc_mean_1v", "rc_sum_2_penalty_removed", "rth_mean_2_penalty_removed_tango", "rth_wmean_1v_penalty_removed", "rth_cap_sum_2_tango", "rth_cap_norm_2", "rth_mean_1v_penalty_removed_tango", "rth_mean_1", "rth_cap_wmean_1v", "rth_mean_2v_tango", "rc_wmean_2v_penalty_removed", "rth_wmean_1v_tango", "rth_cap_mean_2_tango", "rc_cap_sum_1", "rth_mean_1_penalty_removed", "rth_mean_2v_penalty_removed_tango", "rth_sum_1v_penalty_removed_tango", "rth_cap_sum_1", "rth_cap_norm_2v", "rc_norm_2", "rc_cap_mean_1", "rc_wmean_1v", "rth_norm_2", "rth_sum_2", "rc_wmean_1v_penalty_removed_tango", "rth_mean_1v_tango"]}