{"model": "linear", "weights": [3.9029178177067823, 26.475983126156304, 0.3100904712194588, 3.8668221987495137, 1.3792798169033458, 3.3475935436463495, -1.0665481000864394, 3.2560439680918742, 4.4523227229497895, 1.332426419834157, 1.5460509963775098, 5.477385475526581, 4.962161445258951, 1.6042386905882646, 2.4223488802651176, 3.9511377416275004, 6.701517189020768, 3.451701109323199, 11.412619831303552, 3.4818919685583554, 1.684348183425721, 4.843111283673047, -0.004576041020474252, -0.0017912540052522484, 0.13280126930293093, -0.09379854090345913, 11.78990665668994, 0.7125124486276369, 9.36280128697385, 10.083723434504655, 1.5135380565925913, -0.8148590328937766, -0.978548934613881, 1.9894704844434237, 1.954044545163248, 3.470813341297978, 12.058162488181557, 1.0268234204942748, 2.2767565355868675, -2.453923619174913, 0.4450374173220758, 1.457652252241053, 0.40059881022465726, 2.735480415493125, -2.0546317502173013, -0.19259424793436344, 0.26283931465376764, -0.723004440837107, -1.6874546506037804], "scale": [0.21375083461180985, 0.4658563832822701, 33.6385215388613, 2.3616681510432023, 0.4235973599444964, 4.337194179849161, 0.7608165262998224, 1.1976369516195147, 0.5532506452051402, 1.2603161809186687, 13.973363326582698, 5.3131816655420545, 1.7329180221000564, 0.7192865363769918, 1.1681864888448454, 1.601432716260378, 1.127203775778837, 1.601432716260378, 0.6084299906471051, 2.164621584344692, 0.010574343179804935, 0.009608066564835288, 2.408311267020082, 0.2427239857622152, 0.42992406377658965, 0.42992406377658954, 0.21409776147376652, 0.1975518750113046, 0.5370611863368625, 2.9640706279447318, 0.17451250826225634, 7.554401770805783, 9.00016079759795, 7.597408949214924, 5.3131816655420545, 1.7329180221000564, 0.7189532086956002, 1.1620358667906252, 0.1332182274311604, 0.0034174643238435395, 0.5466373347610649, 0.0022102100760266314, 0.002247852235737195, 1.0779927855001366, 2.408311267020082, 0.2427239857622152, 0.42992406377658965, 0.42992406377658954, 0.047594898481148146], "bias": null, "columns": ["rsg_mean_1_first", "rsg_wmean_1v", "rsl_norm_2v", "rlg_norm_2v", "rc_mean_1_penalty_removed", "rc_wmean_1v", "rc_cap_mean_2", "rth_mean_1", "rth_mean_1_penalty_removed", "rth_wmean_1v", "rth_mean_1v", "distances_mean", "ge_distances_mean", "cross_compt_ge_dist_mean", "cross_compt_dist_min", "-log_p_abs_final", "-log_p_abs_mean", "-log_p_abs_min", "-log_p_compt_mean", "-log_p_compt_max", "klein-nishina_rel_sum_mean", "klein-nishina_rel_sum_min", "final_r", "first_energy_ratio", "first_is_not_largest", "first_is_not_closest", "rsg_mean_1_first_tango", "rsg_norm_2_tango", "rsl_wmean_1v_tango", "rc_mean_1_tango", "rc_cap_norm_2_tango", "rth_mean_2_tango", "rth_wmean_2v_tango", "rth_mean_1v_penalty_removed_tango", "distances_mean_tango", "ge_distances_mean_tango", "cross_compt_ge_dist_mean_tango", "cross_compt_dist_min_tango", "p_compt_mean_tango", "klein-nishina_rel_geo_min_tango", "-log_klein-nishina_rel_geo_mean_tango", "klein-nishina_sum_min_tango", "klein-nishina_geo_max_tango", "-log_klein-nishina_geo_max_tango", "final_r_tango", "first_energy_ratio_tango", "first_is_not_largest_tango", "first_is_not_closest_tango", "escape_probability_tango"]}