{"model": "linear", "weights": [0.08501884907317271, 0.313570661944263, 0.011443458499375742, 1.7152546189064375, 1.3072186919636435, 1.3807929324254657, 0.6209127848868589, -0.10120524368750075, -0.24546422109766988, 2.6048307791532737, 0.4606189157491918, 0.6723300872902472, 5.176555638162208, 1.0971982027910665, 0.44930720224054416, -0.48757233514502096, 0.21791087868703596, 0.40866643913698697, -0.22462306659278783, 0.34336270585694273, 0.8857251969669038, 1.3995065380640266, 2.213238666675511, 0.19480111250806809, 2.0627468635773893, -0.8365794758924738, 1.8252589712360756, 0.12403422262083372], "scale": [0.4235973599444964, 0.4238674140321679, 0.5538487286351177, 5.3131816655420545, 1.1976369516195147, 7.597408949214924, 0.17451250826225634, 0.6006366548505075, 1.3328099433111336, 2.9640706279447318, 0.6985752978261425, 0.6434928479912737, 0.5370611863368625, 3.7724945378172055, 13.973363326582698, 0.21719403031199278, 40.20285830429307, 0.42992406377658965, 9.00016079759795, 0.5487734901001236, 0.5532506452051402, 4.337194179849161, 1.7329180221000564, 0.5457937966516953, 8.678771301320403, 1.5608084364073767, 33.6385215388613, 0.7644269497396028], "bias": null, "scaled_weights": [0.20070674917405684, 0.7397847807202883, 0.02066170401361494, 0.32283003422045536, 1.0914982960369968, 0.18174524257617455, 3.557984416531077, -0.16849661583289438, -0.18417046055933292, 0.8788018593738596, 0.6593690289115091, 1.0448136127526386, 9.638670173635116, 0.29084156167550446, 0.032154549462389596, -2.2448698725496175, 0.0054202832305524475, 0.9505549318340804, -0.024957672606553585, 0.6256911313159393, 1.6009474270716577, 0.3226755547552401, 1.2771744759128145, 0.35691338689285745, 0.23767729232173218, -0.5359911289421834, 0.05426097485073545, 0.16225778364183155], "columns": ["rc_mean_1_penalty_removed", "rc_mean_1_penalty_removed_tango", "rth_mean_1_penalty_removed_tango", "distances_mean", "rth_mean_1", "rth_mean_1v_penalty_removed_tango", "rc_cap_norm_2_tango", "rth_norm_2_tango", "rth_cap_mean_2", "rc_mean_1_tango", "rsl_mean_1_tango", "rth_wmean_1v_penalty_removed", "rsl_wmean_1v_tango", "c_penalty_ell_mean_1", "rth_mean_1v", "rth_cap_norm_2", "rth_sum_1v", "first_is_not_largest", "rth_wmean_2v_tango", "rc_wmean_1v_penalty_removed_tango", "rth_mean_1_penalty_removed", "rc_wmean_1v", "ge_distances_mean", "rc_wmean_1v_penalty_removed", "ge_distances_sum", "rc_cap_sum_1", "rsl_norm_2v", "rc_cap_mean_2_tango"]}