{"model": "linear", "weights": [6.736190779740067, 1.4537281235086146, 0.1777007274792699, 9.73427806286187, 1.7723528376448408, 3.295604709665268, 0.056205873503023335, 1.077329851986942, 2.4664850030585717, -5.335025613734648, 0.11337018935482669, 3.1878832091129423, 0.7654453124636665, 13.952526975363305], "scale": [0.5538487286351177, 0.6084299906471051, 0.6473992353638894, 0.21409776147376652, 4.337194179849161, 1.1976369516195147, 7.473447370602289, 0.6434928479912737, 3.737708991950296, 0.12232437491732263, 0.5532506452051402, 0.5370611863368625, 0.42992406377658965, 1.7329180221000564], "bias": null, "scaled_weights": [12.162510143050183, 2.389310431529648, 0.27448399345017466, 45.466510232778006, 0.40864041685735175, 2.7517560352565598, 0.007520742532303894, 1.6741908715068603, 0.659892198234402, -43.6137574162183, 0.20491650635633704, 5.935791470719682, 1.7804197926018646, 8.05146394545241], "columns": ["rth_mean_1_penalty_removed_tango", "-log_p_compt_mean", "rth_wmean_1v_penalty_removed_tango", "rsg_mean_1_first_tango", "rc_wmean_1v", "rth_mean_1", "rth_norm_2v", "rth_wmean_1v_penalty_removed", "rc_mean_1", "cross_compt_max", "rth_mean_1_penalty_removed", "rsl_wmean_1v_tango", "first_is_not_largest", "ge_distances_mean"]}