{"model": "linear", "weights": [-0.20699429892700102, -0.24921082699118033, 1.0075005773298888, 0.736247124095853, -0.4450112027095572, 1.582423950782235, -0.0016995118875496164, 0.45428651084269955, 0.529340192835089, 0.328443333766792, -0.29552567339633146, 2.0377524872890747, 0.6749152162095703, 0.10772096672143412, 2.397526971554326, 0.713755024841219, 1.398285701391454, 0.08146293688655357, 0.29539891506481963, 2.353290494483384, -0.0028966581514967725, 0.05500165774013037], "scale": [0.7608165262998224, 1.7374066601320535, 5.3131816655420545, 1.1976369516195147, 0.5066134782096677, 0.6434928479912737, 233.22198261665196, 3.7724945378172055, 13.973363326582698, 0.7871009719888403, 2.118218078284036, 7.595329527219522, 0.42992406377658965, 0.42992406377658954, 0.5532506452051402, 2.5825886301091328, 4.337194179849161, 1.7106710466758084, 25.37585494580248, 1.7329180221000564, 9.623400619381812, 0.66646472279015], "bias": null, "scaled_weights": [-0.27206861545674255, -0.14343839741712444, 0.18962283632496554, 0.6147498397575798, -0.8784037966818251, 2.459116609799048, -7.287099905771369e-06, 0.1204207206368954, 0.03788208897625105, 0.41728233791515223, -0.1395161699477781, 0.26829020123305297, 1.5698474988371214, 0.2505581236257839, 4.333527655743348, 0.27637193803143856, 0.3223940740047944, 0.04762045692235985, 0.011640944342396736, 1.3579929716649388, -0.00030100151350478103, 0.0825274854907043], "columns": ["rc_cap_mean_2", "rth_cap_wmean_2v", "distances_mean", "rth_mean_1", "rth_cap_mean_1", "rth_wmean_1v_penalty_removed", "rc_mean_2", "c_penalty_ell_mean_1", "rth_mean_1v", "tango_sigma", "rth_sum_1_penalty_removed", "rth_mean_1v_penalty_removed", "first_is_not_largest", "first_is_not_closest", "rth_mean_1_penalty_removed", "rc_norm_2", "rc_wmean_1v", "tango_v_sigma", "rth_sum_2", "ge_distances_mean", "rth_wmean_2v", "c_penalty_sum_1"]}