{"model": "linear", "weights": [0.3464548348807572, 2.1461751408308527, 1.6708406057754626, 1.7641563147622472, 2.6733032600631, 1.0123620659438997, 1.465697824302168, 12.141545577730572, 4.448302108872701, 0.19509308947841672, 1.1432897540452414, 1.4527626650689418, 10.06748391479081, 2.44172491266228], "scale": [0.4235973599444964, 0.4238674140321679, 0.5538487286351177, 1.1976369516195147, 7.597408949214924, 7.473447370602289, 0.6434928479912737, 0.5370611863368625, 3.7724945378172055, 1.2603161809186687, 0.42992406377658965, 4.337194179849161, 1.7329180221000564, 0.6473992353638894], "bias": null, "scaled_weights": [0.8178871438815221, 5.063317135928681, 3.016781513416153, 1.473030965165739, 0.3518703913311584, 0.13546118889204312, 2.2777220117946735, 22.607378612750825, 1.1791407686030801, 0.15479694098365826, 2.6592829998912384, 0.3349544901214144, 5.809555781865789, 3.771590665055139], "columns": ["rc_mean_1_penalty_removed", "rc_mean_1_penalty_removed_tango", "rth_mean_1_penalty_removed_tango", "rth_mean_1", "rth_mean_1v_penalty_removed_tango", "rth_norm_2v", "rth_wmean_1v_penalty_removed", "rsl_wmean_1v_tango", "c_penalty_ell_mean_1", "rth_wmean_1v", "first_is_not_largest", "rc_wmean_1v", "ge_distances_mean", "rth_wmean_1v_penalty_removed_tango"]}