{"model": "linear", "weights": [6.436191949104609e-10, 1.7808916987321286e-10, 1.978037408646254e-24, 3.4669765241670693e-09, -1.800059604918672e-07, -0.6785130620037539, -2.325625003016058e-10, 5.4880632989252, -1.5734348663419215, 1.0865335729278647, -0.4332938875523035, -0.29386940175430804, 2.6129537677722463, 1.366311567309197e-10, 32.48467299617385, 5.5027724094796446e-08, 1.3707134261490137e-10, 6.421878814073561e-10, -1.2541763310386528e-25, -0.8665055442614544, -5.480170023361263, 1.7489076035934639, 1.608106468144085, -0.5163144634015026, 0.22397422741974632, 3.3933035932556083e-09, -0.45261049487134575, 1.9128116625265448, 8.337753063089278e-10, 1.4395283805624268, 5.502772293772982e-08, 0.29860252718586217, -0.5137404191038771, 8.456011507542794, -3.099942852839648e-10, 1.7709282624764209e-09, 10.90150047186712, 0.05513208416839963, 8.822106072417814e-08, 2.0161719067263646, -8.661608645357123e-09, -0.1583882546716287, -6.57927996559793e-10, 1.7683700966231385e-10, 3.323362516414442e-07, -2.5342835259305655e-10, -0.16326164695041484, -0.03172528183855478, 3.809033006549879, 2.36870391041624, 1.880608547787839e-10, 0.018038709676393573, -2.989371255521913e-10, -0.10990888707514487, 1.3197878489293486, 0.26282495039646336, -6.883693897135404e-11, -5.291898179230646e-07, -6.459530732743663e-11, -1.7678889589840477e-10, -0.01292057067407172, 6.330180734548427e-10, 1.6694748564322042e-10, -0.06120271140311237, -3.1055691430106718, -2.72462918833466, -0.02073773504266215, 0.32695360925161976, 1.6836630021383991, 6.993332928758982, -0.8192049313542384, 1.3497265203197708e-10, 5.024184737701468e-10, 0.026786381052962712, 1.78361865991679e-09, -0.02070257119545125, 3.721524150903378, 3.74372028781655e-24, 5.20517463999811e-08, -0.1613077770146328, 0.19908043599060352, 1.8730646533222253e-10, -10.396909437232475, 8.20636033299094e-09, 1.2780782785914102, -3.942469887221053e-24, -0.06359799078096617, 1.554742413636648e-10, -3.960169659325099, 9.272832004649536e-11, -0.5275302705948559, 9.830543368501448e-11, 1.5212778961662954e-11, -1.0998279971762308, 8.059562126738141e-11, 1.5054674794445301e-09, -1.727707145670935e-10, -4.407392261438206e-12, 5.695472106815156e-12, 5.695471512809715e-12, 0.055007797103900996, -2.077133323017892e-10, -0.08438450507083912, -6.772407790107606e-11], "scale": [2279.4260227014133, 238.27417713172204, 0.39248741072373394, 10167.71999916096, 899.6286752819528, 10.077907951487141, 0.07636650353370997, 1.7329180221000564, 0.3998970272255298, 0.36723169067093364, 2.164621584344692, 1.1681864888448454, 841.4849764931672, 4123.577734449815, 64.04918323177633, 868.5048888508767, 4123.263963202542, 2279.705619879433, 0.37644606025452726, 0.14601883105541327, 1.5283808388405522, 1.8466765957072728, 1.2611234295686164, 899.5732515964763, 9.042306375338375, 10169.046489361092, 0.6349777491789669, 0.6084299906471051, 0.8483633223693582, 199.5796602185848, 868.5048888508767, 0.2261573231269946, 1.948750417011882, 0.42363632227642195, 8.678771301320403, 871.8361771041352, 1.127203775778837, 868.4800892234279, 10140.539943522452, 0.09108687608333699, 23379.244046614956, 8.708497176862368, 0.41524305767843556, 4110.848512554627, 199.57784037656205, 85.07289438663827, 0.12232437491732263, 0.4054090912781989, 5.3131816655420545, 0.48044382949640846, 0.08060055641253036, 0.36723169067093364, 47827.30742610575, 0.22351434936122025, 1.261123429568616, 0.19622567410861258, 4.327960860341336, 0.7869990139718835, 155383.850037125, 2.43107446391819, 0.42992406377658965, 35.96140016475422, 4110.831970396861, 0.42992406377658954, 0.7475731653346568, 0.8662048025870851, 1.601432716260378, 0.21375083461180985, 0.7192865363769918, 0.088015715360907, 2.703992927097108, 0.14191435089513352, 0.04801670574719098, 0.7074632003475282, 871.8586365301849, 1.601432716260378, 0.4658563832822701, 0.047970882542836234, 214.3195371648319, 0.7871009719888403, 2.2140630440843605, 4110.816211922031, 33.00520700474345, 10140.214462295236, 10140.49932626295, 0.992565385308932, 1.4662094072160536, 5.720865135808337, 3.477627568708073, 22.71963640955836, 2.5177842244844952, 0.9386358757472293, 0.08199323041843305, 1.7106710466758084, 0.09859629005797582, 2.656477160739345, 53502.88413678559, 7.303358237366297, 0.6364397517941597, 0.6364397517941597, 0.4885169611233239, 0.35912053623971346, 2.644232767414133, 0.0765136846367669], "bias": null, "scaled_weights": [2.82360203182944e-13, 7.474127998971627e-13, 5.0397474023404155e-24, 3.4097875673731815e-13, -2.0008917616532344e-10, -0.06732677707218288, -3.045346972039217e-09, 3.16694917413025, -3.9346000575656994, 2.958714077597072, -0.20017073223608134, -0.25156034979046804, 0.003105169837566866, 3.3134129033013035e-14, 0.507183251324545, 6.335914144087768e-11, 3.324340712556224e-14, 2.816977226389956e-13, -3.3316229427149907e-25, -5.9342040885988245, -3.585605029907719, 0.9470567871271669, 1.275138047902384, -0.0005739548863699506, 0.02476959064676294, 3.336894562145723e-13, -0.7127974097621154, 3.143848416302004, 9.828045182107966e-10, 0.007212801038872489, 6.335914010862654e-11, 1.3203310114268874, -0.26362555954785705, 19.96054413395002, -3.571868350037081e-11, 2.031262648859884e-12, 9.671277462085126, 6.348111471121612e-05, 8.69983859000839e-12, 22.134603725807146, -3.7048283631785023e-13, -0.018187782743094977, -1.5844406893595624e-09, 4.301715549046615e-14, 1.665196151107731e-09, -2.9789553349540267e-12, -1.3346616082098204, -0.078254983721577, 0.7169024600180463, 4.930241091656995, 2.3332451182625768e-09, 0.04912078705254654, -6.250344032309488e-15, -0.4917307877067067, 1.046517587402844, 1.3394014396453928, -1.5905166703823896e-11, -6.724148423672238e-07, -4.157144214923445e-16, -7.272047751818845e-11, -0.03005314603833365, 1.7602709309279454e-11, 4.061160535031629e-14, -0.14235702664672525, -4.154200935797957, -3.1454791986803095, -0.012949488812173351, 1.529601556154838, 2.3407403266838838, 79.4555029188019, -0.30296119606854965, 9.510852932112133e-10, 1.0463409889370402e-08, 0.037862578632788815, 2.0457658904604303e-12, -0.012927531069675738, 7.988565327113796, 7.804151371352289e-23, 2.4286981527003023e-10, -0.20493911550768593, 0.08991633572608339, 4.556430053695992e-14, -0.3150081572201093, 8.092886362024174e-13, 0.00012603701627209878, -3.972000178098065e-24, -0.043375789616383685, 2.7176701018612086e-11, -1.1387561149327696, 4.081417430055514e-12, -0.2095216363121289, 1.0473223560388151e-10, 1.8553701182436812e-10, -0.6429219687288369, 8.174305668092603e-10, 5.667157623992263e-10, -3.229185068329915e-15, -6.034747465746086e-13, 8.948957211989506e-12, 8.948956278664019e-12, 0.11260161157437178, -5.783944702152602e-10, -0.03191266143841075, -8.851237294685558e-10],