{"model": "linear", "weights": [0.5770158941066927, 3.221920633255595, 1.1559487232284689, 0.8328047942233026, 1.126518569269307, 2.650717724143617, 1.7202513008489941, 0.083612136249824, 0.8483355420765357, 1.327442013876171, 0.8794828580717643, 5.111136094503294, 0.6870120030313658, 0.18852407639757052, 0.2667509428325463, 0.6377360945248504, 0.0024766168744981215, 6.697497396909249, 0.1235357989109549, 1.1370954871987298, 26.113128047787022, 1.2837836017524245, 2.037258869805207, 1.4654426191470664, 5.318735124500408, 1.5346158032780288, 0.294086763384235, 6.7997652472428625, 0.200794406322711], "scale": [0.7074632003475282, 0.5249672634021163, 0.1965424031359967, 0.09108687608333699, 0.6084299906471051, 2.420221909623704, 1.601432716260378, 10.103315074256233, 0.36723169067093364, 9.042306375338375, 0.09199963182429603, 35.96140016475422, 0.36723169067093364, 1.127203775778837, 0.09859629005797582, 0.12322559836652847, 0.058966902303657226, 0.4658563832822701, 163.0538504885885, 766.6233344965004, 64.04918323177633, 10140.49932626295, 1.601432716260378, 0.21375083461180985, 0.7189532086956002, 1.0853101433917658, 0.8483633223693582, 0.4261549263658497, 2279.4260227014133], "bias": null, "columns": ["cross_compt_ge_dist_mean_nonfinal", "-log_p_compt_mean_tango", "-log_p_compt_mean_nonfinal_tango", "cross_compt_mean_nonfinal", "-log_p_compt_mean", "cross_compt_dist_mean_tango", "-log_p_abs_min", "cross_compt_dist_sum_tango", "p_abs_max", "cross_total_dist_min", "p_compt_mean_nonfinal_tango", "rsg_norm_2v", "p_abs_final", "-log_p_abs_mean", "p_compt_mean_nonfinal", "cross_compt_max_tango", "-log_p_compt_min_tango", "rsg_wmean_1v", "cross_abs_mean_tango", "cross_abs_ge_dist_mean_tango", "rsg_mean_1v", "cross_abs_dist_max", "-log_p_abs_final", "rsg_mean_1_first", "cross_compt_ge_dist_mean_tango", "cross_abs_ge_dist_min_tango", "p_compt_sum_nonfinal", "rsg_mean_1_tango", "cross_abs_dist_mean"]}