{"model": "linear", "weights": [7.194276040990422, 1.1946675729710587, 10.096911396642835, 0.8961329316124512, 0.35464897917978483, 4.200738526385093, 2.0542436904823775, 4.428095106434201, 5.026259162925772, 0.15619239819888464, 0.5128398292023661, -1.189459926662803, 0.023800988583494796, -0.2810277281990456, 0.22226136107576527, -1.5098800116374445, 2.8090717867734507, 10.289853294798773, 2.7412381420838963, -0.5427016566883897, -1.436486847687399, 14.560402793601028, -0.16468946403457155, -0.06557799624222688, 6.031219017114985, 3.287848420673489, -0.6425468594905721, 0.10057119784141014, -1.5814164028183206, 0.5533353098184676, 1.8784630003384186, 1.7067274367460281, 18.670795080496426, 10.601646318161766, -1.1494569285192888, -0.7701118793447244, 1.1323064311488449, 3.905865610931908, -0.01647453698299784, 10.855593763266466, 15.813927122163834, 5.790216197009244, -0.5604940879421143], "scale": [0.6084299906471051, 13.973363326582698, 0.21409776147376652, 0.6434928479912737, 2.164621584344692, 0.5532506452051402, 1.601432716260378, 4.337194179849161, 0.7189532086956002, 0.4235973599444964, 1.0853101433917658, 1.3328099433111336, 0.5370611863368625, 0.0407740817417473, 0.5457937966516953, 0.13723654301068527, 1.1620358667906252, 5.3131816655420545, 7.597408949214924, 0.42992406377658954, 0.7608165262998224, 0.46834287931577423, 233.22198261665196, 0.7074632003475282, 1.127203775778837, 1.1976369516195147, 0.7871009719888403, 0.6473992353638894, 1.7374066601320535, 0.42992406377658965, 0.17451250826225634, 0.1332182274311604, 1.7329180221000564, 2.9640706279447318, 9.00016079759795, 0.6006366548505075, 1.2603161809186687, 1.601432716260378, 0.21719403031199278, 0.4658563832822701, 33.6385215388613, 2.4218667523384307, 1.7106710466758084], "bias": null, "columns": ["-log_p_compt_mean", "rth_mean_1v", "rsg_mean_1_first_tango", "rth_wmean_1v_penalty_removed", "-log_p_compt_max", "rth_mean_1_penalty_removed", "-log_p_abs_final", "rc_wmean_1v", "cross_compt_ge_dist_mean_tango", "rc_mean_1_penalty_removed", "cross_abs_ge_dist_min_tango", "rth_cap_mean_2", "rsl_wmean_1v_tango", "p_abs_min_tango", "rc_wmean_1v_penalty_removed", "p_abs_mean_tango", "cross_compt_dist_min_tango", "distances_mean", "rth_mean_1v_penalty_removed_tango", "first_is_not_closest", "rc_cap_mean_2", "rsg_wmean_1v_tango", "rc_mean_2", "cross_compt_ge_dist_mean_nonfinal", "-log_p_abs_mean", "rth_mean_1", "tango_sigma", "rth_wmean_1v_penalty_removed_tango", "rth_cap_wmean_2v", "first_is_not_largest", "rc_cap_norm_2_tango", "p_compt_mean_tango", "ge_distances_mean", "rc_mean_1_tango", "rth_wmean_2v_tango", "rth_norm_2_tango", "rth_wmean_1v", "-log_p_abs_min", "rth_cap_norm_2", "rsg_wmean_1v", "rsl_norm_2v", "-log_p_compt_sum_tango", "tango_v_sigma"]}