{"model": "linear", "weights": [0.02442327358978203, 0.16827485198314096, 1.7348291214538254, 13.514069704044905, 3.515302376289985, 2.087881964761621, -0.5003876400248783, 0.3453204063229982, 0.5435186810148077, -3.2673962257632625, 1.87952299916754, 0.31440817377508434, 5.934377780923474, 1.5178211427589927, 4.051995529632259, 0.3376364374356123, 10.98719838305029, -0.09329083271341314, 0.028665640541455647, 13.096798801896881, -0.33001716528054503, -4.516763351402704, 52.63474504352601, 1.2361520717827417, -0.323220306280628, 2.988239756165082, 0.9235988382735426, 0.044375058980209485, -2.7127147903745032, 0.25407338980726357, -0.6519600709261444], "scale": [199.57784037656205, 0.7074632003475282, 1.8466765957072728, 1.7329180221000564, 0.09108687608333699, 0.6084299906471051, 1.4662094072160536, 1.601432716260378, 0.2261573231269946, 2.703992927097108, 0.36723169067093364, 9.042306375338375, 5.3131816655420545, 0.36723169067093364, 1.127203775778837, 0.48044382949640846, 0.42363632227642195, 0.4054090912781989, 199.5796602185848, 0.4658563832822701, 0.42992406377658954, 0.7475731653346568, 64.04918323177633, 0.14191435089513352, 0.7871009719888403, 1.601432716260378, 0.21375083461180985, 0.42992406377658965, 1.7106710466758084, 2279.705619879433, 7.303358237366297], "bias": null, "columns": ["cross_abs_mean", "cross_compt_ge_dist_mean_nonfinal", "cross_abs_ge_dist_min", "ge_distances_mean", "cross_compt_mean_nonfinal", "-log_p_compt_mean", "cross_compt_ge_dist_max", "-log_p_abs_min", "-log_p_compt_mean_nonfinal", "cross_compt_ge_dist_sum_nonfinal", "p_abs_max", "cross_total_dist_min", "distances_mean", "p_abs_final", "-log_p_abs_mean", "cross_compt_sum", "rsg_mean_1", "cross_compt_ge_dist_min", "cross_total_mean", "rsg_wmean_1v", "first_is_not_closest", "rsg_mean_2", "rsg_mean_1v", "p_compt_mean", "tango_sigma", "-log_p_abs_final", "rsg_mean_1_first", "first_is_not_largest", "tango_v_sigma", "cross_total_dist_mean", "cross_compt_dist_sum_nonfinal"]}