{"model": "linear", "weights": [0.7225047088257264, 0.9907086807530364], "scale": [4.923794892770277, 11.755027968701482], "bias": null, "scaled_weights": [0.14673736915536365, 0.084279568146572], "columns": ["rth_cap_sum_2", "c_penalty_ell_sum_1"]}