{"model": "linear", "weights": [1.099036945201841, 16.48893580345786, 0.7232433124287264, 2.9089003484681157, 9.110272516376122, 7.743278561412532, 2.544660467257645, 0.5017193602814598, 9.588242240899591, 5.013886926435616, 0.29801748633515346, 8.569433529604733, 3.5384535471372143, 0.8954233013397953, 2.1648615530059434, 0.11685313088019063, 1.0066600475317538, 4.446026705689778, 8.129493754415257, 0.3260865459795453, 2.254431023952078, 2.3301977558141522, 6.827310727167499], "scale": [1.7329180221000564, 2.9640706279447318, 1.2603161809186687, 3.26053824141153, 8.678771301320403, 0.5538487286351177, 13.973363326582698, 887.0601153654164, 1.3489986976977582, 0.6434928479912737, 3.7724945378172055, 7.597408949214924, 1.1976369516195147, 0.6030619551577623, 0.5532506452051402, 0.42992406377658954, 0.7871009719888403, 2.5825886301091328, 4.337194179849161, 0.4235973599444964, 0.42992406377658965, 1.7106710466758084, 22.71963640955836], "bias": null, "columns": ["ge_distances_mean", "rc_mean_1_tango", "rth_wmean_1v", "rc_wmean_1v_tango", "ge_distances_sum", "rth_mean_1_penalty_removed_tango", "rth_mean_1v", "rc_mean_1v", "rth_mean_2_penalty_removed_tango", "rth_wmean_1v_penalty_removed", "c_penalty_ell_mean_1", "rth_mean_1v_penalty_removed_tango", "rth_mean_1", "rth_cap_wmean_1v_tango", "rth_mean_1_penalty_removed", "first_is_not_closest", "tango_sigma", "rc_norm_2", "rc_wmean_1v", "rc_mean_1_penalty_removed", "first_is_not_largest", "tango_v_sigma", "distances_sum"]}