{"model": "linear", "weights": [0.6282751938797227, 3.9360234247274177, 4.419652194557722, 1.7032977901320465, 0.6077244940926346, 3.4308800450136903, 2.984887816231048, 0.8726263006927686, 13.542635265997562, 1.7524476809327056, 7.184346728492347], "scale": [0.09199963182429603, 2.164621584344692, 0.4261549263658497, 1.601432716260378, 1.601432716260378, 0.21409776147376652, 0.6084299906471051, 1.1620358667906252, 0.46834287931577423, 33.00520700474345, 0.7189532086956002], "bias": null, "scaled_weights": [6.829105523809309, 1.8183425006911738, 10.370998716939612, 1.0636087128965, 0.37948799716779624, 16.02482913131288, 4.9058854134662635, 0.7509460986801002, 28.916069538161192, 0.05309609725158964, 9.992787627343562], "columns": ["p_compt_mean_nonfinal_tango", "-log_p_compt_max", "rsg_mean_1_tango", "-log_p_abs_min", "-log_p_abs_final", "rsg_mean_1_first_tango", "-log_p_compt_mean", "cross_compt_dist_min_tango", "rsg_wmean_1v_tango", "rsg_mean_1v_first", "cross_compt_ge_dist_mean_tango"]}