{"model": "linear", "weights": [0.17253105978545735, 1.9740407357334173, 0.8722113601737839, 1.1023862518469325, 0.045444716801812814, 7.012712544697114, 0.10876269931814514, 0.4552877882444449, 0.1203107746220417, 1.8133524958887421, 0.23314388151125875, 0.32854023790053694, 0.14467336828044958, 0.800351611516863, 1.076138557891945, 1.6473589982852448, 0.4018451885786017, 4.409200052338742, 6.06137110525935, 7.584964370119869, 1.4823036591660241, 0.4257519959388468, 1.6517149827874846, 3.1565463371743356, 1.508316989147456, 0.13745663880171083, 0.13113871351374953, 0.08057178752405206, 3.8052934076653466, 2.828846151169809, 2.3995904500518885, 0.21537641567932025, 2.2497833265055327], "scale": [1.3475951441098866, 13.973363326582698, 1.1976369516195147, 3.977608728955865, 1.2068847869736086, 1.3489986976977582, 0.6006366548505075, 0.4238674140321679, 1.6097439548761938, 592.1601781106464, 11.755027968701482, 0.543664319034312, 0.4235973599444964, 0.17451250826225634, 887.0601153654164, 0.5532506452051402, 0.7644269497396028, 7.597408949214924, 2.9640706279447318, 24.362502108964613, 0.5893559489137365, 0.7608165262998224, 2.5825886301091328, 3.26053824141153, 0.6434928479912737, 1.333418967849009, 0.5511591954241813, 200.82964186738758, 24.36621967061161, 4.337194179849161, 40.20285830429307, 1.3328099433111336, 13.70100738048018], "bias": null, "scaled_weights": [0.128028852389059, 0.1412716959830304, 0.7282769281578434, 0.2771479868851536, 0.037654560975758304, 5.198457609088297, 0.18107902413184404, 1.0741278361395634, 0.07473907527815184, 0.0030622668712280638, 0.019833545452381682, 0.6043071549814214, 0.3415351037584512, 4.586213443875893, 0.0012131517799654867, 2.977599777898893, 0.5256816085768401, 0.5803557609985395, 2.044948270838697, 0.31133765884124226, 2.5151246235795397, 0.5595987747656608, 0.6395579084996157, 0.968105908737272, 2.3439529963010717, 0.10308585832062041, 0.23793255125286078, 0.00040119469802797067, 0.1561708569940768, 0.6522295368542137, 0.059687060852477936, 0.16159574495989665, 0.16420568678116312], "columns": ["rth_mean_2_penalty_removed", "rth_mean_1v", "rth_mean_1", "rth_sum_1", "rc_cap_wmean_2v", "rth_mean_2_penalty_removed_tango", "rth_norm_2_tango", "rc_mean_1_penalty_removed_tango", "rc_sum_1_penalty_removed_tango", "rth_cap_mean_2v", "c_penalty_ell_sum_1", "rc_cap_wmean_1v", "rc_mean_1_penalty_removed", "rc_cap_norm_2_tango", "rc_mean_1v", "rth_mean_1_penalty_removed", "rc_cap_mean_2_tango", "rth_mean_1v_penalty_removed_tango", "rc_mean_1_tango", "rth_sum_1v_penalty_removed", "rth_cap_wmean_1v", "rc_cap_mean_2", "rc_norm_2", "rc_wmean_1v_tango", "rth_wmean_1v_penalty_removed", "rth_cap_mean_2_tango", "rc_cap_wmean_1v_tango", "rc_cap_mean_1v_tango", "rth_sum_1v_penalty_removed_tango", "rc_wmean_1v", "rth_sum_1v", "rth_cap_mean_2", "rth_mean_1v_tango"]}