{"model": "linear", "weights": [2.409311056822827, 0.4380453435013893, 5.503258608047106, 17.316072183276273, 1.8793877139307738, 2.0616380883093246, 14.316235051845805, 1.7137160649791314, 4.91177157224933, 4.555287095539949, 0.17386149010695795, 1.059997651824559, 0.43546561631794195, 11.922797950909926, 4.393039946457751, 0.2240711298518222, 1.7748623246866693, 0.9275327499947845, 5.055827167258239, 35.641734174796774, 5.690287338777794, 2.118220501371775, 0.06017029811642662, 4.376060407427171], "scale": [1.7329180221000564, 13.973363326582698, 1.1976369516195147, 0.5370611863368625, 0.5538487286351177, 0.4238674140321679, 8.678771301320403, 0.5402900929110258, 0.4235973599444964, 5.3131816655420545, 0.5532506452051402, 0.42992406377658965, 7.597408949214924, 2.9640706279447318, 2.5825886301091328, 0.5457937966516953, 3.26053824141153, 0.6434928479912737, 22.71963640955836, 33.6385215388613, 4.337194179849161, 40.20285830429307, 1.2603161809186687, 0.6985752978261425], "bias": null, "scaled_weights": [1.3903202725672368, 0.03134859756119409, 4.595097538202439, 32.242270757609845, 3.393323152627362, 4.86387492894857, 1.6495693404972787, 3.1718443248622434, 11.595378150829163, 0.8573557958845391, 0.3142544732912001, 2.465546223473054, 0.05731764858635662, 4.02244057159229, 1.7010219495437466, 0.41054173064340604, 0.5443464217485479, 1.4414033549714955, 0.22253116538129133, 1.0595511498215295, 1.3119743093853573, 0.052688306023892344, 0.04774222455238759, 6.264264455162943], "columns": ["ge_distances_mean", "rth_mean_1v", "rth_mean_1", "rsl_wmean_1v_tango", "rth_mean_1_penalty_removed_tango", "rc_mean_1_penalty_removed_tango", "ge_distances_sum", "rsl_wmean_1v", "rc_mean_1_penalty_removed", "distances_mean", "rth_mean_1_penalty_removed", "first_is_not_largest", "rth_mean_1v_penalty_removed_tango", "rc_mean_1_tango", "rc_norm_2", "rc_wmean_1v_penalty_removed", "rc_wmean_1v_tango", "rth_wmean_1v_penalty_removed", "distances_sum", "rsl_norm_2v", "rc_wmean_1v", "rth_sum_1v", "rth_wmean_1v", "rsl_mean_1_tango"]}