{"model": "linear", "weights": [72.79962941968266, 0.4534016827376876], "scale": [155383.850037125, 4110.831970396861], "bias": null, "columns": ["rsg_sum_2v", "cross_abs_ge_dist_final"]}