{"model": "linear", "weights": [0.7225047088257102, 0.9907086807530315], "scale": [4.923794892770277, 11.755027968701482], "bias": null, "columns": ["rth_cap_sum_2", "c_penalty_ell_sum_1"]}