{"model": "linear", "weights": [0.0423749434277013, 8.000464371884174, 0.5188278130737864, 2.9484792671450637, -0.30635729742929385, 1.4399624441108714, 8.430237574487546, 1.4145082838001248, 0.6253250358981883, 3.0429611139625052, -1.2619413438305405, -1.7847591010583832, 1.05307301357933, 1.4335642998264952, -2.7126864534002464, -1.552765208579788, -1.449936900012891, 2.982808149535873, 2.7411051521409, 5.6662591251900505, 76.123950486566, 4.917597449284138, -1.644175549855798, -1.62862789113317, 2.2053505726406324], "scale": [1929.7669813595455, 1.7329180221000564, 13.973363326582698, 1.1976369516195147, 1.2176681725039065, 8.678771301320403, 0.5402900929110258, 0.1696726764555906, 0.543664319034312, 0.4235973599444964, 233.22198261665196, 0.6287701388537806, 0.42992406377658965, 0.66646472279015, 1.7374066601320535, 1.6100771955661388, 0.7608165262998224, 2.5825886301091328, 0.6434928479912737, 22.71963640955836, 33.6385215388613, 4.337194179849161, 1.3328099433111336, 1.7106710466758084, 0.7871009719888403], "bias": null, "scaled_weights": [2.1958580407385567e-05, 4.616758709790969, 0.037129773337159055, 2.461914074342778, -0.2515934179336621, 0.16591777731161012, 15.603168899630045, 8.336688695839323, 1.1502042970355804, 7.183616806207721, -0.005410902221446249, -2.8384921464494446, 2.449439569231836, 2.150998021057871, -1.5613422669820236, -0.9644041992867314, -1.9057642018694796, 1.1549683580113292, 4.2597290097279705, 0.24939919913534372, 2.2629992937895, 1.1338199871547283, -1.2336159090853802, -0.9520403670231834, 2.8018648828093435], "columns": ["rth_mean_2v", "ge_distances_mean", "rth_mean_1v", "rth_mean_1", "rc_wmean_2v_penalty_removed", "ge_distances_sum", "rsl_wmean_1v", "rc_cap_norm_2", "rc_cap_wmean_1v", "rc_mean_1_penalty_removed", "rc_mean_2", "rth_norm_2", "first_is_not_largest", "c_penalty_sum_1", "rth_cap_wmean_2v", "rc_sum_1_penalty_removed", "rc_cap_mean_2", "rc_norm_2", "rth_wmean_1v_penalty_removed", "distances_sum", "rsl_norm_2v", "rc_wmean_1v", "rth_cap_mean_2", "tango_v_sigma", "tango_sigma"]}