{"model": "linear", "weights": [0.8079416503895562, 0.15078213819234046], "scale": [4.923794892770277, 11.755027968701482], "bias": null, "scaled_weights": [0.1640892173587238, 0.012827033554816509], "columns": ["rth_cap_sum_2", "c_penalty_ell_sum_1"]}