{"model": "linear", "weights": [-1.7593783060685226, 3.1382364817522457, 3.4921838297655805, 14.228786382649528, -0.7378087263748455, 0.39277425362636637, -2.468270955475022, 0.41707418131874885, 0.49542105998495056, 11.815273787862846, 1.5574958104344556, 1.198189433049738, 1.708953389558684, -3.366776715500369, 1.612310326081597, 5.041555243011301, 0.782249086492075, 4.583832025672697, 0.34780784112460794, 4.6863932088138665, 1.2257953140265332, -3.263286814685594, 3.6317855029640183, -0.17975334132296947, 15.955849167451227, -1.305853810669065, -2.6144752505243236, 1.457306689900586, -0.848390221318137, 34.78022918848979, 6.145750792114611, 0.7067443882508597, 1.0855569606792814, 0.752369673402996, 0.9092821913968119, -0.25496377620468264, 4.460018836282348], "scale": [233.22198261665196, 0.17451250826225634, 1.7329180221000564, 2.9640706279447318, 9.00016079759795, 40.20285830429307, 0.6006366548505075, 1.2603161809186687, 0.5457937966516953, 8.678771301320403, 0.5402900929110258, 13.973363326582698, 0.6434928479912737, 0.21719403031199278, 3.7724945378172055, 5.3131816655420545, 7.597408949214924, 1.1976369516195147, 0.6490486776966623, 0.6985752978261425, 1.333418967849009, 1.5608084364073767, 0.5532506452051402, 0.42992406377658954, 0.5370611863368625, 1.6097439548761938, 0.7871009719888403, 2.5825886301091328, 1.7374066601320535, 33.6385215388613, 4.337194179849161, 0.4235973599444964, 0.42992406377658965, 0.5487734901001236, 0.66646472279015, 1.3328099433111336, 22.71963640955836], "bias": null, "columns": ["rc_mean_2", "rc_cap_norm_2_tango", "ge_distances_mean", "rc_mean_1_tango", "rth_wmean_2v_tango", "rth_sum_1v", "rth_norm_2_tango", "rth_wmean_1v", "rc_wmean_1v_penalty_removed", "ge_distances_sum", "rsl_wmean_1v", "rth_mean_1v", "rth_wmean_1v_penalty_removed", "rth_cap_norm_2", "c_penalty_ell_mean_1", "distances_mean", "rth_mean_1v_penalty_removed_tango", "rth_mean_1", "c_penalty_sum_1_tango", "rsl_mean_1_tango", "rth_cap_mean_2_tango", "rc_cap_sum_1", "rth_mean_1_penalty_removed", "first_is_not_closest", "rsl_wmean_1v_tango", "rc_sum_1_penalty_removed_tango", "tango_sigma", "rc_norm_2", "rth_cap_wmean_2v", "rsl_norm_2v", "rc_wmean_1v", "rc_mean_1_penalty_removed", "first_is_not_largest", "rc_wmean_1v_penalty_removed_tango", "c_penalty_sum_1", "rth_cap_mean_2", "distances_sum"]}