{"model": "linear", "weights": [1.6027895138012197e-09, 1.0925311283014611e-09, 9.21502877136051e-10, 1.756094934907629e-08, 4.408344051282707e-10, 6.932206000520349e-10, 1.6342595811944838e-09, 3.5462702880571686, 1.1226308004676533e-09, 1.400647107226929e-09, 4.327308987121303e-10, 1.640455601288638e-09, 3.9671510489526194e-10, 4.2057478532381613e-10, 21.843572245734983, 1.4359630468336976e-06, 4.2241252821483664e-10, 1.5944046467115185e-09, 9.215028771360502e-10, 4.818384950379364e-10, 5.86249371406224e-10, 1.6293249865075365, 9.059587747507852e-10, 4.4061764303679836e-10, 1.8810688921222446e-09, 1.5791090139261016e-08, 4.34010717540275e-10, 1.6798370630152866, 0.778997019744418, 0.7332750509702047, 1.4359630468294349e-06, 0.36154080687593365, 9.156107548746851e-10, 3.611135278471928, 1.2160784402169307e-09, 1.1373345130299963e-08, 9.873652016724515, 0.9176103360989405, 1.9823527238351723e-07, 0.8612805516911247, 5.095327917620425e-10, 7.800769196034367e-10, 3.209984119975535e-09, 4.3191799917657114e-10, 2.213259352749766e-06, 5.606899184875964e-10, 4.465981384586448e-10, 6.911582378187384e-10, 2.2147935775149428, 2.424902988832765, 4.847529107965671e-10, 1.4006471113503836e-09, 6.040248853584327e-10, 6.736799104872404e-10, 9.059587749177058e-10, 5.028874984390534e-10, 4.622444650294267e-10, 3.9035584889161304e-10, 7.360743750249318e-10, 4.204504159933021e-10, 8.97635732816581e-10, 3.727090931250781e-09, 4.3021283146261254e-10, 0.00932637566360614, 1.1810494046549597e-09, 5.527546448186715e-10, 0.1627371971258182, 0.04592878518964138, 5.792700079789581e-10, 7.104688936685777, 1.9314272611855223e-09, 0.21021422183428465, 5.417858812942836e-10, 1.6914595428381978e-09, 1.143690802915326e-08, 0.16089692965180785, 3.7091729516776275, 9.215028771360598e-10, 4.267775607467644, 1.8516513954633202e-09, 1.7574101238817249e-09, 4.3418102696082023e-10, 7.196444048911883e-10, 6.175237283887902e-08, 1.0927836313968369, 9.215028771360387e-10, 2.1988592562787783e-09, 9.82150456230288e-10, 2.035819786658495e-09, 4.2474560488010236e-10, 1.6515270108456866e-09, 5.208578728994871e-09, 9.690579028285438e-10, 1.7398333908780669e-09, 0.38546929702347327, 8.704324382911256e-10, 5.430974481391051e-10, 1.7057401802887517e-09, 6.088788704678322e-10, 6.088788704326483e-10, 8.615508750639449e-10, 0.14726983436739186, 4.175607314456712e-10, 7.644247597852795e-10], "scale": [2279.4260227014133, 238.27417713172204, 0.39248741072373394, 10167.71999916096, 899.6286752819528, 10.077907951487141, 0.07636650353370997, 1.7329180221000564, 0.3998970272255298, 0.36723169067093364, 2.164621584344692, 1.1681864888448454, 841.4849764931672, 4123.577734449815, 64.04918323177633, 868.5048888508767, 4123.263963202542, 2279.705619879433, 0.37644606025452726, 0.14601883105541327, 1.5283808388405522, 1.8466765957072728, 1.2611234295686164, 899.5732515964763, 9.042306375338375, 10169.046489361092, 0.6349777491789669, 0.6084299906471051, 0.8483633223693582, 199.5796602185848, 868.5048888508767, 0.2261573231269946, 1.948750417011882, 0.42363632227642195, 8.678771301320403, 871.8361771041352, 1.127203775778837, 868.4800892234279, 10140.539943522452, 0.09108687608333699, 23379.244046614956, 8.708497176862368, 0.41524305767843556, 4110.848512554627, 199.57784037656205, 85.07289438663827, 0.12232437491732263, 0.4054090912781989, 5.3131816655420545, 0.48044382949640846, 0.08060055641253036, 0.36723169067093364, 47827.30742610575, 0.22351434936122025, 1.261123429568616, 0.19622567410861258, 4.327960860341336, 0.7869990139718835, 155383.850037125, 2.43107446391819, 0.42992406377658965, 35.96140016475422, 4110.831970396861, 0.42992406377658954, 0.7475731653346568, 0.8662048025870851, 1.601432716260378, 0.21375083461180985, 0.7192865363769918, 0.088015715360907, 2.703992927097108, 0.14191435089513352, 0.04801670574719098, 0.7074632003475282, 871.8586365301849, 1.601432716260378, 0.4658563832822701, 0.047970882542836234, 214.3195371648319, 0.7871009719888403, 2.2140630440843605, 4110.816211922031, 33.00520700474345, 10140.214462295236, 10140.49932626295, 0.992565385308932, 1.4662094072160536, 5.720865135808337, 3.477627568708073, 22.71963640955836, 2.5177842244844952, 0.9386358757472293, 0.08199323041843305, 1.7106710466758084, 0.09859629005797582, 2.656477160739345, 53502.88413678559, 7.303358237366297, 0.6364397517941597, 0.6364397517941597, 0.4885169611233239, 0.35912053623971346, 2.644232767414133, 0.0765136846367669], "bias": null, "scaled_weights": [7.031548722523171e-13, 4.585184770977055e-12, 2.347853337351203e-09, 1.7271275517545154e-12, 4.900181788782007e-13, 6.878616111489093e-11, 2.1400214826819762e-08, 2.0464154927303375, 2.807299689763694e-09, 3.814069272365741e-09, 1.9991064574140487e-10, 1.4042754448485303e-09, 4.714464499990788e-13, 1.019926899425678e-13, 0.3410437283281056, 1.6533735909461922e-09, 1.0244615236487274e-13, 6.993905848228956e-13, 2.4479015041703252e-09, 3.2998380520871424e-09, 3.8357545220925417e-10, 0.8823012054709606, 7.18374390253522e-10, 4.898074084070779e-13, 2.0802976741117693e-10, 1.552858486366616e-12, 6.83505395427565e-10, 2.7609373121608782, 0.9182351466689885, 0.0036740971007120813, 1.653373590941284e-09, 1.5986252484643926, 4.69845059111591e-10, 8.524139901572624, 1.401210376441092e-10, 1.3045277804457855e-11, 8.759420637943085, 0.0010565703779339877, 1.9548788672751638e-11, 9.455594359204108, 2.179423726216746e-14, 8.957652551992844e-11, 7.730373959584288e-09, 1.0506784617761602e-13, 1.1089704891954958e-08, 6.5906999230492805e-12, 3.650933338187866e-09, 1.7048414865083855e-09, 0.4168488331348987, 5.047214346314947, 6.0142625854280855e-09, 3.814069283594224e-09, 1.262928895363103e-14, 3.0140342774973707e-09, 7.183743903858808e-10, 2.5628017369465163e-09, 1.0680421564463283e-10, 4.96005512029217e-10, 4.737135647295814e-15, 1.7294839061229638e-10, 2.08789367343494e-09, 1.0364142981573071e-10, 1.046534702855003e-13, 0.02169307663702351, 1.5798445682921939e-09, 6.381338953187108e-10, 0.10161975303329486, 0.21487067067154172, 8.053397063383259e-10, 80.7206861587515, 7.142870981023684e-10, 1.4812752939244374, 1.1283278868542092e-08, 2.390879895954022e-09, 1.3117846804465644e-11, 0.1004706148551342, 7.962052436727433, 1.920962943121156e-08, 0.01991314307563721, 2.3524953739856053e-09, 7.937489081791312e-10, 1.0561917745230866e-13, 2.1803965804176364e-11, 6.089848796442652e-12, 0.00010776428223476421, 9.284052121656697e-10, 1.4996897751828193e-09, 1.7167865924381976e-10, 5.854047756513487e-10, 1.8695088126560335e-11, 6.559446178052963e-10, 5.5490940241852845e-09, 1.1818755010422032e-08, 1.0170473126665277e-09, 3.909572021389574, 3.2766419043816236e-10, 1.015080694996967e-14, 2.335555952276371e-10, 9.566952233127616e-10, 9.566952232574793e-10, 1.7636048359157182e-09, 0.4100846916453952, 1.5791375728771988e-10, 9.990693343474831e-09],