{"model": "linear", "weights": [1.6295049688102918, 5.840042364734736, 4.592606453843055, -3.7307850791565573, 2.7621521960686057, -0.8185206561883508, 1.5317889917870893, -5.593089355208329, 1.4141737862062194, -2.2530938891265646, 3.4095752061624918, -0.6857810558776885, 0.019900177299724056, -0.7880023595421809, 1.2279897518828295, 1.6312798454380444, -5.682367523035881, -0.18944169887399687, -0.6353120015049154, 5.679339033882112, -0.5548994325076726, 5.1880254088789295, 5.388485977548247, 4.1852770871923255, 0.7137591649183803, -0.9332658134494553, 9.585439331241064], "scale": [0.66646472279015, 4.337194179849161, 2.5825886301091328, 233.22198261665196, 887.0601153654164, 1.6100771955661388, 0.4235973599444964, 2.8240662861582497, 0.7703065474657396, 0.5457937966516953, 1.1976369516195147, 0.6287701388537806, 25.37585494580248, 9.623400619381812, 40.20285830429307, 13.973363326582698, 0.5066134782096677, 0.5893559489137365, 0.21719403031199278, 4.923794892770277, 1.7374066601320535, 0.5532506452051402, 1.3475951441098866, 0.6434928479912737, 1.828008201640765, 4.1406037639947915, 7.595329527219522], "bias": null, "columns": ["c_penalty_sum_1", "rc_wmean_1v", "rc_norm_2", "rc_mean_2", "rc_mean_1v", "rc_sum_1_penalty_removed", "rc_mean_1_penalty_removed", "rc_sum_2_penalty_removed", "rc_mean_2_penalty_removed", "rc_wmean_1v_penalty_removed", "rth_mean_1", "rth_norm_2", "rth_sum_2", "rth_wmean_2v", "rth_sum_1v", "rth_mean_1v", "rth_cap_mean_1", "rth_cap_wmean_1v", "rth_cap_norm_2", "rth_cap_sum_2", "rth_cap_wmean_2v", "rth_mean_1_penalty_removed", "rth_mean_2_penalty_removed", "rth_wmean_1v_penalty_removed", "rth_wmean_2v_penalty_removed", "rth_cap_norm_2v", "rth_mean_1v_penalty_removed"]}