{"model": "linear", "weights": [6.366172589910977, 6.040926023652557, 3.1038229008753935, 3.6700535915732546, 3.3748720311170426, 0.444908070580686, 3.0462555326665064, 0.45821813272403955, 0.5541509306180852, 5.4961469215890935, 7.997513244948539, 2.400975776692236, 3.542119432509012, 7.257988339794149], "scale": [4.337194179849161, 2.5825886301091328, 887.0601153654164, 0.4235973599444964, 1.1976369516195147, 0.6287701388537806, 40.20285830429307, 13.973363326582698, 0.5893559489137365, 0.5532506452051402, 1.3475951441098866, 0.6434928479912737, 24.362502108964613, 7.595329527219522], "bias": null, "scaled_weights": [1.467808985700608, 2.3390972736518574, 0.003498999500836312, 8.664014317875207, 2.8179424712583754, 0.7075846053881203, 0.07577211325646493, 0.03279225781328772, 0.9402652703166244, 9.934280184257487, 5.934655730917654, 3.7311615570975163, 0.14539226786585385, 0.955585707477676], "columns": ["rc_wmean_1v", "rc_norm_2", "rc_mean_1v", "rc_mean_1_penalty_removed", "rth_mean_1", "rth_norm_2", "rth_sum_1v", "rth_mean_1v", "rth_cap_wmean_1v", "rth_mean_1_penalty_removed", "rth_mean_2_penalty_removed", "rth_wmean_1v_penalty_removed", "rth_sum_1v_penalty_removed", "rth_mean_1v_penalty_removed"]}