{"model": "linear", "weights": [7.264524746621738, 9.594070855939108, 23.814235676961804, 30.545285450734205, 1.0168579364619832, 1.6219412515169807, 1.7698449249103996, 2.1528283119099823, 0.5377635083502549, 1.5479832625831158, 9.575100545500785, 4.71438626768262, 0.32722379267884966, 2.160706221457252, 3.3376233069788777, 0.06555492413129697, 2.6101276395930233, 0.2956664063473765, 0.18888328334020085, 1.0842787544503742, 0.277813204689476], "scale": [0.42363632227642195, 0.4658563832822701, 64.04918323177633, 35.96140016475422, 1.8466765957072728, 0.36723169067093364, 0.36723169067093364, 1.601432716260378, 1.127203775778837, 1.601432716260378, 0.7192865363769918, 2.43107446391819, 0.09108687608333699, 0.7074632003475282, 0.14191435089513352, 0.09859629005797582, 0.6084299906471051, 0.2261573231269946, 199.5796602185848, 2279.705619879433, 9.042306375338375], "bias": null, "columns": ["rsg_mean_1", "rsg_wmean_1v", "rsg_mean_1v", "rsg_norm_2v", "cross_abs_ge_dist_min", "p_abs_final", "p_abs_max", "-log_p_abs_final", "-log_p_abs_mean", "-log_p_abs_min", "cross_compt_ge_dist_mean", "cross_compt_dist_mean", "cross_compt_mean_nonfinal", "cross_compt_ge_dist_mean_nonfinal", "p_compt_mean", "p_compt_mean_nonfinal", "-log_p_compt_mean", "-log_p_compt_mean_nonfinal", "cross_total_mean", "cross_total_dist_mean", "cross_total_dist_min"]}