{"model": "linear", "weights": [-9.961823843300832e-12, -9.51816236208392e-13, 0.23339339785755878, -0.17218046834304654, -2.82526127190885e-12, 0.48815811322925634, -1.0874380198950562, 1.0617111718088417, 0.3680124615184747, 0.29482484555347516], "scale": [238.27417713172204, 841.4849764931672, 0.7871009719888403, 1.7106710466758084, 22.71963640955836, 5.3131816655420545, 8.678771301320403, 1.7329180221000564, 0.42992406377658965, 0.42992406377658954], "bias": null, "scaled_weights": [-4.180823941233785e-14, -1.1311149489263884e-15, 0.29652281748277126, -0.1006508344650067, -1.2435327841427236e-13, 0.09187679698496704, -0.1252986145319455, 0.612672473982465, 0.8559940987851117, 0.6857602781375857], "columns": ["tango_variance", "tango_v_variance", "tango_sigma", "tango_v_sigma", "distances_sum", "distances_mean", "ge_distances_sum", "ge_distances_mean", "first_is_not_largest", "first_is_not_closest"]}