{"model": "linear", "weights": [-0.044180471630752366, 0.29906894268912015, -0.18322605319257454, 0.6953474531591588, -0.1318642743523847, 0.48999407880673673, 0.3935271755169228, 0.3028565579929667], "scale": [841.4849764931672, 0.7871009719888403, 1.7106710466758084, 5.3131816655420545, 8.678771301320403, 1.7329180221000564, 0.42992406377658965, 0.42992406377658954], "bias": null, "scaled_weights": [-5.25029832557101e-05, 0.3799626138606273, -0.10710770697184656, 0.13087213969526845, -0.015193887449519803, 0.28275664085536595, 0.9153411234068989, 0.7044419782707171], "columns": ["tango_v_variance", "tango_sigma", "tango_v_sigma", "distances_mean", "ge_distances_sum", "ge_distances_mean", "first_is_not_largest", "first_is_not_closest"]}