{"model": "linear", "weights": [6.185430314203639e-11, 7.667962637276371e-07, 5.419298706202348e-10, 6.51235462549678e-06, 2.2856245822477993e-11, 0.018697318245708815, 0.9258607155543604, 7.484951467089328e-11, 2.800532961129784e-10, 8.751084334795747e-11, 4.181175280458963e-06, 1.415973162846809e-09, 6.579948260097287e-05, 1.3903052358146397e-11, 7.530245580387989e-05, 3.7515092551149506e-05, 0.0011177910832564713, 6.0769409826221084e-06, 0.0003861525291372615, 0.0506572813070652, 3.40048499844942e-11, 1.106682910797544e-05, 2.9974790548033016e-05, 2.9673309252471056e-05, 3.4692849348990094e-11, 1.1235433345029193e-10, 7.840888031764346e-11, 4.89355926177227e-05, 1.8345166349183925e-10, 1.6300084912193945e-10, 1.5357220944547067e-10, 8.195695743694486e-07, 6.602032611299693e-06, 6.035829253273188e-07, 4.500004500433166e-07, 3.5563890472218786e-12, 7.880490265852067e-07, 1.0406344742064798e-09, 5.481875915119971e-06, 1.0094872561177514e-09, 7.679026723975946e-07, 7.517229994974321e-11, 0.002754991735774308, 5.699215331596436e-06, 1.074805567840878e-05, 9.822402422227662e-06, 6.103247015363365e-07, 1.6957113197772482e-05, 1.5657274443873676e-07, 5.268500573674259e-05, 2.626891604015651e-07, 1.5902353569216796e-05, 1.3330598951351211e-05, 1.4136737649826825e-05, 5.4123359192985715e-05], "scale": [143.3601004509824, 6101112.302332298, 2134.953064058175, 1.7329180221000564, 2.9640706279447318, 304020918.855084, 593823596.2896891, 688.2556848410459, 200.82250330110892, 200.8005382687225, 1.2603161809186687, 623.2785034999596, 3.26053824141153, 220.5670572264869, 8.678771301320403, 0.5538487286351177, 759.0206829420099, 13.973363326582698, 887.0601153654164, 638366286.2120825, 688.1632898444103, 1.3489986976977582, 0.6434928479912737, 3.7724945378172055, 5.3131816655420545, 8.28284233511746, 200.82964186738758, 7.597408949214924, 688.2178717350724, 182.10585878306313, 688.1331106483699, 1.1976369516195147, 238.27417713172204, 21036873.33102735, 21036899.499552067, 143.33932827752028, 21036899.35737111, 530.412602629557, 0.5532506452051402, 2476.5963756571095, 0.42992406377658954, 649.8851714283896, 6101112.27388476, 0.7871009719888403, 0.6473992353638894, 290993301.3966436, 6101106.625306113, 4.337194179849161, 6101106.645181805, 2.165258198484743, 21036873.461330827, 0.42992406377658965, 1.7106710466758084, 0.2206275929590759, 22.71963640955836], "bias": null, "columns": ["rc_cap_norm_2v_tango", "rc_cap_mean_2v_tango", "rc_sum_1v_tango", "ge_distances_mean", "rc_mean_1_tango", "rc_mean_2v", "rc_sum_2v_tango", "rc_cap_sum_1v_tango", "rc_mean_1v_penalty_removed_tango", "rc_mean_1v_penalty_removed", "rth_wmean_1v", "rc_norm_2v", "rc_wmean_1v_tango", "rc_wmean_2v_tango", "ge_distances_sum", "rth_mean_1_penalty_removed_tango", "rc_mean_1v_tango", "rth_mean_1v", "rc_mean_1v", "rc_sum_2v", "rc_cap_sum_1v", "rth_mean_2_penalty_removed_tango", "rth_wmean_1v_penalty_removed", "c_penalty_ell_mean_1", "distances_mean", "rth_mean_2", "rc_cap_mean_1v_tango", "rth_mean_1v_penalty_removed_tango", "rc_sum_1v_penalty_removed_tango", "rc_mean_2_tango", "rc_sum_1v_penalty_removed", "rth_mean_1", "tango_variance", "rc_sum_2v_penalty_removed", "rc_cap_sum_2v_tango", "rc_cap_norm_2v", "rc_sum_2v_penalty_removed_tango", "rc_norm_2v_tango", "rth_mean_1_penalty_removed", "rc_sum_1v", "first_is_not_closest", "rc_sum_2_tango", "rc_mean_2v_penalty_removed_tango", "tango_sigma", "rth_wmean_1v_penalty_removed_tango", "rc_mean_2v_tango", "rc_mean_2v_penalty_removed", "rc_wmean_1v", "rc_cap_mean_2v", "rc_norm_2_tango", "rc_cap_sum_2v", "first_is_not_largest", "tango_v_sigma", "c_penalty_mean_1", "distances_sum"]}