{"model": "linear", "weights": [7.310847872381136, 0.4552134041536947, 3.009633831233382, 2.117899614709874, 9.569495770521133, 0.8219820945062133, 0.6026220851012257, 2.3250079213995662, 4.194680526670575, 0.44938891862521196, 1.0252488127483705, 4.156629810157294, 0.8067928769156406, 6.78709484468224, 72.275406354341, 4.248387631917991, 2.1889391208892963], "scale": [1.7329180221000564, 13.973363326582698, 1.1976369516195147, 8.678771301320403, 0.5402900929110258, 0.1696726764555906, 0.543664319034312, 0.4235973599444964, 0.5532506452051402, 0.6287701388537806, 0.42992406377658965, 2.5825886301091328, 0.6434928479912737, 22.71963640955836, 33.6385215388613, 4.337194179849161, 0.7871009719888403], "bias": null, "scaled_weights": [4.218807686887232, 0.03257722521876349, 2.5129767640882985, 0.24403219547767704, 17.711773538103767, 4.844516581438824, 1.1084451636841606, 5.488721463477039, 7.581880948580233, 0.7147109744181356, 2.384720696353349, 1.6094819599595491, 1.2537713191904525, 0.2987325466980998, 2.1485904566538094, 0.9795244242594049, 2.7810143790806188], "columns": ["ge_distances_mean", "rth_mean_1v", "rth_mean_1", "ge_distances_sum", "rsl_wmean_1v", "rc_cap_norm_2", "rc_cap_wmean_1v", "rc_mean_1_penalty_removed", "rth_mean_1_penalty_removed", "rth_norm_2", "first_is_not_largest", "rc_norm_2", "rth_wmean_1v_penalty_removed", "distances_sum", "rsl_norm_2v", "rc_wmean_1v", "tango_sigma"]}