{"model": "linear", "weights": [3.0360823671345653e-06, 5.545543297963479e-05, 2.986963920454646e-11, 1.204681993855188e-05, 1.222416034600855e-07, 1.1194977764044125e-07, 1.1870392896499066e-07, 0.9245051469016212, 6.527559727141458e-06, 2.340442302958041e-11, 1.627432901548883e-05, 8.511681195633443e-06, 2.2653110375371447e-11, 6.493086334251271e-08, 0.00028876637285077584, 1.777077684196357e-09, 3.7305702441212995e-07, 4.41748273424277e-05, 5.981963994018656e-05, 1.839789470029345e-05, 1.5520807930409132e-05, 2.017702512513078e-06, 1.211340874703143e-11, 4.71127991360521e-09, 3.0127775962376915e-05, 0.07485328675412749, 4.934536352168239e-05, 1.7697007696163294e-05, 7.817344145168322e-11, 4.214010285897148e-06, 8.841206454414829e-06], "scale": [238.27417713172204, 1.7329180221000564, 200.8005382687225, 13.973363326582698, 304020918.855084, 1.1976369516195147, 6101106.625306113, 638366286.2120825, 8.678771301320403, 592.1601781106464, 3.7724945378172055, 11.755027968701482, 5.3131816655420545, 6101106.645181805, 887.0601153654164, 2476.5963756571095, 21036873.461330827, 0.5532506452051402, 7.595329527219522, 0.2206275929590759, 0.42992406377658965, 0.42992406377658954, 688.1632898444103, 623.2785034999596, 0.6434928479912737, 21036873.33102735, 22.71963640955836, 4.337194179849161, 688.1331106483699, 1.7106710466758084, 0.7871009719888403], "bias": null, "scaled_weights": [1.2741969791616013e-08, 3.2001186595330395e-05, 1.487527845397169e-13, 8.621274389705597e-07, 4.0208286956185984e-16, 9.347555408093931e-08, 1.9456130871837513e-14, 1.448236172350862e-09, 7.521294778384521e-07, 3.952380436025748e-14, 4.313943692256553e-06, 7.24088553280889e-07, 4.263567820819159e-12, 1.0642473098514058e-14, 3.255319091106031e-07, 7.175483666468861e-13, 1.773348235886236e-14, 7.984595720814403e-05, 7.875845244871841e-06, 8.338891094055523e-05, 3.610127750019253e-05, 4.6931602171530904e-06, 1.7602520979824718e-14, 7.55886796536296e-12, 4.681913102286021e-05, 3.558194489089124e-09, 2.1719257576200625e-06, 4.080289459573784e-06, 1.1360220899416824e-13, 2.4633668139095776e-06, 1.1232620424892807e-05], "columns": ["tango_variance", "ge_distances_mean", "rc_mean_1v_penalty_removed", "rth_mean_1v", "rc_mean_2v", "rth_mean_1", "rc_mean_2v_penalty_removed", "rc_sum_2v", "ge_distances_sum", "rth_cap_mean_2v", "c_penalty_ell_mean_1", "c_penalty_ell_sum_1", "distances_mean", "rc_cap_mean_2v", "rc_mean_1v", "rc_sum_1v", "rc_cap_sum_2v", "rth_mean_1_penalty_removed", "rth_mean_1v_penalty_removed", "c_penalty_mean_1", "first_is_not_largest", "first_is_not_closest", "rc_cap_sum_1v", "rc_norm_2v", "rth_wmean_1v_penalty_removed", "rc_sum_2v_penalty_removed", "distances_sum", "rc_wmean_1v", "rc_sum_1v_penalty_removed", "tango_v_sigma", "tango_sigma"]}