{"model": "linear", "weights": [2.6999730705511333, 3.044113213229758, 1.0543775566003144, 0.825767867265682, 1.7245563030673852, 0.43217123612050623, 0.8781353356820639, 4.394551923017611, 3.5995445589915236, 1.2194176849415106, 5.027597079140232], "scale": [3.7724945378172055, 4.337194179849161, 0.4235973599444964, 0.7703065474657396, 0.6287701388537806, 13.973363326582698, 7.473447370602289, 0.5532506452051402, 1.3475951441098866, 0.6434928479912737, 7.595329527219522], "bias": null, "scaled_weights": [0.7156996633090843, 0.7018623301149101, 2.4891032293932818, 1.0719990242617132, 2.7427452362975964, 0.0309282186414169, 0.11750070511452529, 7.943148301956614, 2.6710875107590972, 1.8949980388252068, 0.6619327128760827], "columns": ["c_penalty_ell_mean_1", "rc_wmean_1v", "rc_mean_1_penalty_removed", "rc_mean_2_penalty_removed", "rth_norm_2", "rth_mean_1v", "rth_norm_2v", "rth_mean_1_penalty_removed", "rth_mean_2_penalty_removed", "rth_wmean_1v_penalty_removed", "rth_mean_1v_penalty_removed"]}