{"model": "linear", "weights": [-0.41734408890549857, -0.9636428150153078, 4.462006947280891, 1.7654090903525246, -0.4304778805314322, 0.6750332053021135, 4.063849674451799, -1.535785818436777, -0.9398464920284425, 1.4488698652248357, -1.363856954385381, 2.008864045932682, 3.318063189538214, -5.092058004550526, 0.8524100349072451, 0.6129647726647527, 1.9318183347625493, 0.2106320154986345, 1.1414017246533898, 28.49148715506173, 1.4664544910642978, 0.613599538693981, 2.2141583966645446, -0.4215787111351599, 15.472143035732135, 5.5399948460312505, -0.20983323308458196, 3.205324173452197, -0.25587901310896244, 1.5902774420312051, 5.343457894814407, 5.022481302607355, 12.533553980589277, 0.5082397650518653, -1.2530406357190955, -1.0108336764110875, 8.922428315294422], "scale": [0.4885169611233239, 0.0407740817417473, 0.5249672634021163, 0.1332182274311604, 2.1141216087222126, 1.9936171909616018, 0.6084299906471051, 1.6056431289339848, 4.315621997568646, 2.420221909623704, 1.4662094072160536, 1.601432716260378, 10.103315074256233, 0.13723654301068527, 1.1620358667906252, 0.36723169067093364, 9.042306375338375, 0.09199963182429603, 0.21409776147376652, 35.96140016475422, 2.164621584344692, 0.36723169067093364, 1.127203775778837, 0.4054090912781989, 0.4658563832822701, 64.04918323177633, 2.450009951910144, 0.08972618057006633, 0.703109635127457, 1.601432716260378, 0.46834287931577423, 2.4218667523384307, 0.7189532086956002, 1.0853101433917658, 2.70346959846681, 1.6056431289339848, 0.4261549263658497], "bias": null, "columns": ["cross_compt_ge_dist_min_nonfinal", "p_abs_min_tango", "-log_p_compt_mean_tango", "p_compt_mean_tango", "cross_compt_dist_min_nonfinal_tango", "-log_p_compt_max_tango", "-log_p_compt_mean", "-log_p_abs_min_tango", "cross_compt_dist_max_tango", "cross_compt_dist_mean_tango", "cross_compt_ge_dist_max", "-log_p_abs_min", "cross_compt_dist_sum_tango", "p_abs_mean_tango", "cross_compt_dist_min_tango", "p_abs_max", "cross_total_dist_min", "p_compt_mean_nonfinal_tango", "rsg_mean_1_first_tango", "rsg_norm_2v", "-log_p_compt_max", "p_abs_final", "-log_p_abs_mean", "cross_compt_ge_dist_min", "rsg_wmean_1v", "rsg_mean_1v", "cross_compt_dist_mean_nonfinal_tango", "cross_compt_mean_nonfinal_tango", "cross_compt_ge_dist_mean_nonfinal_tango", "-log_p_abs_final", "rsg_wmean_1v_tango", "-log_p_compt_sum_tango", "cross_compt_ge_dist_mean_tango", "cross_abs_ge_dist_min_tango", "cross_compt_ge_dist_sum_nonfinal_tango", "-log_p_abs_final_tango", "rsg_mean_1_tango"]}