{"model": "linear", "weights": [11.405830089857275, 6.477938352032426, 0.026704330364631663, 0.9447788700671373, 0.2384206752685112, 0.20383786810695184, 1.5524880661836014, 0.20828861175277752, 2.284299832508949, 0.1315671365941261, 3.5612963985148025, 0.8267034921978708, 1.426814467402849, 3.2124740059393972, 0.07366311107501963, 3.2346171982904215, 0.9679319814755012, 0.9911999096741605, 3.7447203262766022, 0.022230842054719407, 4.128322218708819, 0.3595114660862293, 0.261527488137093, 1.4197939887978779, 2.5137640089774154, 1.412947233138819, 0.0023782093644341465, 1.3375172675586244, 1.9600395651912164, 7.935779830758012, 3.8069124228457456, 0.011098851776679157, 7.62918245647601, 2.1842904023765763, 0.22955200178994908, 1.418994996448439, 0.488210788159665, 1.6545152297667935, 0.20405643334927076, 1.3829260948153133, 7.820135022322477, 1.3662207982669552, 1.5599613076470387, 0.8643316119349143, 0.8777026635819362, 0.05074492406977753, 0.24628341447914598, 0.8309614600758123, 0.029815375105135], "scale": [0.4658563832822701, 33.6385215388613, 7.18791239690377, 2.3616681510432023, 0.10729707811961062, 0.4235973599444964, 4.337194179849161, 887.0601153654164, 1.1976369516195147, 0.6287701388537806, 0.5532506452051402, 1.2603161809186687, 40.20285830429307, 5.3131816655420545, 2279.4260227014133, 0.7192865363769918, 0.36723169067093364, 0.36723169067093364, 1.127203775778837, 1.601432716260378, 0.6084299906471051, 2279.705619879433, 9.042306375338375, 0.010574343179804935, 0.009608066564835288, 0.0014399321938973852, 1.7106710466758084, 0.4261549263658497, 0.21409776147376652, 0.46834287931577423, 0.1975518750113046, 0.048318954857064764, 2.9640252896503516, 3.26053824141153, 200.82250330110892, 0.17451250826225634, 0.6006366548505075, 5.3131816655420545, 0.18974369377766287, 1.0853101433917658, 0.7189532086956002, 1.1620358667906252, 0.1332182274311604, 0.1965424031359967, 0.9911653601320767, 0.0022102100760266314, 0.002247852235737195, 1.0779927855001366, 1.7106710466758084], "bias": null, "columns": ["rsg_wmean_1v", "rsl_norm_2v", "rlg_mean_1v", "rlg_norm_2v", "rlg_wmean_1v", "rc_mean_1_penalty_removed", "rc_wmean_1v", "rc_mean_1v", "rth_mean_1", "rth_norm_2", "rth_mean_1_penalty_removed", "rth_wmean_1v", "rth_sum_1v", "distances_mean", "cross_abs_dist_mean", "cross_compt_ge_dist_mean", "p_abs_final", "p_abs_max", "-log_p_abs_mean", "-log_p_abs_min", "-log_p_compt_mean", "cross_total_dist_mean", "cross_total_dist_min", "klein-nishina_rel_sum_mean", "klein-nishina_rel_sum_min", "klein-nishina_geo_mean", "tango_v_sigma", "rsg_mean_1_tango", "rsg_mean_1_first_tango", "rsg_wmean_1v_tango", "rsg_norm_2_tango", "rlg_wmean_1v_tango", "c_penalty_ell_mean_1_tango", "rc_wmean_1v_tango", "rc_mean_1v_penalty_removed_tango", "rc_cap_norm_2_tango", "rth_norm_2_tango", "distances_mean_tango", "cross_abs_min_tango", "cross_abs_ge_dist_min_tango", "cross_compt_ge_dist_mean_tango", "cross_compt_dist_min_tango", "p_compt_mean_tango", "-log_p_compt_mean_nonfinal_tango", "-log_klein-nishina_rel_geo_max_tango", "klein-nishina_sum_min_tango", "klein-nishina_geo_max_tango", "-log_klein-nishina_geo_max_tango", "tango_v_sigma_tango"]}