{"model": "linear", "weights": [1.1490297173674749e-09, 6.846323857922649e-11, 2.874032515819696, 6.650125257010023e-11, 2.7209528770199682, 6.846323855345977e-11, 1.8078144808684174e-10, 5.228678262607627e-11, 4.86163570270032e-11, 4.950239283504563e-11, 5.808810363501077e-11, 5.922680172331706e-11, 4.861635703051114e-11, 8.698036426264359e-10, 6.700377055157377e-11, 6.213977423273964, 5.632181610490028e-11, 6.876674134211128, 8.92251828267006e-11, 8.262172278091844e-11, 8.596983160353474e-11, 7.872029694725652e-11, 2.2637478289049247e-10, 2.335544048837131e-10, 4.294553673469792e-06, 2.3355440488370116e-10, 3.698047974817076e-10, 3.9204139684267585e-10, 4.749176069454358e-10, 3.9465200209353017e-10, 8.595449998585547e-10, 9.436693931876948e-10, 7.278616341540927e-08, 9.421965446861196e-10, 9.148467913480216e-11, 0.321403250103965, 1.2233361640715156e-10, 1.0682404223900686e-10, 0.5614443408725021, 5.112890459219422e-11, 0.5542367806788879, 1.6758766832760838e-10, 0.6674696752892488, 0.21542700144625326, 9.148467913480202e-11, 9.148467913480244e-11, 0.6552529337634255, 1.9008006444220123e-10, 3.9415510265390746e-10, 2.343420642347532e-10, 5.713776751789508e-11, 2.6471640760178397, 1.1035847129812446e-10, 2.3933347082598724e-10, 0.9292349584042879, 6.473780626872481e-11, 7.987457314373759e-11, 5.239363024810902e-11, 1.229686901218444e-10, 9.452646012837752e-11, 1.3582297881610462e-10, 9.226441095159011e-11, 8.947111448928674e-11, 8.243430128961792e-11, 6.109053610647544e-11, 1.8359888585052855e-10, 6.73342290186059e-11, 0.059399673140661996, 8.989527784986086e-11, 1.0008813754056027, 6.452194681960227e-11, 1.6151449841878166e-10, 0.17881973442325394, 2.546840765279473e-10, 1.0320555594527487, 1.9550956423970385e-10, 2.3998070844271865e-10, 0.2423725472753956, 5.142056370447889e-11, 6.72372572375329e-11, 1.2980379367470795e-10, 9.629454603112936e-11, 2.2645817152150292e-10, 0.1500375142537916, 2.33663955312973e-10, 3.6872044958521063e-10, 4.769037880214461e-10, 3.9596754744776397e-10, 8.636940210426913e-10, 0.17142797689948575, 9.143543120553585e-10, 9.148467913480251e-11, 7.136819323550642e-11, 0.1280670199941799], "scale": [1.5283808388405522, 0.6364397517941597, 0.42363632227642195, 0.21375083461180985, 0.4658563832822701, 0.6364397517941597, 0.19622567410861258, 2.656477160739345, 1.261123429568616, 0.7475731653346568, 0.3998970272255298, 0.8662048025870851, 1.2611234295686164, 214.3195371648319, 85.07289438663827, 64.04918323177633, 33.00520700474345, 35.96140016475422, 155383.850037125, 53502.88413678559, 47827.30742610575, 23379.244046614956, 871.8361771041352, 868.5048888508767, 199.57784037656205, 868.5048888508767, 4123.263963202542, 4110.831970396861, 899.5732515964763, 4110.848512554627, 10167.71999916096, 10140.214462295236, 2279.4260227014133, 10140.49932626295, 0.37644606025452726, 1.8466765957072728, 8.708497176862368, 0.6349777491789669, 0.36723169067093364, 0.14601883105541327, 0.36723169067093364, 5.720865135808337, 1.601432716260378, 1.127203775778837, 0.992565385308932, 0.047970882542836234, 1.601432716260378, 0.48044382949640846, 0.088015715360907, 0.12232437491732263, 3.477627568708073, 0.7192865363769918, 1.4662094072160536, 10.077907951487141, 2.43107446391819, 4.327960860341336, 0.08060055641253036, 0.4054090912781989, 1.1681864888448454, 0.41524305767843556, 0.09108687608333699, 0.08199323041843305, 7.303358237366297, 2.5177842244844952, 2.2140630440843605, 2.703992927097108, 0.7074632003475282, 0.4885169611233239, 0.9386358757472293, 0.14191435089513352, 0.04801670574719098, 0.8483633223693582, 0.09859629005797582, 2.644232767414133, 0.6084299906471051, 2.164621584344692, 0.7869990139718835, 0.2261573231269946, 0.35912053623971346, 0.22351434936122025, 0.07636650353370997, 0.0765136846367669, 871.8586365301849, 199.5796602185848, 868.4800892234279, 4123.577734449815, 899.6286752819528, 4110.816211922031, 10169.046489361092, 2279.705619879433, 10140.539943522452, 0.39248741072373394, 1.948750417011882, 9.042306375338375], "bias": null, "scaled_weights": [7.517954217740275e-10, 1.0757222248645648e-10, 6.784197588101039, 3.1111575630042477e-10, 5.840754736146436, 1.0757222244597077e-10, 9.212935509487799e-10, 1.9682752556217695e-11, 3.855003870924281e-11, 6.621745553545318e-11, 1.4525765304639496e-10, 6.837505581408112e-11, 3.85500387120244e-11, 4.0584430805180164e-12, 7.876042191189104e-13, 0.09701883942512263, 1.706452442392069e-12, 0.1912237594394603, 5.742243019810779e-16, 1.5442480179140914e-15, 1.7975051540662214e-15, 3.367101895608738e-15, 2.596528898839827e-13, 2.689154751825636e-13, 2.1518188920006644e-08, 2.689154751825499e-13, 8.96873934780736e-14, 9.53678962472475e-14, 5.279365589212414e-13, 9.600256513667526e-14, 8.453665127771853e-14, 9.306207444591812e-14, 3.193179453534021e-11, 9.291421599387302e-14, 2.4302201243106765e-10, 0.17404414549417532, 1.4047615096228096e-11, 1.6823273315817998e-10, 1.528855910683365, 3.501528140078803e-10, 1.5092291726411065, 2.9294112752044255e-11, 0.41679532865289887, 0.19111628799983824, 9.216992702836174e-11, 1.90708768080533e-09, 0.40916669624032304, 3.9563431305057936e-10, 4.478235517801349e-09, 1.9157429939302103e-09, 1.6430099655300802e-11, 3.68026362532999, 7.526787835010976e-11, 2.374832871842912e-11, 0.3822322072795046, 1.495803875260071e-11, 9.909928255944407e-10, 1.2923644628421907e-10, 1.0526460569103251e-10, 2.276412775131303e-10, 1.4911366451061268e-09, 1.1252686408468178e-09, 1.225068134156752e-11, 3.274081253189835e-11, 2.7592049047428916e-11, 6.789917385162414e-11, 9.517700565277347e-11, 0.12159183379032529, 9.577225862829612e-11, 7.052714324467411, 1.3437395551313275e-09, 1.903836412537197e-10, 1.813655811168004, 9.631681433893196e-11, 1.696260170139033, 9.032043552263272e-11, 3.0493139658659374e-10, 1.0716988683992144, 1.4318469292481673e-10, 3.008185265495915e-10, 1.6997477646388448e-09, 1.2585271051612279e-09, 2.5974184579137635e-13, 0.0007517675603288765, 2.690492945231585e-13, 8.941760610083585e-14, 5.301118129343527e-13, 9.63233399487416e-14, 8.493362892443184e-14, 7.519741821251118e-05, 9.016820772343857e-14, 2.330894613055429e-10, 3.6622541610504895e-11, 0.014163092321607767],