{"model": "linear", "weights": [75.70437351110738, 54.534560342646856, 0.32339997305023344, -0.5979196668163312, 2.153566057179158, 0.2628736062016419], "scale": [155383.850037125, 53502.88413678559, 2.703992927097108, 0.7869990139718835, 4110.831970396861, 1.601432716260378], "bias": null, "scaled_weights": [0.00048720876392893957, 0.001019282627890184, 0.11960089459162229, -0.759746398916953, 0.0005238759629893732, 0.16414901702239304], "columns": ["rsg_sum_2v", "rsg_sum_2v_first", "cross_compt_ge_dist_sum_nonfinal", "-log_p_compt_sum_nonfinal", "cross_abs_ge_dist_final", "-log_p_abs_final"]}