{"model": "linear", "weights": [0.052375923184906886, 1.8309921986322473, 1.5015926307657572, 0.7890553426841134, 6.7088992591187235, 2.3352672911327588, 3.7433919474190223, 0.23935173163502182, 0.0894414404935814, 0.09580609958115212, 0.3860799604151589, 0.3039118641965152, 0.1849682811056244, 0.09484518810376655, 1.1369549299106247, 3.494885183122894, 0.0029210341646994722, 5.480055053876241, 0.27662885980597024, 0.0954344747501021, 0.33245524392726566, 0.26862847448610827, 1.7616303193909086, 0.550707441844856, 0.7122169473015751, 0.6550965270968003, 0.01893044845072896, 8.765666218694612, 2.044108118429465, 0.03655053105828042, 0.40558233779707864, 0.5213001637725331, 0.12543600132656837, 0.457566661876608, 0.3967221545035476, 20.34462077874544, 1.0765560746742946, 0.22021676851414423, 0.9332945172563974, 1.7501551341955648, 0.45334875027946614, 0.563289906595873, 0.028195714666769702, 0.180312816355675, 0.17514803401040094, 0.28365922403455274, 1.6782231828337058], "scale": [0.4885169611233239, 1.6100771955661388, 0.19622567410861258, 1.8466765957072728, 1.7329180221000564, 0.09108687608333699, 0.6084299906471051, 40.20285830429307, 1.2603161809186687, 10167.71999916096, 623.2785034999596, 0.2261573231269946, 10140.214462295236, 9.042306375338375, 0.21719403031199278, 5.3131816655420545, 0.36723169067093364, 1.127203775778837, 0.09859629005797582, 0.48044382949640846, 1.1976369516195147, 143.33932827752028, 0.543664319034312, 1.1681864888448454, 871.8586365301849, 0.7192865363769918, 200.80334788715354, 0.4658563832822701, 0.5532506452051402, 0.12232437491732263, 0.1696726764555906, 0.14191435089513352, 10169.046489361092, 10140.49932626295, 0.7871009719888403, 33.6385215388613, 4.337194179849161, 2.2140630440843605, 0.21375083461180985, 0.6287701388537806, 1.9652088674525527, 0.4235973599444964, 0.42992406377658965, 10140.539943522452, 2279.705619879433, 841.4849764931672, 22.71963640955836], "bias": null, "columns": ["cross_compt_ge_dist_min_nonfinal", "rc_sum_1_penalty_removed", "rsg_norm_2", "cross_abs_ge_dist_min", "ge_distances_mean", "cross_compt_mean_nonfinal", "-log_p_compt_mean", "rth_sum_1v", "rth_wmean_1v", "cross_abs_dist_sum", "rc_norm_2v", "-log_p_compt_mean_nonfinal", "cross_abs_dist_final", "cross_total_dist_min", "rth_cap_norm_2", "distances_mean", "p_abs_final", "-log_p_abs_mean", "p_compt_mean_nonfinal", "cross_compt_sum", "rth_mean_1", "rc_cap_norm_2v", "rc_cap_wmean_1v", "cross_compt_dist_min", "cross_total_sum", "cross_compt_ge_dist_mean", "rc_cap_mean_1v", "rsg_wmean_1v", "rth_mean_1_penalty_removed", "cross_compt_max", "rc_cap_norm_2", "p_compt_mean", "cross_total_dist_sum", "cross_abs_dist_max", "tango_sigma", "rsl_norm_2v", "rc_wmean_1v", "cross_compt_dist_min_nonfinal", "rsg_mean_1_first", "rth_norm_2", "rsl_wmean_2v", "rc_mean_1_penalty_removed", "first_is_not_largest", "cross_total_dist_max", "cross_total_dist_mean", "tango_v_variance", "distances_sum"]}