{"model": "linear", "weights": [0.3530628159705891, 0.7962025836504704, 2.008315271882708, 0.4048138025694351, 0.21767568866634104], "scale": [0.7871009719888403, 5.3131816655420545, 1.7329180221000564, 0.42992406377658965, 0.42992406377658954], "bias": null, "scaled_weights": [0.44856102143854915, 0.14985419919182102, 1.1589211066366014, 0.9415937293982151, 0.5063119443796857], "columns": ["tango_sigma", "distances_mean", "ge_distances_mean", "first_is_not_largest", "first_is_not_closest"]}