{"model": "linear", "weights": [1.2108812443612818e-11, 2.2643999002009283e-11, 1.1191237541478814e-07, 3.0360841054726845e-06, 4.934536807800962e-05, 8.511684634207264e-06, 2.985861688193941e-11, 3.729186896012452e-07, 3.0127777718861287e-05, 1.6274327486779994e-05, 1.186571630420286e-07, 1.204682068580664e-05, 8.841205141333905e-06, 0.07485327414429309, 1.221968673667189e-07, 2.3378744341671996e-11, 7.814530271004501e-11, 0.9245051598019928, 5.981963004547984e-05, 1.5520808116139138e-05, 1.7762279578542875e-09, 2.017702046453728e-06, 0.0002887663101876047, 4.41748473732714e-05, 1.7697009269331186e-05, 4.214009770892385e-06, 5.545543559293522e-05, 6.527559049383279e-06, 1.8397938258589536e-05, 6.490594035582147e-08, 4.709165912984319e-09], "scale": [688.1632898444103, 5.3131816655420545, 1.1976369516195147, 238.27417713172204, 22.71963640955836, 11.755027968701482, 200.8005382687225, 21036873.461330827, 0.6434928479912737, 3.7724945378172055, 6101106.625306113, 13.973363326582698, 0.7871009719888403, 21036873.33102735, 304020918.855084, 592.1601781106464, 688.1331106483699, 638366286.2120825, 7.595329527219522, 0.42992406377658965, 2476.5963756571095, 0.42992406377658954, 887.0601153654164, 0.5532506452051402, 4.337194179849161, 1.7106710466758084, 1.7329180221000564, 8.678771301320403, 0.2206275929590759, 6101106.645181805, 623.2785034999596], "bias": null, "scaled_weights": [1.759584189146525e-14, 4.261852958814486e-12, 9.344432406118873e-08, 1.2741977087153197e-08, 2.1719259581658434e-06, 7.240888458002968e-07, 1.4869789264200546e-13, 1.772690653327026e-14, 4.6819133752469997e-05, 4.313943287031622e-06, 1.94484657176558e-14, 8.621274924476462e-07, 1.1232618756643153e-05, 3.5581938896733173e-09, 4.0193572148555284e-16, 3.948043993141266e-14, 1.135613175718507e-13, 1.4482361925592781e-09, 7.87584394213617e-06, 3.6101277932199064e-05, 7.17205264173499e-13, 4.693159133102698e-06, 3.2553183846920006e-07, 7.984599341387441e-05, 4.080289822289362e-06, 2.4633665128553424e-06, 3.200118810336505e-05, 7.52129399744658e-07, 8.338910836960524e-05, 1.0638388104079332e-14, 7.555476222171079e-12], "columns": ["rc_cap_sum_1v", "distances_mean", "rth_mean_1", "tango_variance", "distances_sum", "c_penalty_ell_sum_1", "rc_mean_1v_penalty_removed", "rc_cap_sum_2v", "rth_wmean_1v_penalty_removed", "c_penalty_ell_mean_1", "rc_mean_2v_penalty_removed", "rth_mean_1v", "tango_sigma", "rc_sum_2v_penalty_removed", "rc_mean_2v", "rth_cap_mean_2v", "rc_sum_1v_penalty_removed", "rc_sum_2v", "rth_mean_1v_penalty_removed", "first_is_not_largest", "rc_sum_1v", "first_is_not_closest", "rc_mean_1v", "rth_mean_1_penalty_removed", "rc_wmean_1v", "tango_v_sigma", "ge_distances_mean", "ge_distances_sum", "c_penalty_mean_1", "rc_cap_mean_2v", "rc_norm_2v"]}