{"model": "linear", "weights": [-1.7516301323661103, 3.139495161792367, 3.6003139875531462, 14.204469983256216, -0.788956517857927, 0.407351663896936, -2.4060408379841864, 0.4993828988396877, 0.5356523983444451, 11.680064456853346, 1.5694327808640227, 1.1971252759502677, 1.6834157921781667, -3.356621932452713, 4.622983629699842, 1.7094671139470763, 0.7812469964214573, 4.492271020437406, 0.28450860217010926, 4.710117386085327, 1.2103035911575617, -3.2817744375318303, 3.64708990811366, -0.18034805113707125, -1.289353756961423, -2.63908060231225, 1.3503791573996904, -0.8959579203810971, 34.816538112474625, 6.120398322346626, 0.6887439074493944, 1.0806813175295775, 0.7278937984693342, 0.9571347558416877, -0.2263169887391892, 15.944614124419793, 4.897400285360301], "scale": [233.22198261665196, 0.17451250826225634, 1.7329180221000564, 2.9640706279447318, 9.00016079759795, 40.20285830429307, 0.6006366548505075, 1.2603161809186687, 0.5457937966516953, 8.678771301320403, 0.5402900929110258, 13.973363326582698, 0.6434928479912737, 0.21719403031199278, 5.3131816655420545, 3.7724945378172055, 7.597408949214924, 1.1976369516195147, 0.6490486776966623, 0.6985752978261425, 1.333418967849009, 1.5608084364073767, 0.5532506452051402, 0.42992406377658954, 1.6097439548761938, 0.7871009719888403, 2.5825886301091328, 1.7374066601320535, 33.6385215388613, 4.337194179849161, 0.4235973599444964, 0.42992406377658965, 0.5487734901001236, 0.66646472279015, 1.3328099433111336, 0.5370611863368625, 22.71963640955836], "bias": null, "columns": ["rc_mean_2", "rc_cap_norm_2_tango", "ge_distances_mean", "rc_mean_1_tango", "rth_wmean_2v_tango", "rth_sum_1v", "rth_norm_2_tango", "rth_wmean_1v", "rc_wmean_1v_penalty_removed", "ge_distances_sum", "rsl_wmean_1v", "rth_mean_1v", "rth_wmean_1v_penalty_removed", "rth_cap_norm_2", "distances_mean", "c_penalty_ell_mean_1", "rth_mean_1v_penalty_removed_tango", "rth_mean_1", "c_penalty_sum_1_tango", "rsl_mean_1_tango", "rth_cap_mean_2_tango", "rc_cap_sum_1", "rth_mean_1_penalty_removed", "first_is_not_closest", "rc_sum_1_penalty_removed_tango", "tango_sigma", "rc_norm_2", "rth_cap_wmean_2v", "rsl_norm_2v", "rc_wmean_1v", "rc_mean_1_penalty_removed", "first_is_not_largest", "rc_wmean_1v_penalty_removed_tango", "c_penalty_sum_1", "rth_cap_mean_2", "rsl_wmean_1v_tango", "distances_sum"]}