{"model": "linear", "weights": [4.45085034617924, 10.46958107075772, 0.016167740075575896, 0.44083904962275333, 0.03587898916225263], "scale": [155383.850037125, 53502.88413678559, 2.703992927097108, 4110.831970396861, 1.601432716260378], "bias": null, "scaled_weights": [2.864422747354904e-05, 0.0001956825550561193, 0.005979209454860851, 0.0001072384015686719, 0.02240430634265813], "columns": ["rsg_sum_2v", "rsg_sum_2v_first", "cross_compt_ge_dist_sum_nonfinal", "cross_abs_ge_dist_final", "-log_p_abs_final"]}