{"model": "linear", "weights": [0.7996125307582433, 0.10939556601306633], "scale": [4.923794892770277, 11.755027968701482], "bias": null, "scaled_weights": [0.1623976116333223, 0.009306278666825724], "columns": ["rth_cap_sum_2", "c_penalty_ell_sum_1"]}