{"model": "linear", "weights": [0.6093349170777652, 0.5299994168562013, 0.5020764943457983, 1.840738546942521, 6.793187474563088, 1.2707265723029202, 1.5374830381395324, 0.5595730516544146, 0.7450824700133534, 0.2226045502834606, 0.23224631201071785, 5.445322035410481, 3.489325488345258, 0.3983861111035114, 5.338882737910598, 4.4713803391998175, 8.700560155625247, 0.9618784690187405, 1.4395039091864958, 4.0713703627550935, 25.70045826775844, 1.479742385183016, 0.19512019536441655, 0.7407466491895395, 3.473913048215856, 2.2277800513890655], "scale": [199.57784037656205, 0.19622567410861258, 0.7074632003475282, 1.8466765957072728, 1.7329180221000564, 0.09108687608333699, 0.6084299906471051, 1.601432716260378, 0.2261573231269946, 0.36723169067093364, 9.042306375338375, 35.96140016475422, 5.3131816655420545, 0.36723169067093364, 1.127203775778837, 0.48044382949640846, 0.42363632227642195, 0.088015715360907, 0.7192865363769918, 0.4658563832822701, 64.04918323177633, 10140.49932626295, 1.601432716260378, 0.21375083461180985, 0.8483633223693582, 841.4849764931672], "bias": null, "columns": ["cross_abs_mean", "rsg_norm_2", "cross_compt_ge_dist_mean_nonfinal", "cross_abs_ge_dist_min", "ge_distances_mean", "cross_compt_mean_nonfinal", "-log_p_compt_mean", "-log_p_abs_min", "-log_p_compt_mean_nonfinal", "p_abs_max", "cross_total_dist_min", "rsg_norm_2v", "distances_mean", "p_abs_final", "-log_p_abs_mean", "cross_compt_sum", "rsg_mean_1", "cross_compt_mean", "cross_compt_ge_dist_mean", "rsg_wmean_1v", "rsg_mean_1v", "cross_abs_dist_max", "-log_p_abs_final", "rsg_mean_1_first", "p_compt_sum_nonfinal", "tango_v_variance"]}