{"model": "linear", "weights": [-0.11851924144800934, 0.3089366693980246, 0.013687944208955314, 19.76926415727074, 3.1793628032239964, 2.0208986899843673, 0.36357589098909654, 2.8681584238679028, -0.407828875445996, 0.5394828991325054, 0.0630782788064438, 0.0030599104451365464, 1.2867243018547385, 9.500821852418833, 2.1227664585453785, 0.019927057707547654, 5.9675404891453985, 2.4400061569010836, 1.5113877835719565, 13.583902192817561, 2.43692146398179, -0.3285579187589705, -0.22415884130179006, 1.953927307379818, -3.0125926027645984, 0.18691345512001553, 3.1981427268913247, -2.0301388761216392, 29.313884546113425, 3.2418849741288867, 7.600095993919522, 1.932721540449927, 0.37613053815104874, -2.1722763384001245], "scale": [233.22198261665196, 0.19622567410861258, 1.8466765957072728, 1.7329180221000564, 0.6084299906471051, 2.644232767414133, 0.5457937966516953, 1.601432716260378, 0.5402900929110258, 13.973363326582698, 0.36723169067093364, 9.042306375338375, 0.6434928479912737, 5.3131816655420545, 2.164621584344692, 0.36723169067093364, 1.127203775778837, 1.1976369516195147, 1.1681864888448454, 0.4658563832822701, 0.5532506452051402, 0.42992406377658954, 0.7017887753092958, 0.1696726764555906, 0.7608165262998224, 3.977608728955865, 1.601432716260378, 1.7374066601320535, 33.6385215388613, 4.337194179849161, 0.21375083461180985, 0.4235973599444964, 0.42992406377658965, 1.7106710466758084], "bias": null, "columns": ["rc_mean_2", "rsg_norm_2", "cross_abs_ge_dist_min", "ge_distances_mean", "-log_p_compt_mean", "-log_p_compt_sum", "rc_wmean_1v_penalty_removed", "-log_p_abs_min", "rsl_wmean_1v", "rth_mean_1v", "p_abs_max", "cross_total_dist_min", "rth_wmean_1v_penalty_removed", "distances_mean", "-log_p_compt_max", "p_abs_final", "-log_p_abs_mean", "rth_mean_1", "cross_compt_dist_min", "rsg_wmean_1v", "rth_mean_1_penalty_removed", "first_is_not_closest", "rsl_mean_1", "rc_cap_norm_2", "rc_cap_mean_2", "rth_sum_1", "-log_p_abs_final", "rth_cap_wmean_2v", "rsl_norm_2v", "rc_wmean_1v", "rsg_mean_1_first", "rc_mean_1_penalty_removed", "first_is_not_largest", "tango_v_sigma"]}