{"model": "linear", "weights": [3.013146873130226e-09, 1.5472096522885106e-11, 8.912912541934474e-05, 6.107154152773256e-11, 7.156579889890864e-11, 3.069405340129133e-12, 1.80771416210494e-10, 1.20030533767052e-11, 1.7660840089312125e-06, 2.0779215390593217e-10, 9.983251076292184e-05, 1.196264662035337e-11, 9.642250309079115e-07, 6.657847572446267e-07, 1.0459932024620073e-06, 0.15860174114437117, 9.544553983605673e-11, 5.015571849753423e-10, 2.3653451916949583e-05, 7.301928064262485e-10, 0.00010773257584675494, 8.030728637200728e-11, 5.9503917158157075e-06, 3.050303273867697e-05, 2.977596546962874e-10, 8.672651791959758e-06, 1.1376764465224245e-11, 3.1199924658052538e-06, 2.4690706226514907e-07, 2.372315384351771e-10, 3.780428332214358e-10, 3.6955169612813404e-07, 5.5441541878553565e-11, 1.681358891802262e-09, 2.9741571978776687e-09, 0.0013989015203808052, 2.3948779387432524e-11, 4.0352345092365565e-10, 6.512254555186688e-09, 8.12197304593195e-06, 6.592863837660405e-06, 1.9743518287827436e-10, 8.127488240676221e-11, 1.5968715507077228e-06, 1.2440536272858993e-05, 9.4143547683142e-11, 2.312525088639519e-10, 1.559529472352401e-11, 0.8367523255956768, 0.002706636116989104, 1.9165530097378314e-11, 7.622731905154933e-06, 8.044171189392452e-13, 1.0526901918274905e-10, 7.926133871942101e-10, 6.787306605121745e-07, 1.998200746147313e-10, 2.077874549972791e-10, 6.93263149655384e-05, 2.1925948016710453e-10, 1.4323361883130518e-10, 1.7650474349123175e-05, 9.785959622815688e-06, 2.162703147876291e-10, 2.3955565539787326e-09, 2.2868011348503428e-05, 1.0044763424078336e-05], "scale": [238.27417713172204, 649.8851714283896, 2.9640252896503516, 841.4849764931672, 200.8005382687225, 182.10585878306313, 200.82250330110892, 99.76567685617142, 304020918.855084, 1.1976369516195147, 0.5370611863368625, 0.5538487286351177, 6101106.625306113, 21036899.499552067, 21036899.35737111, 638366286.2120825, 330.61578168981686, 97213.84783898831, 0.4238674140321679, 295567.36106955266, 8.678771301320403, 143.3601004509824, 0.5402900929110258, 3.7724945378172055, 2134.953064058175, 0.4235973599444964, 330.8081014512841, 290993301.3966436, 6101106.645181805, 887.0601153654164, 2476.5963756571095, 21036873.461330827, 0.5532506452051402, 356.9655052095232, 1070.893488978808, 99.69769740657071, 143.33932827752028, 688.2178717350724, 356.9618608240511, 0.2206275929590759, 0.42992406377658965, 530.412602629557, 179.5360029276394, 6101112.302332298, 1070.892271366495, 688.1632898444103, 623.2785034999596, 220.5670572264869, 593823596.2896891, 6101112.27388476, 200.80334788715354, 0.6434928479912737, 1.1274503063303907, 200.82964186738758, 295557.1589603487, 21036873.33102735, 688.2556848410459, 759.0206829420099, 22.71963640955836, 640.4787245176883, 33.6385215388613, 4.337194179849161, 1.2603161809186687, 688.1331106483699, 97210.69359732965, 0.6985752978261425, 1.7106710466758084], "bias": null, "scaled_weights": [1.2645713057963922e-11, 2.380743122493289e-14, 3.0070298566804325e-05, 7.257591428695989e-14, 3.5640242559078847e-13, 1.6855060900515107e-14, 9.001551780252895e-13, 1.2031245369095797e-13, 5.809087136444851e-15, 1.7350178918990724e-10, 0.0001858866611528013, 2.1599122651836054e-11, 1.5804100634932488e-13, 3.164842600777758e-14, 4.972183327461241e-14, 2.484494318856923e-10, 2.8869021118176256e-13, 5.159318308293412e-15, 5.580389323146811e-05, 2.4704784851207578e-15, 1.2413344251894773e-05, 5.601787813999608e-13, 1.1013327458505906e-05, 8.085640001039276e-06, 1.3946894651177856e-13, 2.0473809829919922e-05, 3.439082784041075e-14, 1.0721870403306957e-14, 4.046922576908858e-14, 2.6743569497254614e-13, 1.526461222899636e-13, 1.7566854542688093e-14, 1.0021053271071443e-10, 4.7101438857947286e-12, 2.777267047084012e-12, 1.4031432588418122e-05, 1.6707751930485627e-13, 5.863309679917625e-13, 1.8243558401878184e-11, 3.68130429063716e-05, 1.5334949571667596e-05, 3.722294340282939e-13, 4.526940618117661e-13, 2.617344955439158e-13, 1.161698203030679e-08, 1.3680408279905094e-13, 3.7102596602542204e-13, 7.070545764914545e-14, 1.4090924153634982e-09, 4.4362994737444946e-10, 9.544427570076602e-14, 1.1845868884091007e-05, 7.134834364074552e-13, 5.241707260139447e-13, 2.681760069633588e-15, 3.226385641211769e-14, 2.903282588372375e-13, 2.7375730288650687e-13, 3.0513831170454905e-06, 3.4233686736779215e-13, 4.258023607423794e-12, 4.0695605539471195e-06, 7.76468617238772e-06, 3.14285581439114e-13, 2.4642932431916503e-14, 3.273521325426925e-05, 5.8718264061330855e-06], "columns": ["tango_variance", "rc_sum_2_tango", "c_penalty_ell_mean_1_tango", "tango_v_variance", "rc_mean_1v_penalty_removed", "rc_mean_2_tango", "rc_mean_1v_penalty_removed_tango", "rsl_mean_1v_tango", "rc_mean_2v", "rth_mean_1", "rsl_wmean_1v_tango", "rth_mean_1_penalty_removed_tango", "rc_mean_2v_penalty_removed", "rc_cap_sum_2v_tango", "rc_sum_2v_penalty_removed_tango", "rc_sum_2v", "rsl_sum_1v", "rsl_mean_2v_tango", "rc_mean_1_penalty_removed_tango", "rsl_sum_2v_tango", "ge_distances_sum", "rc_cap_norm_2v_tango", "rsl_wmean_1v", "c_penalty_ell_mean_1", "rc_sum_1v_tango", "rc_mean_1_penalty_removed", "rsl_sum_1v_tango", "rc_mean_2v_tango", "rc_cap_mean_2v", "rc_mean_1v", "rc_sum_1v", "rc_cap_sum_2v", "rth_mean_1_penalty_removed", "rsl_mean_2", "rsl_sum_2", "rsl_mean_1v", "rc_cap_norm_2v", "rc_sum_1v_penalty_removed_tango", "rsl_mean_2_tango", "c_penalty_mean_1", "first_is_not_largest", "rc_norm_2v_tango", "c_penalty_ell_mean_2_tango", "rc_cap_mean_2v_tango", "rsl_sum_2_tango", "rc_cap_sum_1v", "rc_norm_2v", "rc_wmean_2v_tango", "rc_sum_2v_tango", "rc_mean_2v_penalty_removed_tango", "rc_cap_mean_1v", "rth_wmean_1v_penalty_removed", "rsl_wmean_2v_tango", "rc_cap_mean_1v_tango", "rsl_sum_2v", "rc_sum_2v_penalty_removed", "rc_cap_sum_1v_tango", "rc_mean_1v_tango", "distances_sum", "c_penalty_ell_sum_2_tango", "rsl_norm_2v", "rc_wmean_1v", "rth_wmean_1v", "rc_sum_1v_penalty_removed", "rsl_mean_2v", "rsl_mean_1_tango", "tango_v_sigma"]}