{"model": "linear", "weights": [0.34383195819368023, 0.7191786655176171, 1.686200919464869, 0.4041629010781363, 0.2323053468842923], "scale": [0.7871009719888403, 5.3131816655420545, 1.7329180221000564, 0.42992406377658965, 0.42992406377658954], "bias": null, "scaled_weights": [0.4368333548425032, 0.1353574394381725, 0.9730413660430557, 0.9400797376351556, 0.540340414638921], "columns": ["tango_sigma", "distances_mean", "ge_distances_mean", "first_is_not_largest", "first_is_not_closest"]}