{"model": "linear", "weights": [2.519188307887535e-09, 6.624959278831705e-10, 1.0423766205717428e-09, 6.286469413690937e-10, 4.0410809573235946e-10, 1.9983637182149045, 1.1334242120658688e-09, 1.0775492730966004e-09, 8.106027840385789e-10, 5.333456589229658e-10, 4.4707644787079536e-10, 6.064920317705776e-10, 0.013061816768069782, 2.735685913057598e-09, 5.670903107959598e-10, 3.3987404225608584e-10, 2.2124236806649196e-09, 1.4755370003990132e-09, 1.0559367080182605e-08, 2.56962741456012e-09, 0.6631056233573324, 6.553121613383668e-10, 3.741507300522605e-09, 2.0867978471385884, 0.09230740109265155, 4.129680221669046e-09, 5.005335826217275e-10, 1.4259412755287065e-09, 2.7575347380176514e-09, 2.55074117813265e-09, 5.855851598643484e-10, 0.5211981146167779, 6.009979241519111e-10, 3.6072597210166106e-09, 1.1098772813065059, 1.138277931261269e-09, 3.9885250613737904e-10, 7.023202478483673e-10, 3.802568599733837e-09, 2.48552926970975e-09, 3.2927489743372367e-09, 6.93543015217832e-10, 2.201890541871939e-09, 3.0557695100511464e-09, 4.202167867291739e-10, 3.165629980744794e-09, 4.665825419931535e-10, 8.030176753931064e-10, 2.4655447979988115e-09, 46.40299633133843, 5.507168356409672e-10, 3.685165205019484e-10, 3.734463321270496e-09, 4.6300826310110693e-10, 0.6127885810413253, 0.04635959977390785, 2.587107374400936e-09, 0.1324504891329638, 9.398428802435296e-10, 3.712937200782451e-09, 4.4710248577464275e-10, 3.5760173259130806e-09, 3.3887489104182327e-09, 3.771872566240644e-09, 0.6479987720578154, 2.6625749816635335e-09, 8.848715131392102e-10, 2.609297505720162e-09, 5.906637278778166e-10, 3.6041775554162826e-09, 3.732650400501355e-09, 2.4959084677513084, 2.0083431131872805e-09, 1.010598829765845, 3.9208676090354833e-10, 7.229258736580314e-10, 2.0073111969653255e-09, 7.416929925167635e-10, 2.201430134940056e-09, 2.1472381486285308e-09, 4.881304168425645e-10, 1.0160631999067946e-09, 1.1063889382715866, 2.4824783232534468e-09, 0.3242573162494391, 1.2998477978798028e-09, 1.0690109561632226e-09, 3.353177631831936e-09, 3.702852568751057e-09, 2.7380567507826863e-09, 2.478326166441593e-09, 3.008357567981483e-10, 3.602822230423459e-10, 0.4675912978845151, 3.5063482798844075e-10, 2.1605469525053937], "scale": [1.6100771955661388, 229.96953846920044, 233.22198261665196, 356.9655052095232, 11.755027968701482, 1.7329180221000564, 304020918.855084, 24.362502108964613, 2.3133524204175604, 40.20285830429307, 200.8005382687225, 294.62281748766827, 1.2603161809186687, 1.3475951441098866, 0.5457937966516953, 720.368414096746, 7.595329527219522, 24.586307597671478, 623.2785034999596, 2.118218078284036, 8.678771301320403, 1070.893488978808, 4.923794892770277, 0.5402900929110258, 13.973363326582698, 887.0601153654164, 97210.69359732965, 638366286.2120825, 2.8240662861582497, 7.674625597300401, 688.1632898444103, 0.6434928479912737, 330.61578168981686, 0.21719403031199278, 3.7724945378172055, 5.3131816655420545, 8.28284233511746, 688.1331106483699, 2.7973640163755675, 4.9746442137544005, 1.1976369516195147, 238.27417713172204, 21036873.33102735, 0.5893559489137365, 143.33932827752028, 0.543664319034312, 1878.2357793468932, 591.2025205456359, 1.2176681725039065, 99.69769740657071, 7.473447370602289, 200.80334788715354, 1.5608084364073767, 0.5532506452051402, 2476.5963756571095, 0.42992406377658954, 1.828008201640765, 0.7017887753092958, 3.737708991950296, 0.5066134782096677, 1881.141068108714, 0.1696726764555906, 0.7608165262998224, 2.0300590195458823, 0.7871009719888403, 4.1406037639947915, 0.4397715460134327, 3.977608728955865, 2.5825886301091328, 1.7374066601320535, 0.3979341355844085, 33.6385215388613, 6101106.625306113, 4.337194179849161, 5011.190796000346, 592.1601781106464, 6101106.645181805, 0.6287701388537806, 21036873.461330827, 25.37585494580248, 295557.1589603487, 1.9652088674525527, 0.4235973599444964, 1929.7669813595455, 0.42992406377658965, 11.73617963181699, 0.66646472279015, 1.2068847869736086, 1.3328099433111336, 1.7106710466758084, 0.7703065474657396, 841.4849764931672, 730.3230570802035, 0.2206275929590759, 9.623400619381812, 22.71963640955836], "bias": null, "columns": ["rc_sum_1_penalty_removed", "c_penalty_ell_mean_2", "rc_mean_2", "rsl_mean_2", "c_penalty_ell_sum_1", "ge_distances_mean", "rc_mean_2v", "rth_sum_1v_penalty_removed", "rsl_sum_1", "rth_sum_1v", "rc_mean_1v_penalty_removed", "rc_wmean_2v", "rth_wmean_1v", "rth_mean_2_penalty_removed", "rc_wmean_1v_penalty_removed", "c_penalty_ell_sum_2", "rth_mean_1v_penalty_removed", "rth_cap_sum_1v", "rc_norm_2v", "rth_sum_1_penalty_removed", "ge_distances_sum", "rsl_sum_2", "rth_cap_sum_2", "rsl_wmean_1v", "rth_mean_1v", "rc_mean_1v", "rsl_mean_2v", "rc_sum_2v", "rc_sum_2_penalty_removed", "rth_cap_mean_1v", "rc_cap_sum_1v", "rth_wmean_1v_penalty_removed", "rsl_sum_1v", "rth_cap_norm_2", "c_penalty_ell_mean_1", "distances_mean", "rth_mean_2", "rc_sum_1v_penalty_removed", "rc_cap_sum_2", "rth_sum_2_penalty_removed", "rth_mean_1", "tango_variance", "rc_sum_2v_penalty_removed", "rth_cap_wmean_1v", "rc_cap_norm_2v", "rc_cap_wmean_1v", "rth_sum_2v_penalty_removed", "rth_mean_2v_penalty_removed", "rc_wmean_2v_penalty_removed", "rsl_mean_1v", "rth_norm_2v", "rc_cap_mean_1v", "rc_cap_sum_1", "rth_mean_1_penalty_removed", "rc_sum_1v", "first_is_not_closest", "rth_wmean_2v_penalty_removed", "rsl_mean_1", "rc_mean_1", "rth_cap_mean_1", "rth_cap_sum_2v", "rc_cap_norm_2", "rc_cap_mean_2", "rth_cap_sum_1", "tango_sigma", "rth_cap_norm_2v", "rsl_norm_2", "rth_sum_1", "rc_norm_2", "rth_cap_wmean_2v", "rc_cap_mean_1", "rsl_norm_2v", "rc_mean_2v_penalty_removed", "rc_wmean_1v", "rth_sum_2v", "rth_cap_mean_2v", "rc_cap_mean_2v", "rth_norm_2", "rc_cap_sum_2v", "rth_sum_2", "rsl_sum_2v", "rsl_wmean_2v", "rc_mean_1_penalty_removed", "rth_mean_2v", "first_is_not_largest", "rc_sum_1", "c_penalty_sum_1", "rc_cap_wmean_2v", "rth_cap_mean_2", "tango_v_sigma", "rc_mean_2_penalty_removed", "tango_v_variance", "rc_sum_2", "c_penalty_mean_1", "rth_wmean_2v", "distances_sum"]}