{"model": "linear", "weights": [-0.07368001959215338, -1.812932823311699, -0.2914356593247438, -0.5269295453115418, 3.504736128379646, -8.971448527340868, -0.2746611783456866, 1.805132043372677, 1.1193867049112545, -0.7268928884345908, 1.805235195200668, -0.6189076766460371, 1.400962035730101, -3.5311439747122995, 0.017446942710431113, 0.5163652965816015, 1.4006066023807544, 0.25587062927969323, -0.10969118256702569, 0.7956279548795359, 1.7391787730693904, -0.044694285993581995, 2.3705985088365193, -0.8782030147747535, -0.16787228468918397, 0.14082590996124272, -0.49915193928943574, 5.880867692159584, 0.31542585341201296, -0.9728427744253723, 27.92683561626946, 1.250101100603364, -0.07288375315542367, -0.24705451880004642, 1.0173147322105953, 1.1187142435625008, 4.278830835583319, 1.5072230712675894, 0.5073922976515894, 0.26948271582473843, 0.8072403494506192, -0.7559667662823032, 0.6907214285162124, -0.09306219065622512, 3.8154767648731776], "scale": [0.4885169611233239, 33.00081661434636, 0.19622567410861258, 0.0407740817417473, 0.5249672634021163, 33.00520700474345, 2.1141216087222126, 0.09108687608333699, 0.6084299906471051, 1.6056431289339848, 2.420221909623704, 1.4662094072160536, 1.601432716260378, 0.13723654301068527, 1.1620358667906252, 0.36723169067093364, 9.042306375338375, 0.09199963182429603, 0.3603939169090687, 0.36723169067093364, 1.127203775778837, 1.1681864888448454, 0.12322559836652847, 4.327960860341336, 0.4054090912781989, 0.058966902303657226, 0.7869990139718835, 0.4658563832822701, 163.0538504885885, 0.7475731653346568, 64.04918323177633, 1.601432716260378, 0.3603939169090687, 0.22351434936122025, 0.21375083461180985, 0.7166259968023543, 0.7189532086956002, 1.0853101433917658, 10140.539943522452, 1874.8856170938338, 1.2619382956662302, 2.70346959846681, 2279.705619879433, 7.303358237366297, 0.4261549263658497], "bias": null, "columns": ["cross_compt_ge_dist_min_nonfinal", "rsg_mean_1v_first_tango", "rsg_norm_2", "p_abs_min_tango", "-log_p_compt_mean_tango", "rsg_mean_1v_first", "cross_compt_dist_min_nonfinal_tango", "cross_compt_mean_nonfinal", "-log_p_compt_mean", "-log_p_abs_min_tango", "cross_compt_dist_mean_tango", "cross_compt_ge_dist_max", "-log_p_abs_min", "p_abs_mean_tango", "cross_compt_dist_min_tango", "p_abs_max", "cross_total_dist_min", "p_compt_mean_nonfinal_tango", "p_abs_max_tango", "p_abs_final", "-log_p_abs_mean", "cross_compt_dist_min", "cross_compt_max_tango", "cross_compt_dist_max", "cross_compt_ge_dist_min", "-log_p_compt_min_tango", "-log_p_compt_sum_nonfinal", "rsg_wmean_1v", "cross_abs_mean_tango", "rsg_mean_2", "rsg_mean_1v", "-log_p_abs_final", "p_abs_final_tango", "p_compt_min_nonfinal", "rsg_mean_1_first", "-log_p_compt_sum_nonfinal_tango", "cross_compt_ge_dist_mean_tango", "cross_abs_ge_dist_min_tango", "cross_total_dist_max", "cross_abs_dist_mean_tango", "rsg_sum_2_first_tango", "cross_compt_ge_dist_sum_nonfinal_tango", "cross_total_dist_mean", "cross_compt_dist_sum_nonfinal", "rsg_mean_1_tango"]}