{"model": "linear", "weights": [1.0386632292363198, 1.3938047471390531, 0.7342637683094881, 5.176088205244498, 3.087782731243731, 2.0402754438389805, 0.24149582650729584, 0.5955372501198408, 1.281908941070901, 0.15862937432547222, 3.3477426930648173, 2.461925638051354, 8.947261748108327, 4.912281272644901], "scale": [0.4235973599444964, 1.1976369516195147, 7.473447370602289, 0.5402900929110258, 0.6434928479912737, 3.7724945378172055, 13.973363326582698, 7.595329527219522, 0.42992406377658965, 0.42992406377658954, 0.5532506452051402, 4.337194179849161, 1.7329180221000564, 33.6385215388613], "bias": null, "scaled_weights": [2.4520059080925694, 1.163795710590149, 0.09824967406578705, 9.580201956612386, 4.798472494111705, 0.5408292638693918, 0.017282584075365603, 0.07840834923430287, 2.9817101415775737, 0.3689706803848601, 6.051041642840751, 0.5676309466358674, 5.1631188746398315, 0.1460314261127657], "columns": ["rc_mean_1_penalty_removed", "rth_mean_1", "rth_norm_2v", "rsl_wmean_1v", "rth_wmean_1v_penalty_removed", "c_penalty_ell_mean_1", "rth_mean_1v", "rth_mean_1v_penalty_removed", "first_is_not_largest", "first_is_not_closest", "rth_mean_1_penalty_removed", "rc_wmean_1v", "ge_distances_mean", "rsl_norm_2v"]}