{"model": "linear", "weights": [6.450779503075407e-08, 2.0056420616601596e-10, 0.2143458284469552, 7.203096523765834e-05, 1.262135454100608e-11, 8.817589364761101e-06, 1.6334836813281615e-10, 4.0956568632029706e-05, 1.484479123379996e-12, 0.00012020954177808365, 0.1391080164389815, 2.5815382637591313e-05, 1.3250195550388728e-05, 3.8069602700702664e-05, 1.3650088370871187e-11, 1.3050323909823468e-05, 7.516116541854198e-05, 9.940313930538342e-12, 3.389773794854247e-05, 1.8935782369955835e-06, 1.1966203014005732e-10, 6.403872335932316e-06, 8.528939940277632e-05, 2.53975552963125e-10, 7.379548740434743e-10, 2.9192338913980282e-05, 8.446443501420192e-10, 9.108394558250451e-11, 8.47644420213652e-06, 0.21435048736487158, 4.054196175828401e-11, 3.209591389509828e-11, 1.0354205482698485e-11, 4.0271973509836294e-11, 5.928355651353908e-05, 5.302412577344355e-05, 4.4135633296087414e-10, 2.9192338914439957e-05, 7.795053617461175e-11, 0.0005615790187187339, 9.286958364499543e-05, 4.270913020558313e-06, 1.7785512976609253e-05, 8.446020816036391e-08, 2.829464250125373e-12, 8.244476076615978e-12, 6.723430830978477e-12, 1.7237649767859e-05, 7.714289858064621e-06, 0.00045383474634438914, 5.916256998348292e-11, 3.977551727744517e-12, 0.21435076029336023, 0.001024100969535476, 2.8135567063776608e-12, 4.6621785648359195e-12, 4.40097752858788e-12, 1.2738164808902691e-05, 2.4095642549896037e-10, 1.927615460298252e-10, 6.481816385837709e-05, 1.396421431357154e-05, 1.314768575439479e-10, 1.4836547538170164e-12, 1.2452445342474528e-09, 3.405720856227116e-06, 1.281782956339024e-12, 0.0003315691704074379, 9.790615412289721e-11, 0.2143491000457062, 7.215054227769985e-06, 6.942380745790137e-09, 2.5684696384004144e-10, 4.3206807849975866e-11, 4.29294441082518e-06, 2.557101422796147e-12, 2.761927147166436e-10, 4.541028014275503e-11, 1.8935782365396252e-06, 1.4681882618552923e-13, 4.2189487776730195e-11, 9.405656510458309e-09, 4.597315955356581e-06, 8.26349787413983e-09, 4.4113513423188556e-05, 1.7564695644238614e-12, 6.9448919069585155e-06, 2.541686151772983e-08, 1.7456384902146263e-10, 2.2603535212791546e-05, 1.170598943794275e-07, 2.6298161211287586e-10, 6.710813219420011e-05, 2.2124377535573845e-12, 1.0750460071146278e-10, 1.3906132562314958e-12, 1.9821497918185025e-10, 3.844482589763591e-11, 1.1055988587391166e-05, 5.758224391214756e-06, 3.8649845948121286e-11], "scale": [0.4885169611233239, 155383.850037125, 0.992565385308932, 0.35912053623971346, 0.6349777491789669, 0.19622567410861258, 356.9655052095232, 1.8466765957072728, 11.755027968701482, 1.7329180221000564, 304020918.855084, 0.09108687608333699, 0.6084299906471051, 2.644232767414133, 200.8005382687225, 10167.71999916096, 0.0765136846367669, 0.5457937966516953, 720.368414096746, 1.601432716260378, 623.2785034999596, 0.2261573231269946, 0.04801670574719098, 10140.214462295236, 1070.893488978808, 0.36723169067093364, 97210.69359732965, 887.0601153654164, 638366286.2120825, 0.047970882542836234, 688.1632898444103, 35.96140016475422, 0.6434928479912737, 330.61578168981686, 5.3131816655420545, 3.7724945378172055, 2.164621584344692, 0.36723169067093364, 688.1331106483699, 1.127203775778837, 0.48044382949640846, 1.1976369516195147, 238.27417713172204, 21036873.33102735, 0.5893559489137365, 143.33932827752028, 0.543664319034312, 0.42363632227642195, 1.1681864888448454, 0.088015715360907, 53502.88413678559, 0.41524305767843556, 0.39248741072373394, 99.69769740657071, 1.2176681725039065, 0.7192865363769918, 200.80334788715354, 0.7869990139718835, 0.8662048025870851, 0.08199323041843305, 0.4658563832822701, 0.5532506452051402, 2476.5963756571095, 1.828008201640765, 0.07636650353370997, 64.04918323177633, 0.7017887753092958, 214.3195371648319, 5.720865135808337, 0.37644606025452726, 0.14191435089513352, 10169.046489361092, 10140.49932626295, 23379.244046614956, 0.7871009719888403, 0.4397715460134327, 2.5825886301091328, 0.08060055641253036, 1.601432716260378, 1.7374066601320535, 33.6385215388613, 6101106.625306113, 4.337194179849161, 6101106.645181805, 0.21375083461180985, 0.14601883105541327, 0.6287701388537806, 21036873.461330827, 295557.1589603487, 0.4235973599444964, 0.42992406377658965, 10140.539943522452, 0.8483633223693582, 1.2068847869736086, 47827.30742610575, 1.7106710466758084, 0.9386358757472293, 2279.705619879433, 841.4849764931672, 0.2206275929590759, 2279.4260227014133], "bias": null, "columns": ["cross_compt_ge_dist_min_nonfinal", "rsg_sum_2v", "-log_p_abs_max", "p_compt_min", "p_abs_sum", "rsg_norm_2", "rsl_mean_2", "cross_abs_ge_dist_min", "c_penalty_ell_sum_1", "ge_distances_mean", "rc_mean_2v", "cross_compt_mean_nonfinal", "-log_p_compt_mean", "-log_p_compt_sum", "rc_mean_1v_penalty_removed", "cross_abs_dist_sum", "-log_p_compt_min_nonfinal", "rc_wmean_1v_penalty_removed", "c_penalty_ell_sum_2", "-log_p_abs_min", "rc_norm_2v", "-log_p_compt_mean_nonfinal", "p_compt_max", "cross_abs_dist_final", "rsl_sum_2", "p_abs_max", "rsl_mean_2v", "rc_mean_1v", "rc_sum_2v", "p_abs_min", "rc_cap_sum_1v", "rsg_norm_2v", "rth_wmean_1v_penalty_removed", "rsl_sum_1v", "distances_mean", "c_penalty_ell_mean_1", "-log_p_compt_max", "p_abs_final", "rc_sum_1v_penalty_removed", "-log_p_abs_mean", "cross_compt_sum", "rth_mean_1", "tango_variance", "rc_sum_2v_penalty_removed", "rth_cap_wmean_1v", "rc_cap_norm_2v", "rc_cap_wmean_1v", "rsg_mean_1", "cross_compt_dist_min", "cross_compt_mean", "rsg_sum_2v_first", "cross_compt_sum_nonfinal", "cross_total_min", "rsl_mean_1v", "rc_wmean_2v_penalty_removed", "cross_compt_ge_dist_mean", "rc_cap_mean_1v", "-log_p_compt_sum_nonfinal", "rsg_wmean_2v", "cross_compt_min_nonfinal", "rsg_wmean_1v", "rth_mean_1_penalty_removed", "rc_sum_1v", "rth_wmean_2v_penalty_removed", "-log_p_compt_min", "rsg_mean_1v", "rsl_mean_1", "rsg_sum_1v", "-log_p_abs_sum", "cross_abs_min", "p_compt_mean", "cross_total_dist_sum", "cross_abs_dist_max", "rsg_mean_2v_first", "tango_sigma", "rsl_norm_2", "rc_norm_2", "cross_compt_min", "-log_p_abs_final", "rth_cap_wmean_2v", "rsl_norm_2v", "rc_mean_2v_penalty_removed", "rc_wmean_1v", "rc_cap_mean_2v", "rsg_mean_1_first", "p_abs_mean", "rth_norm_2", "rc_cap_sum_2v", "rsl_sum_2v", "rc_mean_1_penalty_removed", "first_is_not_largest", "cross_total_dist_max", "p_compt_sum_nonfinal", "rc_cap_wmean_2v", "rsg_mean_2v", "tango_v_sigma", "p_compt_sum", "cross_total_dist_mean", "tango_v_variance", "c_penalty_mean_1", "cross_abs_dist_mean"]}