{"model": "linear", "weights": [0.8157336188537564, 0.22738397375698907, 6.056490264477504, 1.2864174396136603, 8.473822774837931, 2.448864758051657, 0.3606588233992244, 3.286398791598011, 2.3349258740138192, 1.0999309293371584, 6.882943362037042, 1.3823345567995442, 3.7514931619305627, 0.73595946547132, 1.7392855778986094, 1.503006406095939, 1.7517170453114987, 2.9885215867353137, 1.289114880943998, 1.6317198642312583, 0.4166902934378129, 2.8599137884629435, 0.38267967457774676, 0.4056484922616596, 0.18801215705933247, 1.0235311384751664, 1.698541079571154], "scale": [0.17451250826225634, 11.755027968701482, 2.9640706279447318, 7.681419479357841, 24.362502108964613, 40.20285830429307, 0.6006366548505075, 3.26053824141153, 13.973363326582698, 887.0601153654164, 1.3489986976977582, 0.6434928479912737, 7.597408949214924, 1.1976369516195147, 0.5893559489137365, 591.2025205456359, 0.5532506452051402, 24.36621967061161, 3.977608728955865, 2.5825886301091328, 0.7644269497396028, 4.337194179849161, 0.4238674140321679, 0.4235973599444964, 1.2068847869736086, 1.3328099433111336, 13.70100738048018], "bias": null, "columns": ["rc_cap_norm_2_tango", "c_penalty_ell_sum_1", "rc_mean_1_tango", "rth_cap_mean_1v_tango", "rth_sum_1v_penalty_removed", "rth_sum_1v", "rth_norm_2_tango", "rc_wmean_1v_tango", "rth_mean_1v", "rc_mean_1v", "rth_mean_2_penalty_removed_tango", "rth_wmean_1v_penalty_removed", "rth_mean_1v_penalty_removed_tango", "rth_mean_1", "rth_cap_wmean_1v", "rth_mean_2v_penalty_removed", "rth_mean_1_penalty_removed", "rth_sum_1v_penalty_removed_tango", "rth_sum_1", "rc_norm_2", "rc_cap_mean_2_tango", "rc_wmean_1v", "rc_mean_1_penalty_removed_tango", "rc_mean_1_penalty_removed", "rc_cap_wmean_2v", "rth_cap_mean_2", "rth_mean_1v_tango"]}