{"model": "linear", "weights": [2.8344614552101675e-10, 6.437273535429835e-10, 2.933449820284418, 7.477552986761743e-10, 2.484225886168735, 6.437273540956005e-10, 3.45158958374993e-10, 7.23609299685793e-10, 6.600354684190328e-10, 9.898580216813286e-10, 7.467270764757867e-10, 3.301576754566941e-10, 6.600354685554291e-10, 25.818045367324974, 6.569181244181195e-10, 4.319091691939107, 1.0122879929776568e-09, 1.1194449099416455e-09, 4.2586851091400504e-10, 3.5438922474925955e-10, 3.6230090230334274e-10, 3.028344160279892e-10, 4.977466345322167e-10, 5.206388796943507e-10, 8.705469111426144e-07, 5.206388796942694e-10, 4.4214486077663463e-10, 4.70232320087241e-10, 2.7748722333188037e-10, 4.738760306165573e-10, 9.818445388072618e-09, 1.6237289020187209, 1.0706877682267547e-09, 9.169943449452683e-07, 5.646335254196594e-10, 1.00716933091161, 2.925012997710677e-10, 3.425040364761545e-10, 0.36730929246132615, 2.834211035793871e-10, 0.36615198303495916, 1.7245673292108468, 0.3071610257875093, 7.491648213685201, 5.646335254196471e-10, 5.646335254196671e-10, 0.5318558653381597, 2.612257878728454, 6.925709584273509, 2.823523778689732e-10, 2.1901376255728086e-09, 2.60636375935111, 2.3334860610089194e-09, 2.922452884481058e-10, 0.9604645289143412, 8.007227963223975e-10, 2.6882858976141983e-10, 2.0393780020744526e-09, 1.8999315131229e-09, 4.167824673401772e-10, 0.03610600281004651, 5.87338449801743e-10, 2.79195344639334e-09, 2.746856695998428e-09, 2.622420434484466e-09, 2.962468606173133e-09, 2.175740194073504e-09, 0.05291103598615293, 1.0450687051693354e-09, 1.4452604985451734, 2.9752398412558995e-10, 0.10838097957571434, 0.10808213249627101, 4.208031890232437e-10, 1.7860154947158302, 4.989427498201288e-10, 3.184905325691575e-10, 0.17565552047898225, 7.877347686102831e-10, 8.782532223703159e-10, 1.2682525671761813e-09, 5.45269779030452e-10, 4.980303814543673e-10, 1.335075193117252, 5.210380479311666e-10, 4.367515414617574e-10, 2.774556634401527e-10, 4.807794112794533e-10, 9.440919534350764e-09, 1.072807046753113e-09, 3.996614699902757e-08, 5.646335254196667e-10, 1.620894316355341e-09, 0.10114158630267876], "scale": [1.5283808388405522, 0.6364397517941597, 0.42363632227642195, 0.21375083461180985, 0.4658563832822701, 0.6364397517941597, 0.19622567410861258, 2.656477160739345, 1.261123429568616, 0.7475731653346568, 0.3998970272255298, 0.8662048025870851, 1.2611234295686164, 214.3195371648319, 85.07289438663827, 64.04918323177633, 33.00520700474345, 35.96140016475422, 155383.850037125, 53502.88413678559, 47827.30742610575, 23379.244046614956, 871.8361771041352, 868.5048888508767, 199.57784037656205, 868.5048888508767, 4123.263963202542, 4110.831970396861, 899.5732515964763, 4110.848512554627, 10167.71999916096, 10140.214462295236, 2279.4260227014133, 10140.49932626295, 0.37644606025452726, 1.8466765957072728, 8.708497176862368, 0.6349777491789669, 0.36723169067093364, 0.14601883105541327, 0.36723169067093364, 5.720865135808337, 1.601432716260378, 1.127203775778837, 0.992565385308932, 0.047970882542836234, 1.601432716260378, 0.48044382949640846, 0.088015715360907, 0.12232437491732263, 3.477627568708073, 0.7192865363769918, 1.4662094072160536, 10.077907951487141, 2.43107446391819, 4.327960860341336, 0.08060055641253036, 0.4054090912781989, 1.1681864888448454, 0.41524305767843556, 0.09108687608333699, 0.08199323041843305, 7.303358237366297, 2.5177842244844952, 2.2140630440843605, 2.703992927097108, 0.7074632003475282, 0.4885169611233239, 0.9386358757472293, 0.14191435089513352, 0.04801670574719098, 0.8483633223693582, 0.09859629005797582, 2.644232767414133, 0.6084299906471051, 2.164621584344692, 0.7869990139718835, 0.2261573231269946, 0.35912053623971346, 0.22351434936122025, 0.07636650353370997, 0.0765136846367669, 871.8586365301849, 199.5796602185848, 868.4800892234279, 4123.577734449815, 899.6286752819528, 4110.816211922031, 10169.046489361092, 2279.705619879433, 10140.539943522452, 0.39248741072373394, 1.948750417011882, 9.042306375338375], "bias": null, "scaled_weights": [1.8545518127277907e-10, 1.0114505760023312e-09, 6.924453041517879, 3.4982567438118458e-09, 5.332600293390209, 1.0114505768706256e-09, 1.7589897955144472e-09, 2.7239432372322735e-10, 5.233710301019517e-10, 1.3240951756718168e-09, 1.867298393430305e-09, 3.811542887670624e-10, 5.233710302101062e-10, 0.12046519747506018, 7.721826430784943e-12, 0.06743398547815209, 3.067055428048588e-11, 3.1129069079985766e-11, 2.7407514411070045e-15, 6.623740578979392e-15, 7.57518919213894e-15, 1.2953131222899233e-14, 5.709176191627158e-13, 5.99465686811747e-13, 4.361941734112728e-09, 5.994656868116534e-13, 1.0723176219676714e-13, 1.1438860149806724e-13, 3.08465400498984e-13, 1.1527450577887482e-13, 9.656486792400691e-13, 0.00016012766870526229, 4.697181472719398e-13, 9.042891434057278e-11, 1.4999055244140224e-09, 0.5453956221965691, 3.358803405807092e-11, 5.393953361657411e-10, 1.0002113156145396, 1.9409900869007128e-09, 0.9970598734711543, 0.30145219093111375, 0.19180389077149826, 6.646223490964513, 5.688628011583409e-10, 1.1770338494720628e-08, 0.332112526450774, 5.437176457165805, 78.68719302995778, 2.30822661517634e-09, 6.297792337741437e-10, 3.6235403104849233, 1.5915094048125064e-09, 2.8998606640873392e-11, 0.39507820232143354, 1.8501156137055415e-10, 3.3353192797516106e-09, 5.0304200027793534e-09, 1.6263940143680626e-09, 1.0037072496054437e-09, 0.3963908343613902, 7.1632553907731184e-09, 3.8228351337181035e-10, 1.0909817724991245e-09, 1.1844380138547428e-09, 1.095590368038985e-09, 3.0754111210374076e-09, 0.10830951675554164, 1.11339096679783e-09, 10.184033464051407, 6.196259811992524e-09, 0.1277530236373511, 1.0962089185375778, 1.5913999486314458e-10, 2.935449471871506, 2.304988333428157e-10, 4.046898749742728e-10, 0.776696142535902, 2.193510782921278e-09, 3.929292346913155e-09, 1.660744578434634e-08, 7.126434723657721e-09, 5.712283627038715e-13, 0.006689435144117608, 5.99942421704872e-13, 1.0591568040853985e-13, 3.084113157611336e-13, 1.1695473270858362e-13, 9.283977159734595e-13, 4.705901662907909e-13, 3.941224749531907e-12, 1.4386028952584771e-09, 8.317608567036208e-10, 0.011185374848448873],