{"model": "linear", "weights": [-5.675484263042895e-11, -1.9295982681962492e-12, -0.49715917456723496, -9.333034917374566e-12, 1.0244368848907637, 8.818506037347638e-12, -0.9276844283815668, 0.26819084708869956, 0.763563365076606, 2.929066159326554e-13, -2.3056318825060784e-11, 2.490997146071471e-11, 1.220917537257196, 3.0102502463914845e-11, -2.0552141005669336e-10, -4.8358523446169605e-11, 7.41076081055952e-12, 1.0017190121671141e-11, 9.100482855542831e-12, 4.600444413721805e-12, -0.5701587337349531, 2.4083029655496286, -5.930720106923739e-11, -6.406453396386278e-11, 6.822977368176265e-11, 3.476709763986911e-11, 3.2013637647050124e-11, -2.6109492295943246e-11, 0.9266581652677196, -5.867801169650289e-12, 0.26482146717356236, 9.683233596809802e-12, -0.17056712284898184, 0.7108075661968654, 4.94796574409868e-12, -5.125977160271859e-12, -1.1397492316497964e-11, 0.2716712267067421, 0.668087053077802, -1.487554742018422e-11, 4.600431393081462e-12, 2.6397731738166902e-11, -7.315773493193685e-11, 3.7954567036394325e-12, 5.010248674009227e-12, 2.8788214956064795e-11, -1.5343655946454342e-10, 6.75218342589742e-11, 6.6872108314709966e-12, 9.578963476824083e-12, -8.34495239236867e-12, -1.6176376731458866e-13, 8.685763873738145e-12, 6.497438564618123e-12, 5.612216975140085e-11, -4.204407285738628e-12, 0.3338859287974939, 1.2634608507770308e-13, 2.0680896220538275e-12, 4.461824538922955e-10, -2.2434062202228385e-11, 3.7651669454212785e-11, -1.3171933581889466e-12, 1.823829828503507e-11, 0.01636422084955328, 2.5717911899163193e-11, 0.6560553919680531, 0.019348516101011327, -0.8553302020511101, 4.578083199276311e-11, 0.3050848638813941, -7.381042700691698e-12, 0.17943681877876483, 1.5897466737886177e-11, 1.273684171493431, 4.8263522748776246e-12, -0.5063725275521889, 2.264992470073825e-10, 2.7370502041111187, 3.9637385209441615e-11, -5.813710829916498e-11, 3.4026609597434983e-10, 3.668263371402796e-12, 1.8032760265737812e-11, 6.417743450019107e-14, 4.947718230068006e-12, 6.430135916534011e-12, -3.646438865115391e-12, 17.764538176100707, 1.662127587479812e-11, 4.460401630148935e-11, -1.5787266439535294e-11, 2.0758800134288617e-10, -0.029431420974770854, -0.3065581341865732, 0.7126939481208945], "scale": [2.8240662861582497, 1881.141068108714, 0.7608165262998224, 720.368414096746, 0.4235973599444964, 688.1632898444103, 1.7374066601320535, 5.3131816655420545, 1.1976369516195147, 238.27417713172204, 4.1406037639947915, 8.28284233511746, 22.71963640955836, 11.755027968701482, 1.9652088674525527, 294.62281748766827, 7.473447370602289, 200.8005382687225, 24.586307597671478, 21036873.461330827, 1.3328099433111336, 0.5402900929110258, 0.5066134782096677, 1.2176681725039065, 99.69769740657071, 5011.190796000346, 11.73617963181699, 1.2068847869736086, 0.6434928479912737, 1.828008201640765, 0.543664319034312, 200.80334788715354, 233.22198261665196, 3.7724945378172055, 6101106.625306113, 7.674625597300401, 591.2025205456359, 13.973363326582698, 0.7871009719888403, 730.3230570802035, 21036873.33102735, 0.21719403031199278, 1.2603161809186687, 2.0300590195458823, 304020918.855084, 40.20285830429307, 2.118218078284036, 0.4397715460134327, 0.7703065474657396, 143.33932827752028, 592.1601781106464, 295557.1589603487, 688.1331106483699, 638366286.2120825, 4.923794892770277, 7.595329527219522, 0.42992406377658965, 1070.893488978808, 841.4849764931672, 3.737708991950296, 4.9746442137544005, 2476.5963756571095, 97210.69359732965, 1.3475951441098866, 1929.7669813595455, 3.977608728955865, 0.1696726764555906, 0.42992406377658954, 1.6100771955661388, 887.0601153654164, 0.5532506452051402, 2.3133524204175604, 2.5825886301091328, 330.61578168981686, 4.337194179849161, 0.5893559489137365, 1.7106710466758084, 25.37585494580248, 1.7329180221000564, 0.5457937966516953, 229.96953846920044, 8.678771301320403, 1.5608084364073767, 0.2206275929590759, 356.9655052095232, 6101106.645181805, 24.362502108964613, 1878.2357793468932, 33.6385215388613, 2.7973640163755675, 623.2785034999596, 0.3979341355844085, 0.7017887753092958, 9.623400619381812, 0.6287701388537806, 0.66646472279015], "bias": null, "scaled_weights": [-2.0096852155561844e-11, -1.0257594716893048e-15, -0.65345475207424, -1.2955919130736806e-14, 2.418421316471365, 1.2814554579540925e-14, -0.5339477795665047, 0.05047650616353216, 0.6375582884646896, 1.2292839260157495e-15, -5.568347067051014e-12, 3.0074182814155255e-12, 0.05373842764242235, 2.5608192974159395e-12, -1.0457993216929925e-10, -1.6413706127222715e-13, 9.916120958730031e-13, 4.9886271262209355e-14, 3.701443504434444e-13, 2.18684797537912e-19, -0.427786974876923, 4.457425736929484, -1.1706597558127427e-10, -5.261247309447702e-11, 6.843665947822168e-13, 6.937891422457567e-15, 2.7277733173289702e-12, -2.163379021573017e-11, 1.4400442338409423, -3.2099424742096493e-12, 0.4871047407414074, 4.8222470883560854e-14, -0.0007313509684434156, 0.18841844807763303, 8.10994799464011e-19, -6.679123424698339e-13, -1.9278490737791386e-14, 0.01944207850016461, 0.8487945979658558, -2.0368448285962578e-14, 2.186841799487508e-19, 1.2153985862432474e-10, -5.804712820445642e-11, 1.8696287482757344e-12, 1.6479947145997e-20, 7.16073835799646e-13, -7.243662068489287e-11, 1.5353843346861683e-10, 8.681233274559982e-12, 6.682718268553753e-14, -1.4092390371460268e-14, -5.47318047999949e-19, 1.262221471301429e-14, 1.0178229497632803e-20, 1.1398153451478318e-11, -5.535516623302802e-13, 0.7766160513662198, 1.179819341307092e-16, 2.457666719936527e-15, 1.1937324571099963e-10, -4.509681745721717e-12, 1.5202989806614232e-14, -1.3549881288215904e-17, 1.3533959635244775e-11, 8.479894726991586e-06, 6.465671626257273e-12, 3.866594231156401, 0.04500449668029237, -0.5312355236174605, 5.160961607873003e-14, 0.5514405930213989, -3.1906261387356704e-12, 0.06947944271371718, 4.808441586373258e-14, 0.293665470965316, 8.189197519382388e-12, -0.2960081241429652, 8.925777968511308e-12, 1.5794458648391188, 7.262337068066144e-11, -2.5280351774481304e-13, 3.9206713042730046e-11, 2.350232921502076e-12, 8.173393012125504e-11, 1.7978609575320648e-16, 8.109542281112791e-19, 2.6393577670201324e-13, -1.9414169963173335e-15, 0.528101039029852, 5.94176366661556e-12, 7.156354029702589e-14, -3.967306402691495e-11, 2.957984063672106e-10, -0.0030583181703456373, -0.4875519927606847, 1.0693648497060821],