{"model": "linear", "weights": [0.3142286420364045, 0.29700259438288346], "scale": [4.923794892770277, 11.755027968701482], "bias": null, "scaled_weights": [0.06381838579380991, 0.025266004910721774], "columns": ["rth_cap_sum_2", "c_penalty_ell_sum_1"]}