{"model": "linear", "weights": [0.42077695012631333, 0.998381917406658, 3.692353837241247, 1.8336675005781429, 1.1328361319362912, 0.25900425219251594, 0.3365330526953515, 55.74204604905456, 3.4254843340362084, 0.16480449578290451, 1.2591997642694632, 2.058457616208173, 0.2829569302119199, 1.5720474492140262, 0.6080636611992067, 0.7342832024625816, 0.42315527812334397, 0.1779197886166841, 0.5960851247250702, 1.1352817813487368, 0.3318264740054109, 0.6037177031127601, 1.4522146636381739, 0.2643466692460023, 0.7767852343228633], "scale": [841.4849764931672, 0.7871009719888403, 22.71963640955836, 8.678771301320403, 1.7329180221000564, 0.42992406377658965, 0.7017887753092958, 99.69769740657071, 0.5402900929110258, 720.368414096746, 4.337194179849161, 2.5825886301091328, 2476.5963756571095, 0.543664319034312, 0.1696726764555906, 1.6100771955661388, 0.4235973599444964, 0.7703065474657396, 200.80334788715354, 1.1976369516195147, 13.973363326582698, 0.21719403031199278, 0.5532506452051402, 1.3475951441098866, 0.6434928479912737], "bias": null, "columns": ["tango_v_variance", "tango_sigma", "distances_sum", "ge_distances_sum", "ge_distances_mean", "first_is_not_largest", "rsl_mean_1", "rsl_mean_1v", "rsl_wmean_1v", "c_penalty_ell_sum_2", "rc_wmean_1v", "rc_norm_2", "rc_sum_1v", "rc_cap_wmean_1v", "rc_cap_norm_2", "rc_sum_1_penalty_removed", "rc_mean_1_penalty_removed", "rc_mean_2_penalty_removed", "rc_cap_mean_1v", "rth_mean_1", "rth_mean_1v", "rth_cap_norm_2", "rth_mean_1_penalty_removed", "rth_mean_2_penalty_removed", "rth_wmean_1v_penalty_removed"]}