{"model": "linear", "weights": [19.581681415797874, 0.0026119764375759904, 1.8532303546692344, 0.14942056434918846, 6.669988008687634, 7.673714529629251, 0.7127069483716415, 10.493024230630636, 3.1927438970689956, 4.2851405724936145, 1.2296173076017691, 4.44297759735657, 0.3206665412494646, 2.40788863807541, 5.70674890960498, 0.2511477128524063, 1.6918843898364984, 17.65207237573047, 27.140930512410755, 3.6122760220762906, 0.6279805275557804], "scale": [1.7329180221000564, 0.36723169067093364, 1.1681864888448454, 13.973363326582698, 0.6084299906471051, 1.127203775778837, 0.1696726764555906, 5.3131816655420545, 0.4235973599444964, 0.5532506452051402, 0.19622567410861258, 0.6287701388537806, 0.42992406377658965, 1.601432716260378, 0.21375083461180985, 7.473447370602289, 1.601432716260378, 0.4658563832822701, 33.6385215388613, 4.337194179849161, 1.2603161809186687], "bias": null, "scaled_weights": [11.299831363094482, 0.007112611748740692, 1.5864165288384653, 0.01069324262577022, 10.962622012753949, 6.807743812184384, 4.200481558138104, 1.9749040953524655, 7.537213870944187, 7.745387392914335, 6.266342634252669, 7.066139631656039, 0.7458678596229942, 1.5035840180024833, 26.69813626678433, 0.03360533638603334, 1.0564817195613068, 37.891661484511175, 0.8068407667993338, 0.8328601100820251, 0.49827220904045944], "columns": ["ge_distances_mean", "p_abs_max", "cross_compt_dist_min", "rth_mean_1v", "-log_p_compt_mean", "-log_p_abs_mean", "rc_cap_norm_2", "distances_mean", "rc_mean_1_penalty_removed", "rth_mean_1_penalty_removed", "rsg_norm_2", "rth_norm_2", "first_is_not_largest", "-log_p_abs_final", "rsg_mean_1_first", "rth_norm_2v", "-log_p_abs_min", "rsg_wmean_1v", "rsl_norm_2v", "rc_wmean_1v", "rth_wmean_1v"]}