{"model": "linear", "weights": [1.1072401409028518, 0.5547621745647958, 0.15183707974424382, 1.8247159408567846, 3.39342937424476, 0.343176976414447, 0.5640716637704161, 0.587186782098649, 0.5096632369477095, 1.205767674666112, 0.1611181900263425, 1.6606777932050378, 55.941968245307805, 1.4984006016048124, 0.28599703363187645, 0.31020961672284675, 0.7035336457468883, 1.0232342492149058, 2.080048718849149, 1.2398389443154132, 0.9981007843289733, 0.2581576814347707, 3.7580178479068507], "scale": [1.7329180221000564, 200.8005382687225, 720.368414096746, 8.678771301320403, 0.5402900929110258, 13.973363326582698, 2.8240662861582497, 0.6434928479912737, 0.21719403031199278, 1.1976369516195147, 0.5893559489137365, 0.543664319034312, 99.69769740657071, 0.5532506452051402, 2476.5963756571095, 0.7017887753092958, 0.1696726764555906, 0.7871009719888403, 2.5825886301091328, 4.337194179849161, 0.4235973599444964, 0.42992406377658965, 22.71963640955836], "bias": null, "columns": ["ge_distances_mean", "rc_mean_1v_penalty_removed", "c_penalty_ell_sum_2", "ge_distances_sum", "rsl_wmean_1v", "rth_mean_1v", "rc_sum_2_penalty_removed", "rth_wmean_1v_penalty_removed", "rth_cap_norm_2", "rth_mean_1", "rth_cap_wmean_1v", "rc_cap_wmean_1v", "rsl_mean_1v", "rth_mean_1_penalty_removed", "rc_sum_1v", "rsl_mean_1", "rc_cap_norm_2", "tango_sigma", "rc_norm_2", "rc_wmean_1v", "rc_mean_1_penalty_removed", "first_is_not_largest", "distances_sum"]}