{"model": "linear", "weights": [0.607486404992671, 0.14236487562447805, 0.21155843174628863, -6.696739769945231, 1.604449560920718, -0.07628297881082384, 6.02905136711887, 2.0016034178956272, 1.1348096225993431, 0.7390271955149914, -0.1447596551348832, 0.42700016164297505, -1.2660031581727555, 0.5462085098086248, 0.2731875993915696, 2.8882955678573086, -0.08851659521628902, 7.437060843899054, 0.25724720949102325, 2.9114136197835547, 6.211034933798373, -0.2104417771597754, 2.999582402926768, 0.796724817594913, -0.04564581076569035, 0.15512383021234227, 0.6987764821597576, -3.504290214416026, 3.982883630870483, -0.10717378562442138, -3.3143924632085517, -2.2444946013348366, 27.64758234060462, 0.8237404737955333, -0.18435385441444485, 0.22807520615876412, -0.1341484178885156, 0.2904328360844982, -2.980473510768789, -0.3945255025098234, -0.03353748419092805, 0.8902524427974287, -1.0718638203455135, -0.4890504331684688, 1.9835242347169721], "scale": [199.57784037656205, 0.19622567410861258, 0.7074632003475282, 33.00520700474345, 1.8466765957072728, 8.708497176862368, 1.7329180221000564, 0.09108687608333699, 0.6084299906471051, 1.261123429568616, 1.4662094072160536, 0.2261573231269946, 2.703992927097108, 0.36723169067093364, 9.042306375338375, 5.3131816655420545, 2.164621584344692, 1.127203775778837, 0.09859629005797582, 0.48044382949640846, 0.42363632227642195, 1.1681864888448454, 0.088015715360907, 0.7192865363769918, 0.4054090912781989, 199.5796602185848, 1.2611234295686164, 0.8662048025870851, 0.4658563832822701, 0.42992406377658954, 0.7475731653346568, 1.5283808388405522, 64.04918323177633, 10140.49932626295, 0.7871009719888403, 1.601432716260378, 0.22351434936122025, 0.21375083461180985, 3.477627568708073, 1.948750417011882, 0.42992406377658965, 0.8483633223693582, 1.7106710466758084, 2.5177842244844952, 841.4849764931672], "bias": null, "columns": ["cross_abs_mean", "rsg_norm_2", "cross_compt_ge_dist_mean_nonfinal", "rsg_mean_1v_first", "cross_abs_ge_dist_min", "cross_abs_dist_min", "ge_distances_mean", "cross_compt_mean_nonfinal", "-log_p_compt_mean", "rsg_sum_2_first", "cross_compt_ge_dist_max", "-log_p_compt_mean_nonfinal", "cross_compt_ge_dist_sum_nonfinal", "p_abs_max", "cross_total_dist_min", "distances_mean", "-log_p_compt_max", "-log_p_abs_mean", "p_compt_mean_nonfinal", "cross_compt_sum", "rsg_mean_1", "cross_compt_dist_min", "cross_compt_mean", "cross_compt_ge_dist_mean", "cross_compt_ge_dist_min", "cross_total_mean", "rsg_wmean_2v_first", "rsg_wmean_2v", "rsg_wmean_1v", "first_is_not_closest", "rsg_mean_2", "rsg_sum_1", "rsg_mean_1v", "cross_abs_dist_max", "tango_sigma", "-log_p_abs_final", "p_compt_min_nonfinal", "rsg_mean_1_first", "cross_compt_ge_dist_sum", "cross_total_ge_dist_min", "first_is_not_largest", "p_compt_sum_nonfinal", "tango_v_sigma", "cross_compt_dist_mean_nonfinal", "tango_v_variance"]}