{"model": "linear", "weights": [0.9286680963108658, 1.381042030725448, 0.9396061677906561, -0.29971536782393465, 5.041894211175259, 3.154431192973263, 2.2525848305116525, 0.534722849333802, 1.318521250714107, 0.2083282715372571, 3.185498762373137, 2.085118323729352, -0.779436710221375, 8.842326524570966, 4.852100600350823], "scale": [0.4235973599444964, 1.1976369516195147, 7.473447370602289, 1.3328099433111336, 0.5402900929110258, 0.6434928479912737, 3.7724945378172055, 7.595329527219522, 0.42992406377658965, 0.42992406377658954, 0.5532506452051402, 4.337194179849161, 1.7106710466758084, 1.7329180221000564, 33.6385215388613], "bias": null, "scaled_weights": [2.192336837114727, 1.153139128563061, 0.1257259362642615, -0.2248747987873981, 9.331827988942138, 4.902045458345233, 0.5971075127957681, 0.07040153391864118, 3.0668700866190117, 0.48456992545901106, 5.75778589682798, 0.48075281789709223, -0.4556321402270667, 5.102564813686508, 0.14424238576434986], "columns": ["rc_mean_1_penalty_removed", "rth_mean_1", "rth_norm_2v", "rth_cap_mean_2", "rsl_wmean_1v", "rth_wmean_1v_penalty_removed", "c_penalty_ell_mean_1", "rth_mean_1v_penalty_removed", "first_is_not_largest", "first_is_not_closest", "rth_mean_1_penalty_removed", "rc_wmean_1v", "tango_v_sigma", "ge_distances_mean", "rsl_norm_2v"]}