{"model": "linear", "weights": [63.882497164096776, 62.7505193717602, 0.8668672300789735], "scale": [155383.850037125, 53502.88413678559, 4110.831970396861], "bias": null, "scaled_weights": [0.0004111270067567105, 0.0011728436771993838, 0.0002108739146531659], "columns": ["rsg_sum_2v", "rsg_sum_2v_first", "cross_abs_ge_dist_final"]}