{"model": "linear", "weights": [-0.04351912606907005, 0.2991272436069739, -0.1833976016205666, 0.6956420204469712, -0.1279895424489764, 0.4870749003517153, 0.3936055227917538, 0.30299957861716015], "scale": [841.4849764931672, 0.7871009719888403, 1.7106710466758084, 5.3131816655420545, 8.678771301320403, 1.7329180221000564, 0.42992406377658965, 0.42992406377658954], "bias": null, "columns": ["tango_v_variance", "tango_sigma", "tango_v_sigma", "distances_mean", "ge_distances_sum", "ge_distances_mean", "first_is_not_largest", "first_is_not_closest"]}