{"model": "linear", "weights": [8.859727213641305, 0.10844538019110098, 13.274398407625224, 5.120540058923307, 4.8148014211888, 2.000200744962381, 5.371003002629036, 1.0124707152500196, 12.592200666585509, 2.565229683683282, 7.951385550238524, 6.953293448444069, 0.035860190036739015, 1.75149291296489, 0.8016175910352104, 0.19254577855865726, 23.427543459161303, 1.7340915164434274, 1.818712102451971, 2.418644978853053, 23.876749938210285, 2.7176880271902184], "scale": [1.7329180221000564, 0.36723169067093364, 64.04918323177633, 0.46834287931577423, 0.5249672634021163, 9.042306375338375, 0.6084299906471051, 0.09199963182429603, 0.4261549263658497, 1.127203775778837, 0.7189532086956002, 5.3131816655420545, 0.36723169067093364, 1.0853101433917658, 0.21409776147376652, 0.42992406377658965, 35.96140016475422, 1.601432716260378, 0.1332182274311604, 1.601432716260378, 0.4658563832822701, 0.08972618057006633], "bias": null, "scaled_weights": [5.1126060786790966, 0.29530507019416236, 0.2072532035200018, 10.933314639915446, 9.17162222647156, 0.22120470839360726, 8.827643418623435, 11.005160511768896, 29.548410419583494, 2.2757461772258942, 11.059670440395914, 1.3086873150863154, 0.09765004205171486, 1.6138178783542902, 3.744166148759257, 0.44785997058939647, 0.651463606862634, 1.0828375734029154, 13.65212657098127, 1.5103007165365065, 51.25345663395787, 30.288685085263396], "columns": ["ge_distances_mean", "p_abs_max", "rsg_mean_1v", "rsg_wmean_1v_tango", "-log_p_compt_mean_tango", "cross_total_dist_min", "-log_p_compt_mean", "p_compt_mean_nonfinal_tango", "rsg_mean_1_tango", "-log_p_abs_mean", "cross_compt_ge_dist_mean_tango", "distances_mean", "p_abs_final", "cross_abs_ge_dist_min_tango", "rsg_mean_1_first_tango", "first_is_not_largest", "rsg_norm_2v", "-log_p_abs_final", "p_compt_mean_tango", "-log_p_abs_min", "rsg_wmean_1v", "cross_compt_mean_nonfinal_tango"]}