{"model": "linear", "weights": [1.6806167312501663, 5.645950250943349, 1.7689450430157512, 1.1791554845867507, 2.2585625838367647, 0.17946478671902935, 5.160911979480666, 0.7518924976759931, 13.606560485580347, 1.534432052891882, 1.5148093105419742, 7.674437454187378], "scale": [0.09199963182429603, 0.4261549263658497, 1.601432716260378, 1.601432716260378, 0.21409776147376652, 1.127203775778837, 0.6084299906471051, 1.1620358667906252, 0.46834287931577423, 33.00520700474345, 0.4658563832822701, 0.7189532086956002], "bias": null, "scaled_weights": [18.267646271235783, 13.248586140000075, 1.1046015390184756, 0.736312848247713, 10.54921157647651, 0.15921237186686044, 8.48234317639684, 0.6470475818897151, 29.052561886835687, 0.04649060533604156, 3.2516658886782412, 10.674460258840963], "columns": ["p_compt_mean_nonfinal_tango", "rsg_mean_1_tango", "-log_p_abs_min", "-log_p_abs_final", "rsg_mean_1_first_tango", "-log_p_abs_mean", "-log_p_compt_mean", "cross_compt_dist_min_tango", "rsg_wmean_1v_tango", "rsg_mean_1v_first", "rsg_wmean_1v", "cross_compt_ge_dist_mean_tango"]}