{"model": "linear", "weights": [0.877333364237645, 18.314839733138662, 5.66567011526126, 1.0774886283809308, 2.2931509300563553, 1.0552980203103004, 19.70426682700356, 5.198279707896546, 9.720372893491199, 3.1900175107331803, 2.820647808122187, 0.38801650409090316, 4.462657277908394, 0.9517262527129532, 8.625398649662392, 1.6818589640724384, 0.47546718574196495, 0.14537393564401746], "scale": [11.755027968701482, 2.9640706279447318, 40.20285830429307, 1.3475951441098866, 3.26053824141153, 887.0601153654164, 1.3489986976977582, 0.6434928479912737, 7.597408949214924, 1.1976369516195147, 0.5532506452051402, 24.36621967061161, 2.5825886301091328, 0.7644269497396028, 4.337194179849161, 0.4238674140321679, 0.4235973599444964, 0.66646472279015], "bias": null, "columns": ["c_penalty_ell_sum_1", "rc_mean_1_tango", "rth_sum_1v", "rth_mean_2_penalty_removed", "rc_wmean_1v_tango", "rc_mean_1v", "rth_mean_2_penalty_removed_tango", "rth_wmean_1v_penalty_removed", "rth_mean_1v_penalty_removed_tango", "rth_mean_1", "rth_mean_1_penalty_removed", "rth_sum_1v_penalty_removed_tango", "rc_norm_2", "rc_cap_mean_2_tango", "rc_wmean_1v", "rc_mean_1_penalty_removed_tango", "rc_mean_1_penalty_removed", "c_penalty_sum_1"]}