{"model": "linear", "weights": [-0.2606033424789363, -0.3411511935863972, -1.0091535116917203, 6.793286697376691, 2.9518341512418895, 5.18698102209434, -0.20044205118847475, 0.3882639465974165, 5.326391791910944, -1.8082915701390128, -1.3115307618074197, 2.2073418557608715, -2.092822896961926, -2.9805702366192066, 0.4306641504651906, 1.7657571028403254, 0.47844668549184033, 1.993217604518994, 7.952159117276639, 7.1728515681708505, 0.06633776691506917, 0.5213615839437498, 2.12117047223107, 0.1352760048928397, -0.0022806112960760956, 21.915716766997846, -0.5696145947585637, 29.68389271652133, -0.29180623024564767, 3.9718277757694187, -1.5073156401698247, 1.4931405319982787, 5.050049217637155, 1.546611277751647, 9.883802183893785, 0.20202890412446153, 1.3753564412370207, -0.5764524702688699, -0.5085361693700953, 11.46735432702701], "scale": [0.4885169611233239, 0.7074632003475282, 0.0407740817417473, 0.5249672634021163, 0.1332182274311604, 1.7329180221000564, 2.1141216087222126, 1.9936171909616018, 0.6084299906471051, 1.6056431289339848, 1.4662094072160536, 1.601432716260378, 2.703992927097108, 0.13723654301068527, 0.36723169067093364, 9.042306375338375, 0.09199963182429603, 0.21409776147376652, 35.96140016475422, 5.3131816655420545, 2.164621584344692, 0.36723169067093364, 1.127203775778837, 0.12322559836652847, 0.4054090912781989, 0.4658563832822701, 0.42992406377658954, 64.04918323177633, 2.450009951910144, 0.08972618057006633, 0.7871009719888403, 1.601432716260378, 0.46834287931577423, 2.4218667523384307, 0.7189532086956002, 0.42992406377658965, 1.0853101433917658, 1.7106710466758084, 1.6056431289339848, 0.4261549263658497], "bias": null, "columns": ["cross_compt_ge_dist_min_nonfinal", "cross_compt_ge_dist_mean_nonfinal", "p_abs_min_tango", "-log_p_compt_mean_tango", "p_compt_mean_tango", "ge_distances_mean", "cross_compt_dist_min_nonfinal_tango", "-log_p_compt_max_tango", "-log_p_compt_mean", "-log_p_abs_min_tango", "cross_compt_ge_dist_max", "-log_p_abs_min", "cross_compt_ge_dist_sum_nonfinal", "p_abs_mean_tango", "p_abs_max", "cross_total_dist_min", "p_compt_mean_nonfinal_tango", "rsg_mean_1_first_tango", "rsg_norm_2v", "distances_mean", "-log_p_compt_max", "p_abs_final", "-log_p_abs_mean", "cross_compt_max_tango", "cross_compt_ge_dist_min", "rsg_wmean_1v", "first_is_not_closest", "rsg_mean_1v", "cross_compt_dist_mean_nonfinal_tango", "cross_compt_mean_nonfinal_tango", "tango_sigma", "-log_p_abs_final", "rsg_wmean_1v_tango", "-log_p_compt_sum_tango", "cross_compt_ge_dist_mean_tango", "first_is_not_largest", "cross_abs_ge_dist_min_tango", "tango_v_sigma", "-log_p_abs_final_tango", "rsg_mean_1_tango"]}