{"model": "linear", "weights": [2.441253175267488, 0.4344560213140643, 5.568259684644337, 17.503978944665707, 0.5658950751143758, 3.07267215577142, 14.280047094712028, 1.5238033902633166, 4.033952088813342, 4.612798550737647, 1.2026410297908094, 1.0600377307919198, 0.44946430621910555, 11.942642765961429, 4.367254152252909, 0.1905243598995113, 1.7774671355675202, 1.0030313364598749, 4.985346813817246, 35.58538333097691, 5.725985160070053, 2.113918688845853, 4.405116157734076], "scale": [1.7329180221000564, 13.973363326582698, 1.1976369516195147, 0.5370611863368625, 0.5538487286351177, 0.4238674140321679, 8.678771301320403, 0.5402900929110258, 0.4235973599444964, 5.3131816655420545, 0.5532506452051402, 0.42992406377658965, 7.597408949214924, 2.9640706279447318, 2.5825886301091328, 0.5457937966516953, 3.26053824141153, 0.6434928479912737, 22.71963640955836, 33.6385215388613, 4.337194179849161, 40.20285830429307, 0.6985752978261425], "bias": null, "scaled_weights": [1.4087528343141287, 0.031091728681208932, 4.649371979642588, 32.59215037313576, 1.0217502466945163, 7.24913511643108, 1.645399630767945, 2.820343016199363, 9.523081280161678, 0.8681800926652573, 2.1737724848831967, 2.4656394468367537, 0.05916020964825788, 4.029135693788236, 1.6910374735400122, 0.349077547360064, 0.5451453115906506, 1.5587295796541265, 0.21942898750438916, 1.0578759619344886, 1.320204934949256, 0.05258130337016654, 6.305857323386772], "columns": ["ge_distances_mean", "rth_mean_1v", "rth_mean_1", "rsl_wmean_1v_tango", "rth_mean_1_penalty_removed_tango", "rc_mean_1_penalty_removed_tango", "ge_distances_sum", "rsl_wmean_1v", "rc_mean_1_penalty_removed", "distances_mean", "rth_mean_1_penalty_removed", "first_is_not_largest", "rth_mean_1v_penalty_removed_tango", "rc_mean_1_tango", "rc_norm_2", "rc_wmean_1v_penalty_removed", "rc_wmean_1v_tango", "rth_wmean_1v_penalty_removed", "distances_sum", "rsl_norm_2v", "rc_wmean_1v", "rth_sum_1v", "rsl_mean_1_tango"]}