{"model": "linear", "weights": [2.915293165383742, 0.645378988909797, 0.6924349942818403, 1.9400532797299532, 2.056200509687814, 0.9364491706967606, 0.213287610424177, 1.726453345824575, 0.0019403814140422997, 2.710594329334616, 2.781463943699236, 4.167926106107775, 2.0510058410302485, 0.683877412508252, 0.10090720395481395, 0.6923694434986882, 0.15512356154090173, 2.343947739095717, 1.891895969560739, 2.216317872968415, 0.44632577596201206, 0.5580817679642815], "scale": [1.3475951441098866, 1.7329180221000564, 13.973363326582698, 1.1976369516195147, 8.678771301320403, 0.1696726764555906, 11.755027968701482, 0.543664319034312, 0.4235973599444964, 5.3131816655420545, 887.0601153654164, 0.5532506452051402, 7.595329527219522, 0.42992406377658965, 0.42992406377658954, 1.6100771955661388, 0.5893559489137365, 2.5825886301091328, 0.6434928479912737, 4.337194179849161, 1.7106710466758084, 0.7871009719888403], "bias": null, "scaled_weights": [2.1633301204193276, 0.3724232656589762, 0.04955392471364165, 1.619900986777754, 0.23692299731126462, 5.519151287401675, 0.01814437285832658, 3.175587003559846, 0.004580721216715199, 0.5101640598727917, 0.0031355980226361966, 7.533522359585041, 0.27003513589239564, 1.5906934971279705, 0.23470936487809735, 0.4300225140790444, 0.26320861242991717, 0.9075962434623855, 2.9400419530170048, 0.5110026853917558, 0.26090683935366554, 0.7090345302892017], "columns": ["rth_mean_2_penalty_removed", "ge_distances_mean", "rth_mean_1v", "rth_mean_1", "ge_distances_sum", "rc_cap_norm_2", "c_penalty_ell_sum_1", "rc_cap_wmean_1v", "rc_mean_1_penalty_removed", "distances_mean", "rc_mean_1v", "rth_mean_1_penalty_removed", "rth_mean_1v_penalty_removed", "first_is_not_largest", "first_is_not_closest", "rc_sum_1_penalty_removed", "rth_cap_wmean_1v", "rc_norm_2", "rth_wmean_1v_penalty_removed", "rc_wmean_1v", "tango_v_sigma", "tango_sigma"]}