{"model": "linear", "weights": [0.24271964136620147, 0.6645946211602158, 1.3197789068380736, 2.2674875431356987, 4.2318404042329245, 3.4912960056900597, 1.131783084189519, 1.5078533171543858, 1.5675375495056867, 1.2952720291638216, 1.8283793814714773], "scale": [0.4235973599444964, 0.4238674140321679, 1.1976369516195147, 7.597408949214924, 1.3489986976977582, 2.9640706279447318, 0.6434928479912737, 40.20285830429307, 0.5532506452051402, 2.5825886301091328, 4.337194179849161], "bias": null, "scaled_weights": [0.5729961145130953, 1.5679304404130932, 1.101985793819564, 0.29845537581204035, 3.137023342909901, 1.1778720698402867, 1.7588122194714226, 0.03750612222000567, 2.8333225873138534, 0.5015402042984628, 0.42155811007176647], "columns": ["rc_mean_1_penalty_removed", "rc_mean_1_penalty_removed_tango", "rth_mean_1", "rth_mean_1v_penalty_removed_tango", "rth_mean_2_penalty_removed_tango", "rc_mean_1_tango", "rth_wmean_1v_penalty_removed", "rth_sum_1v", "rth_mean_1_penalty_removed", "rc_norm_2", "rc_wmean_1v"]}