{"model": "linear", "weights": [0.04453928971397285, 0.4920753543846996, 1.0893083843621858, 0.9009915604046139, 1.2600480891258992, 0.4557942505253153, 0.39114552417905707, 0.040694176415657084, 1.829531596910857, 0.6504759245790359, 0.07680961837073799, 3.5112209453171057, 1.2352844686066438, 1.6119627175593654, 0.17219188963690724, 2.260029024315477, 0.0470643622384099], "scale": [0.4235973599444964, 5.3131816655420545, 1.1976369516195147, 22.71963640955836, 0.6434928479912737, 13.973363326582698, 0.7871009719888403, 1.2603161809186687, 7.595329527219522, 0.42992406377658965, 0.42992406377658954, 0.5532506452051402, 2.5825886301091328, 4.337194179849161, 1.7106710466758084, 1.7329180221000564, 8.678771301320403], "bias": null, "scaled_weights": [0.10514534302057217, 0.09261406542448757, 0.9095480753905926, 0.03965695331398695, 1.9581384518246991, 0.03261879333361495, 0.4969445320220019, 0.032288862931200576, 0.2408758685655877, 1.5130018982074382, 0.1786585698321185, 6.346528423866867, 0.4783125172182161, 0.37166026023197934, 0.10065751096419857, 1.3041753825011497, 0.005422929191745086], "columns": ["rc_mean_1_penalty_removed", "distances_mean", "rth_mean_1", "distances_sum", "rth_wmean_1v_penalty_removed", "rth_mean_1v", "tango_sigma", "rth_wmean_1v", "rth_mean_1v_penalty_removed", "first_is_not_largest", "first_is_not_closest", "rth_mean_1_penalty_removed", "rc_norm_2", "rc_wmean_1v", "tango_v_sigma", "ge_distances_mean", "ge_distances_sum"]}