{"model": "linear", "weights": [5.250179801154367, 0.6053529522625529, 8.18874917233249, 7.637086016999037, 1.5066068547133005, 1.1856349174017795, 1.6650127934037753, 0.7445369168884717, 7.172684330025334, 0.4951845232208542, 0.201103206285987, 0.4886287854061881, 1.154937985331398, 1.767741179182106], "scale": [0.42363632227642195, 0.21375083461180985, 0.4658563832822701, 64.04918323177633, 33.00520700474345, 1.601432716260378, 1.127203775778837, 1.601432716260378, 0.7192865363769918, 2.43107446391819, 0.4885169611233239, 0.09859629005797582, 0.6084299906471051, 2.164621584344692], "bias": null, "scaled_weights": [12.3931294959374, 2.8320495373125754, 17.57784043794199, 0.11923783616978423, 0.0456475505363979, 0.7403588707557079, 1.4771178283654536, 0.4649192621886069, 9.97194298416006, 0.2036895745360098, 0.41166064290492344, 4.955853664664953, 1.8982265882440241, 0.8166513685195762], "columns": ["rsg_mean_1", "rsg_mean_1_first", "rsg_wmean_1v", "rsg_mean_1v", "rsg_mean_1v_first", "-log_p_abs_final", "-log_p_abs_mean", "-log_p_abs_min", "cross_compt_ge_dist_mean", "cross_compt_dist_mean", "cross_compt_ge_dist_min_nonfinal", "p_compt_mean_nonfinal", "-log_p_compt_mean", "-log_p_compt_max"]}