{"model": "linear", "weights": [-2.0674074889329855e-10, -0.49009023773956634, 0.22966939629522792, -0.16750218095497285, -1.0779889832105314, 1.4327363491510448, -0.7933169247772927, 0.8471482150473035, 0.36849413199969355, 0.2939652429550171], "scale": [238.27417713172204, 841.4849764931672, 0.7871009719888403, 1.7106710466758084, 22.71963640955836, 5.3131816655420545, 8.678771301320403, 1.7329180221000564, 0.42992406377658965, 0.42992406377658954], "bias": null, "scaled_weights": [-8.676590614307682e-13, -0.0005824111557903088, 0.2917915292556445, -0.09791606707815896, -0.047447457511116314, 0.2696569474450439, -0.09140889847582412, 0.4888564861369941, 0.857114460546181, 0.683760849236335], "columns": ["tango_variance", "tango_v_variance", "tango_sigma", "tango_v_sigma", "distances_sum", "distances_mean", "ge_distances_sum", "ge_distances_mean", "first_is_not_largest", "first_is_not_closest"]}