{"model": "linear", "weights": [5.447988266252333e-06, 8.675391578251213e-12, 1.1166132754173822e-05, 4.016942794606334e-05, 4.266522848033871e-05, 2.472073338854553e-05, 6.084321025492427e-06, 9.612745423632665e-06, 6.351056908897399e-10, 3.02904855317866e-10, 0.0017319407289137132, 4.343931852926654e-05, 6.537002569331279e-10, 2.6689158839041124e-08, 3.7807727435529953e-10, 2.0851011507122248e-11, 1.1707864857072493e-05, 2.3138651973823214e-05, 1.3444248426935506e-05, 3.056264806646175e-10, 1.4470769297190387e-10, 2.474792076328895e-10, 0.9980060091374784, 3.5104394705554654e-07, 2.2581312168950828e-05, 3.698122794916149e-12, 2.5066672684740203e-07, 4.5136322114901546e-08, 1.5426542571301175e-11, 6.58455866536933e-07, 5.501274604567532e-08, 1.7246755026124463e-11, 3.988974553412681e-07, 1.7499215930118122e-11, 2.918640120841526e-11, 5.228444318734427e-11, 7.298285818477337e-11, 2.5254340491781293e-11, 4.505955017396201e-11, 6.086000783915153e-06], "scale": [238.27417713172204, 841.4849764931672, 0.7871009719888403, 22.71963640955836, 8.678771301320403, 1.7329180221000564, 0.42992406377658965, 0.7017887753092958, 1070.893488978808, 356.9655052095232, 99.69769740657071, 0.5402900929110258, 295557.1589603487, 97210.69359732965, 33.6385215388613, 0.66646472279015, 0.2206275929590759, 3.7724945378172055, 4.337194179849161, 2476.5963756571095, 887.0601153654164, 623.2785034999596, 638366286.2120825, 304020918.855084, 0.4235973599444964, 688.1632898444103, 21036873.461330827, 6101106.645181805, 688.1331106483699, 21036873.33102735, 6101106.625306113, 3.977608728955865, 1.2603161809186687, 25.37585494580248, 40.20285830429307, 13.973363326582698, 7.473447370602289, 5011.190796000346, 1929.7669813595455, 0.6434928479912737], "bias": null, "columns": ["tango_variance", "tango_v_variance", "tango_sigma", "distances_sum", "ge_distances_sum", "ge_distances_mean", "first_is_not_largest", "rsl_mean_1", "rsl_sum_2", "rsl_mean_2", "rsl_mean_1v", "rsl_wmean_1v", "rsl_sum_2v", "rsl_mean_2v", "rsl_norm_2v", "c_penalty_sum_1", "c_penalty_mean_1", "c_penalty_ell_mean_1", "rc_wmean_1v", "rc_sum_1v", "rc_mean_1v", "rc_norm_2v", "rc_sum_2v", "rc_mean_2v", "rc_mean_1_penalty_removed", "rc_cap_sum_1v", "rc_cap_sum_2v", "rc_cap_mean_2v", "rc_sum_1v_penalty_removed", "rc_sum_2v_penalty_removed", "rc_mean_2v_penalty_removed", "rth_sum_1", "rth_wmean_1v", "rth_sum_2", "rth_sum_1v", "rth_mean_1v", "rth_norm_2v", "rth_sum_2v", "rth_mean_2v", "rth_wmean_1v_penalty_removed"]}