{"model": "linear", "weights": [0.5467602678002054, 3.21357671986673, 20.243071008085757, 1.3822398948097352, 0.8278231717663233, 0.8400401825719314, 1.0602679068742114, 2.7461980823036205, 0.8642570332280232, 9.74356046161004, 18.346610049335062, 0.16453124680722586, 4.513177939638317, 2.2582162550856415, 5.21678636354935, 0.35839394729631263, 8.609177524843973, 5.651736989499427], "scale": [1.3475951441098866, 1.1976369516195147, 1.3489986976977582, 0.4238674140321679, 11.755027968701482, 0.4235973599444964, 887.0601153654164, 0.5532506452051402, 0.7644269497396028, 7.597408949214924, 2.9640706279447318, 0.66646472279015, 2.5825886301091328, 3.26053824141153, 0.6434928479912737, 24.36621967061161, 4.337194179849161, 40.20285830429307], "bias": null, "scaled_weights": [0.40573036359622044, 2.6832645030876376, 15.005997442868694, 3.26101948168357, 0.07042290107437053, 1.9831100521542466, 0.0011952604885605116, 4.963750347340952, 1.130594667708179, 1.2824846637506446, 6.189666965546124, 0.24687165153830937, 1.747540389135688, 0.6925900228386924, 8.106984218758704, 0.01470863975377255, 1.9849647416854608, 0.14058047680893138], "columns": ["rth_mean_2_penalty_removed", "rth_mean_1", "rth_mean_2_penalty_removed_tango", "rc_mean_1_penalty_removed_tango", "c_penalty_ell_sum_1", "rc_mean_1_penalty_removed", "rc_mean_1v", "rth_mean_1_penalty_removed", "rc_cap_mean_2_tango", "rth_mean_1v_penalty_removed_tango", "rc_mean_1_tango", "c_penalty_sum_1", "rc_norm_2", "rc_wmean_1v_tango", "rth_wmean_1v_penalty_removed", "rth_sum_1v_penalty_removed_tango", "rc_wmean_1v", "rth_sum_1v"]}