{"model": "linear", "weights": [14.071783902766448, 10.254204161204608, 0.0008633324387803747, 1.1519834814822613e-09, 0.2286322228287651, 0.0009597419404421652], "scale": [155383.850037125, 53502.88413678559, 2.703992927097108, 0.7869990139718835, 4110.831970396861, 1.601432716260378], "bias": null, "scaled_weights": [9.056143157351524e-05, 0.00019165703544109298, 0.0003192805832178015, 1.4637673758552094e-09, 5.5617019735956975e-05, 0.0005993020691392694], "columns": ["rsg_sum_2v", "rsg_sum_2v_first", "cross_compt_ge_dist_sum_nonfinal", "-log_p_compt_sum_nonfinal", "cross_abs_ge_dist_final", "-log_p_abs_final"]}