{"model": "linear", "weights": [13.514739032657483, 1.5405239787340272, 52.62908356801531, 0.2553178764573863, 1.7291505464932333, 0.30513245922328414, 2.0994699406403323, 0.05357534674322663, 0.5105057993602224, 10.98426235647886, 4.278467011255567, 3.6210006858352557, -0.09109055100821498, 5.937942606755628, 0.4088228242122829, 1.780678271906675, 0.04271711496889611, -0.3295101803376689, -4.518400853877217, 2.1592775551046173, 0.9176323200046932, -3.2776095808005308, 1.1652367675318123, 0.1740367852460179, 1.0689151067960752, 13.104934530107549, -0.3219403465676728, -0.5009298856866781, -2.7158670148755313, -0.6546753750315928], "scale": [1.7329180221000564, 0.36723169067093364, 64.04918323177633, 2279.705619879433, 1.8466765957072728, 9.042306375338375, 0.6084299906471051, 199.5796602185848, 0.2261573231269946, 0.42363632227642195, 1.127203775778837, 0.09108687608333699, 0.4054090912781989, 5.3131816655420545, 0.48044382949640846, 0.36723169067093364, 0.42992406377658965, 0.42992406377658954, 0.7475731653346568, 1.601432716260378, 0.21375083461180985, 2.703992927097108, 0.14191435089513352, 0.7074632003475282, 1.601432716260378, 0.4658563832822701, 0.7871009719888403, 1.4662094072160536, 1.7106710466758084, 7.303358237366297], "bias": null, "scaled_weights": [7.798833447573874, 4.194964699041861, 0.8216979657268255, 0.00011199598502147365, 0.9363580772685174, 0.03374498126445817, 3.4506351970050138, 0.00026844091569526435, 2.257303863972413, 25.928518823538575, 3.795646451147999, 39.75326459239132, -0.2246879829976655, 1.1175869715250617, 0.8509274115161448, 4.848923219707344, 0.09935967434261621, -0.7664380947722413, -6.044091820570526, 1.3483411030510875, 4.292999939257283, -1.2121368913191772, 8.210845204745041, 0.24600118445811112, 0.6674742534873251, 28.130846759626888, -0.40902039004499835, -0.3416496192299109, -1.5876033093288326, -0.08964032076121721], "columns": ["ge_distances_mean", "p_abs_max", "rsg_mean_1v", "cross_total_dist_mean", "cross_abs_ge_dist_min", "cross_total_dist_min", "-log_p_compt_mean", "cross_total_mean", "-log_p_compt_mean_nonfinal", "rsg_mean_1", "-log_p_abs_mean", "cross_compt_mean_nonfinal", "cross_compt_ge_dist_min", "distances_mean", "cross_compt_sum", "p_abs_final", "first_is_not_largest", "first_is_not_closest", "rsg_mean_2", "-log_p_abs_final", "rsg_mean_1_first", "cross_compt_ge_dist_sum_nonfinal", "p_compt_mean", "cross_compt_ge_dist_mean_nonfinal", "-log_p_abs_min", "rsg_wmean_1v", "tango_sigma", "cross_compt_ge_dist_max", "tango_v_sigma", "cross_compt_dist_sum_nonfinal"]}