{"model": "linear", "weights": [8.03115723563147e-11, 1.5969567424422472e-06, 2.977754358176149e-10, 1.6814482961208992e-09, 1.7661764538559655e-06, 0.8367523322286018, 5.015824531082734e-10, 1.9983068519417943e-10, 1.8078101633746285e-10, 7.156960418444724e-11, 9.785959312128008e-06, 2.3126485986609316e-10, 1.5596137646839157e-11, 0.00010773257576762483, 2.974315272484202e-09, 8.037323273447372e-13, 1.1963298465855446e-11, 2.0779847925201167e-10, 5.950391583731389e-06, 2.372442274782192e-10, 2.3956397955092672e-09, 0.15860173442765, 9.414855204761823e-11, 7.622731021631848e-06, 9.54506134062337e-11, 3.050303276577647e-05, 1.0527463188607902e-10, 4.0354485289481816e-10, 3.0695791620537408e-12, 2.1628178480081376e-10, 2.1926856155735954e-10, 2.0780343060095168e-10, 3.01330689656275e-09, 2.2868008495369584e-05, 8.127899637655703e-11, 6.787666293122729e-07, 1.1377376915700938e-11, 6.658200539385244e-07, 2.39500761715441e-11, 0.0013989015733089224, 1.9166575816360496e-11, 1.0460490879537096e-06, 1.9744565864897123e-10, 5.544490320174866e-11, 3.780630916483556e-10, 8.912912415161791e-05, 9.983251107536069e-05, 1.5472928710578932e-11, 0.002706635596291834, 3.1201580724567512e-06, 1.4324122377266246e-10, 9.642765774170437e-07, 1.765047546109882e-05, 2.469202415196967e-07, 3.6957132854752103e-07, 2.3653452182381493e-05, 7.926551652357145e-10, 8.672651607670471e-06, 6.592863798637009e-06, 7.302313281467968e-10, 1.2440537405497959e-05, 1.0044763343673538e-05, 6.10746105258267e-11, 6.512600252102954e-09, 8.121972659331122e-06, 1.2003671173062497e-11, 6.932631439909101e-05], "scale": [143.3601004509824, 6101112.302332298, 2134.953064058175, 356.9655052095232, 304020918.855084, 593823596.2896891, 97213.84783898831, 688.2556848410459, 200.82250330110892, 200.8005382687225, 1.2603161809186687, 623.2785034999596, 220.5670572264869, 8.678771301320403, 1070.893488978808, 1.1274503063303907, 0.5538487286351177, 759.0206829420099, 0.5402900929110258, 887.0601153654164, 97210.69359732965, 638366286.2120825, 688.1632898444103, 0.6434928479912737, 330.61578168981686, 3.7724945378172055, 200.82964186738758, 688.2178717350724, 182.10585878306313, 688.1331106483699, 640.4787245176883, 1.1976369516195147, 238.27417713172204, 0.6985752978261425, 179.5360029276394, 21036873.33102735, 330.8081014512841, 21036899.499552067, 143.33932827752028, 99.69769740657071, 200.80334788715354, 21036899.35737111, 530.412602629557, 0.5532506452051402, 2476.5963756571095, 2.9640252896503516, 0.5370611863368625, 649.8851714283896, 6101112.27388476, 290993301.3966436, 33.6385215388613, 6101106.625306113, 4.337194179849161, 6101106.645181805, 21036873.461330827, 0.4238674140321679, 295557.1589603487, 0.4235973599444964, 0.42992406377658965, 295567.36106955266, 1070.892271366495, 1.7106710466758084, 841.4849764931672, 356.9618608240511, 0.2206275929590759, 99.76567685617142, 22.71963640955836], "bias": null, "columns": ["rc_cap_norm_2v_tango", "rc_cap_mean_2v_tango", "rc_sum_1v_tango", "rsl_mean_2", "rc_mean_2v", "rc_sum_2v_tango", "rsl_mean_2v_tango", "rc_cap_sum_1v_tango", "rc_mean_1v_penalty_removed_tango", "rc_mean_1v_penalty_removed", "rth_wmean_1v", "rc_norm_2v", "rc_wmean_2v_tango", "ge_distances_sum", "rsl_sum_2", "rsl_wmean_2v_tango", "rth_mean_1_penalty_removed_tango", "rc_mean_1v_tango", "rsl_wmean_1v", "rc_mean_1v", "rsl_mean_2v", "rc_sum_2v", "rc_cap_sum_1v", "rth_wmean_1v_penalty_removed", "rsl_sum_1v", "c_penalty_ell_mean_1", "rc_cap_mean_1v_tango", "rc_sum_1v_penalty_removed_tango", "rc_mean_2_tango", "rc_sum_1v_penalty_removed", "c_penalty_ell_sum_2_tango", "rth_mean_1", "tango_variance", "rsl_mean_1_tango", "c_penalty_ell_mean_2_tango", "rc_sum_2v_penalty_removed", "rsl_sum_1v_tango", "rc_cap_sum_2v_tango", "rc_cap_norm_2v", "rsl_mean_1v", "rc_cap_mean_1v", "rc_sum_2v_penalty_removed_tango", "rc_norm_2v_tango", "rth_mean_1_penalty_removed", "rc_sum_1v", "c_penalty_ell_mean_1_tango", "rsl_wmean_1v_tango", "rc_sum_2_tango", "rc_mean_2v_penalty_removed_tango", "rc_mean_2v_tango", "rsl_norm_2v", "rc_mean_2v_penalty_removed", "rc_wmean_1v", "rc_cap_mean_2v", "rc_cap_sum_2v", "rc_mean_1_penalty_removed_tango", "rsl_sum_2v", "rc_mean_1_penalty_removed", "first_is_not_largest", "rsl_sum_2v_tango", "rsl_sum_2_tango", "tango_v_sigma", "tango_v_variance", "rsl_mean_2_tango", "c_penalty_mean_1", "rsl_mean_1v_tango", "distances_sum"]}