{"model": "linear", "weights": [7.111729866997151e-11, 6.427394845963682e-11, 7.979794540514946e-10, 3.480456926396632e-11, 8.168094402398107e-10, 8.046975489301838e-11, 4.315321103005437e-10, 1.4514767918993177, 0.3975165411116888, 6.242143244341971e-11, 3.003730156627785e-11, 1.8856507680641037e-10, 0.2050079951242935, 0.16060901719809512, 4.35413211632424e-11, 1.2652758167534987e-10, 9.414840784129824e-11, 3.3106011930360525e-11, 7.644415834674632e-11, 8.719160676691908e-10, 7.725516311130966e-10, 3.771335274661482e-11, 8.09004674392055e-11, 3.7277046772295454e-11, 2.2325517643806022e-10, 1.4035485612212866, 7.175573760322443e-11, 2.627216146971637e-10, 8.427310526657902e-11, 5.2773091878070176e-11, 0.9977459093333468, 7.846679161185454e-11, 3.623590853926437e-11, 9.737496309128111e-11, 0.7583143380885058, 0.2750084685741406, 3.544142057899956e-11, 7.644551789921451e-11, 8.210193429183472e-10, 5.887872299228561e-11, 5.890722170151821e-10, 7.329815014183212e-11, 1.98861078463006e-10, 1.1092588543764286e-10, 4.812411740459398e-11, 8.60564389014643e-11, 1.0171844837809465e-10, 8.418293942280256e-11, 7.766448143938242e-11, 8.287817916211101e-10, 2.4930141510948456, 0.6820398076916336, 4.854511932247791e-11, 3.504552515348999e-11, 3.643488825469916e-11, 4.6447607600145043e-10, 0.048487732804961416, 5.327048038692999e-11, 4.459039631524798e-11, 6.658523402172809e-10, 0.11988088407220863, 9.975497949609356e-11, 0.3847051337822977, 1.7309921115192783, 8.214315857486508e-11, 1.3413183295665854, 3.7858317494436464e-10, 0.0733969762871656, 1.6935571518198262e-10, 2.238548471018413, 4.515408331449072e-11, 4.49848371466902e-11, 6.344887794875095e-10, 6.097412262340952e-10, 1.2378531554683864e-10, 7.846303725117972e-11, 6.813019663755181e-11, 6.684534830303455e-11, 9.539889705186467e-10, 1.607115675895708e-09, 8.714747420767001e-10, 4.467262661695095e-11, 0.10618112510222268, 0.13778224714290324], "scale": [2.8240662861582497, 1881.141068108714, 0.7608165262998224, 720.368414096746, 0.4235973599444964, 688.1632898444103, 1.7374066601320535, 5.3131816655420545, 1.1976369516195147, 238.27417713172204, 4.1406037639947915, 8.28284233511746, 22.71963640955836, 11.755027968701482, 294.62281748766827, 7.473447370602289, 200.8005382687225, 24.586307597671478, 21036873.461330827, 1.3328099433111336, 0.5066134782096677, 1.2176681725039065, 5011.190796000346, 11.73617963181699, 1.2068847869736086, 0.6434928479912737, 1.828008201640765, 0.543664319034312, 200.80334788715354, 233.22198261665196, 3.7724945378172055, 6101106.625306113, 7.674625597300401, 591.2025205456359, 13.973363326582698, 0.7871009719888403, 730.3230570802035, 21036873.33102735, 0.21719403031199278, 1.2603161809186687, 2.0300590195458823, 304020918.855084, 40.20285830429307, 2.118218078284036, 0.7703065474657396, 143.33932827752028, 592.1601781106464, 688.1331106483699, 638366286.2120825, 4.923794892770277, 7.595329527219522, 0.42992406377658965, 841.4849764931672, 3.737708991950296, 4.9746442137544005, 2476.5963756571095, 1.3475951441098866, 1929.7669813595455, 3.977608728955865, 0.1696726764555906, 0.42992406377658954, 1.6100771955661388, 887.0601153654164, 0.5532506452051402, 2.5825886301091328, 4.337194179849161, 0.5893559489137365, 1.7106710466758084, 25.37585494580248, 1.7329180221000564, 0.5457937966516953, 229.96953846920044, 8.678771301320403, 1.5608084364073767, 0.2206275929590759, 6101106.645181805, 24.362502108964613, 1878.2357793468932, 2.7973640163755675, 623.2785034999596, 0.3979341355844085, 9.623400619381812, 0.6287701388537806, 0.66646472279015], "bias": null, "scaled_weights": [2.5182588319028704e-11, 3.41675324351179e-14, 1.0488461100239388e-09, 4.831495743411654e-14, 1.9282684867224777e-09, 1.1693409991575128e-13, 2.483771475054347e-10, 0.27318410761534484, 0.3319173983185336, 2.6197313193914453e-13, 7.254328904270308e-12, 2.2765745039831947e-11, 0.009023383624134265, 0.01366300596014973, 1.4778665662942032e-13, 1.6930283362007936e-11, 4.688653160645595e-13, 1.3465223193374482e-12, 3.633817472318928e-18, 6.541938496520123e-10, 1.524933039372015e-09, 3.0971781638231026e-11, 1.6143960733599635e-14, 3.1762505297070202e-12, 1.8498466369594086e-10, 2.181140886961839, 3.9253509660853077e-11, 4.832423344681237e-10, 4.1967978200213276e-13, 2.2627837773257226e-13, 0.26447908653849245, 1.2861075282046493e-17, 4.721521340664564e-12, 1.6470661018395399e-13, 0.05426856228993209, 0.3493941417442942, 4.8528415247757144e-14, 3.6338821219437e-18, 3.780119286607358e-09, 4.671742209115159e-11, 2.901749216862452e-10, 2.410957457067971e-19, 4.94644129424426e-12, 5.236754731481836e-11, 6.24739820308153e-11, 6.003686492436313e-13, 1.7177522592390255e-13, 1.2233525479319555e-13, 1.2166131438460737e-19, 1.6832175378345465e-10, 0.32822988682197196, 1.5864192427387738, 5.768982296604566e-14, 9.376204843385524e-12, 7.32411941219038e-12, 1.8754613410843424e-13, 0.03598093464264338, 2.7604618019425462e-14, 1.1210352589645764e-11, 3.924334513527629e-09, 0.2788419960007283, 6.195664392415514e-11, 0.00043368552719092986, 3.1287665482566993, 3.1806520642582533e-11, 0.30925945990576653, 6.423676144139125e-10, 0.04290537121662945, 6.673891994720612e-12, 1.2917797855813182, 8.273103064105789e-11, 1.9561215561910158e-13, 7.310813448799801e-11, 3.9065731066752807e-10, 5.610599920282841e-10, 1.2860459882822066e-17, 2.796518860535351e-12, 3.5589433998684796e-14, 3.410314013242695e-10, 2.578487252281455e-12, 2.1899974496956564e-09, 4.642083228560491e-12, 0.1688711319780326, 0.20673599431651657], "columns": ["rc_sum_2_penalty_removed", "rth_cap_sum_2v", "rc_cap_mean_2", "c_penalty_ell_sum_2", "rc_mean_1_penalty_removed", "rc_cap_sum_1v", "rth_cap_wmean_2v", "distances_mean", "rth_mean_1", "tango_variance", "rth_cap_norm_2v", "rth_mean_2", "distances_sum", "c_penalty_ell_sum_1", "rc_wmean_2v", "rth_norm_2v", "rc_mean_1v_penalty_removed", "rth_cap_sum_1v", "rc_cap_sum_2v", "rth_cap_mean_2", "rth_cap_mean_1", "rc_wmean_2v_penalty_removed", "rth_sum_2v", "rc_sum_1", "rc_cap_wmean_2v", "rth_wmean_1v_penalty_removed", "rth_wmean_2v_penalty_removed", "rc_cap_wmean_1v", "rc_cap_mean_1v", "rc_mean_2", "c_penalty_ell_mean_1", "rc_mean_2v_penalty_removed", "rth_cap_mean_1v", "rth_mean_2v_penalty_removed", "rth_mean_1v", "tango_sigma", "rc_sum_2", "rc_sum_2v_penalty_removed", "rth_cap_norm_2", "rth_wmean_1v", "rth_cap_sum_1", "rc_mean_2v", "rth_sum_1v", "rth_sum_1_penalty_removed", "rc_mean_2_penalty_removed", "rc_cap_norm_2v", "rth_cap_mean_2v", "rc_sum_1v_penalty_removed", "rc_sum_2v", "rth_cap_sum_2", "rth_mean_1v_penalty_removed", "first_is_not_largest", "tango_v_variance", "rc_mean_1", "rth_sum_2_penalty_removed", "rc_sum_1v", "rth_mean_2_penalty_removed", "rth_mean_2v", "rth_sum_1", "rc_cap_norm_2", "first_is_not_closest", "rc_sum_1_penalty_removed", "rc_mean_1v", "rth_mean_1_penalty_removed", "rc_norm_2", "rc_wmean_1v", "rth_cap_wmean_1v", "tango_v_sigma", "rth_sum_2", "ge_distances_mean", "rc_wmean_1v_penalty_removed", "c_penalty_ell_mean_2", "ge_distances_sum", "rc_cap_sum_1", "c_penalty_mean_1", "rc_cap_mean_2v", "rth_sum_1v_penalty_removed", "rth_sum_2v_penalty_removed", "rc_cap_sum_2", "rc_norm_2v", "rc_cap_mean_1", "rth_wmean_2v", "rth_norm_2", "c_penalty_sum_1"]}