{"model": "linear", "weights": [8.870178713991635, 9.34185527478177, 0.15837603774678521, -0.33245147991533863, 0.8909859839668044, 0.1353100551912903], "scale": [155383.850037125, 53502.88413678559, 2.703992927097108, 0.7869990139718835, 4110.831970396861, 1.601432716260378], "bias": null, "scaled_weights": [5.708558973067235e-05, 0.0001746047045033752, 0.05857117308247215, -0.4224293474492407, 0.00021674103694410753, 0.0844931253229687], "columns": ["rsg_sum_2v", "rsg_sum_2v_first", "cross_compt_ge_dist_sum_nonfinal", "-log_p_compt_sum_nonfinal", "cross_abs_ge_dist_final", "-log_p_abs_final"]}