{"model": "linear", "weights": [1.5090625704842267, 0.01899057023685944, 0.21307983355718801, 0.0577504986740531, 0.012953180410558313, 0.559098577468627, 7.853344577753055, 1.0884315529458095, 0.8062939665739988, 0.24683542599748534, -0.04014132125850826, 0.014592230666934207, 0.0870169764171608, -0.07215113028062571, 0.5930651117464313, 0.6768741077705714, -0.9926283800680743, 4.295454582458943, 3.178136443997009, -0.6711889911966958, 0.2703482221005996, 4.473657549488777], "scale": [5.3131816655420545, 0.4885169611233239, 0.14191435089513352, 2.164621584344692, 35.96140016475422, 0.36723169067093364, 64.04918323177633, 1.601432716260378, 1.601432716260378, 0.21375083461180985, 1.4662094072160536, 0.42992406377658965, 9.042306375338375, 0.42992406377658954, 0.36723169067093364, 0.6084299906471051, 1.7106710466758084, 1.7329180221000564, 0.42363632227642195, 2.703992927097108, 2.644232767414133, 0.4658563832822701], "bias": null, "scaled_weights": [0.2840223928858023, 0.03887392198868886, 1.5014678375595831, 0.026679258440239675, 0.0003601967762994315, 1.52246821740017, 0.12261428142391712, 0.6796611196301054, 0.5034828865347739, 1.1547811097241327, -0.027377618136229312, 0.03394141406915308, 0.009623316530668263, -0.16782296307591454, 1.6149616898881989, 1.112493003592199, -0.5802567255679921, 2.4787407873186336, 7.502039548731802, -0.24822143004540173, 0.1022407049153167, 9.603083074592357], "columns": ["distances_mean", "cross_compt_ge_dist_min_nonfinal", "p_compt_mean", "-log_p_compt_max", "rsg_norm_2v", "p_abs_max", "rsg_mean_1v", "-log_p_abs_min", "-log_p_abs_final", "rsg_mean_1_first", "cross_compt_ge_dist_max", "first_is_not_largest", "cross_total_dist_min", "first_is_not_closest", "p_abs_final", "-log_p_compt_mean", "tango_v_sigma", "ge_distances_mean", "rsg_mean_1", "cross_compt_ge_dist_sum_nonfinal", "-log_p_compt_sum", "rsg_wmean_1v"]}