{"model": "linear", "weights": [0.9872258095707561, 1.5671657992478472, 6.222323042903725, 0.7885722168488861, 0.029541062569470485, 1.167760254692552, 3.734857986785836, 3.2768470563047574, 1.6430559701221077, 1.1481313778997442, 7.6275729319011285, 1.1331566528260058, 0.7130857957667445, 3.266597421173949, 2.01984229306376, 1.859781539694489, 0.6852164759753465, 1.2183425796335314, 1.1312201361370549, 0.09352708574594187, 0.47994005030191733, 1.7442483054809885, 1.6973815697837082, 1.907069401664989, 0.6702053162107725, 1.1971183519848307, 0.4730959812175108, 3.612360232329542], "scale": [1.6100771955661388, 0.17451250826225634, 2.9640706279447318, 40.20285830429307, 1.3475951441098866, 623.2785034999596, 3.26053824141153, 8.678771301320403, 0.5538487286351177, 13.973363326582698, 1.3489986976977582, 0.6434928479912737, 3.7724945378172055, 7.597408949214924, 1.1976369516195147, 0.543664319034312, 591.2025205456359, 0.5532506452051402, 24.36621967061161, 0.1696726764555906, 0.7871009719888403, 0.6473992353638894, 2.5825886301091328, 4.337194179849161, 0.42992406377658965, 1.7106710466758084, 13.70100738048018, 22.71963640955836], "bias": null, "columns": ["rc_sum_1_penalty_removed", "rc_cap_norm_2_tango", "rc_mean_1_tango", "rth_sum_1v", "rth_mean_2_penalty_removed", "rc_norm_2v", "rc_wmean_1v_tango", "ge_distances_sum", "rth_mean_1_penalty_removed_tango", "rth_mean_1v", "rth_mean_2_penalty_removed_tango", "rth_wmean_1v_penalty_removed", "c_penalty_ell_mean_1", "rth_mean_1v_penalty_removed_tango", "rth_mean_1", "rc_cap_wmean_1v", "rth_mean_2v_penalty_removed", "rth_mean_1_penalty_removed", "rth_sum_1v_penalty_removed_tango", "rc_cap_norm_2", "tango_sigma", "rth_wmean_1v_penalty_removed_tango", "rc_norm_2", "rc_wmean_1v", "first_is_not_largest", "tango_v_sigma", "rth_mean_1v_tango", "distances_sum"]}