{"model": "linear", "weights": [1.510160467560237e-08, 1.5512569041790162e-10, 1.999384281776901e-06, 3.5650062759238334e-11, 4.3511476832487934e-05, 3.164309730897063e-11, 1.0161009980267575e-05, 3.934627446544902e-05, 6.592953191144468e-12, 2.565340411767586e-11, 2.367987097509552e-09, 2.3403900659475175e-05, 1.3963218597247952e-10, 1.9732394140414707e-12, 5.331319140730338e-05, 4.3830358022407777e-07, 0.0006332850113649999, 1.2856440263616387e-09, 6.320156210217245e-06, 0.249473982720906, 2.089960080711042e-10, 1.3090512232581165e-05, 3.655457012382674e-12, 1.1376752635038363e-07, 3.459375061575886e-06, 3.228665369756708e-07, 1.6663714188453627e-11, 1.3325733887050104e-05, 0.249470887750759, 1.7326608175802974e-09, 2.118713534924591e-12, 2.2254471586697056e-11, 0.00034288762656147176, 4.036113252124636e-09, 3.739978804186931e-11, 4.5706236525243014e-05, 4.524614601454704e-12, 1.464006001270194e-05, 0.00011392175932592434, 0.000206574187597547, 2.5561725634102144e-05, 0.24947224731158224, 2.243639047436328e-11, 4.383035801328956e-07, 5.331319184562815e-05, 1.2831740288796718e-10, 1.5141063672969037e-05, 2.3892123043471127e-07, 7.735844691602887e-05, 1.4140828509864505e-10, 8.690030838057928e-05, 4.035301958709049e-05, 3.312023992226572e-10, 0.00013759702033637916, 2.736880166565627e-10, 3.071631017952466e-10, 2.0913134122275886e-10, 1.7763974465904384e-05, 1.4461579946234038e-10, 8.042844829622913e-05, 8.196720046896628e-06, 0.24947374405840897], "scale": [10140.539943522452, 10167.71999916096, 5.720865135808337, 0.7869990139718835, 5.3131816655420545, 4.327960860341336, 238.27417713172204, 0.48044382949640846, 0.4885169611233239, 0.14191435089513352, 0.08199323041843305, 2.164621584344692, 0.8662048025870851, 35.96140016475422, 0.36723169067093364, 868.5048888508767, 64.04918323177633, 47827.30742610575, 0.2261573231269946, 0.992565385308932, 871.8361771041352, 10140.49932626295, 0.7871009719888403, 0.21375083461180985, 0.14601883105541327, 0.09859629005797582, 1.4662094072160536, 868.4800892234279, 0.37644606025452726, 10140.214462295236, 0.08060055641253036, 53502.88413678559, 214.3195371648319, 0.0765136846367669, 0.42992406377658965, 1.8466765957072728, 841.4849764931672, 199.5796602185848, 0.35912053623971346, 1.127203775778837, 0.41524305767843556, 0.39248741072373394, 23379.244046614956, 868.5048888508767, 0.36723169067093364, 0.9386358757472293, 0.6084299906471051, 199.57784037656205, 1.7329180221000564, 10169.046489361092, 0.42363632227642195, 0.8483633223693582, 0.07636650353370997, 0.088015715360907, 155383.850037125, 2.644232767414133, 871.8586365301849, 0.09108687608333699, 0.6349777491789669, 0.4658563832822701, 0.04801670574719098, 0.047970882542836234], "bias": null, "scaled_weights": [1.4892308259432413e-12, 1.525668394002811e-14, 3.494898471320799e-07, 4.529873878661806e-11, 8.189344835445008e-06, 7.311317807637247e-12, 4.264419293178545e-08, 8.1895680722325e-05, 1.3495853196139298e-11, 1.8076680727400318e-10, 2.8880275669406975e-08, 1.081200558505951e-05, 1.6119996743892608e-10, 5.4871039642539936e-14, 0.00014517590055994348, 5.046644939489051e-10, 9.887479892964695e-06, 2.6880961851092856e-14, 2.7945839307039702e-05, 0.2513426182429868, 2.397193573284594e-13, 1.2909139689677761e-09, 4.644203402704605e-12, 5.322436591042808e-07, 2.3691294037705822e-05, 3.2746317005013204e-06, 1.1365166603380101e-11, 1.5343741384981694e-08, 0.6627002221303199, 1.7087023396032886e-13, 2.628658695704997e-11, 4.1594900809087646e-16, 1.599889730527735e-06, 5.275021417783315e-08, 8.699161361971155e-11, 2.475053652138675e-05, 5.376940442015655e-15, 7.335446907098533e-08, 0.00031722429610620044, 0.0001832625050025364, 6.155846596693052e-05, 0.6356184695238086, 9.596713405116197e-16, 5.046644938439177e-10, 0.00014517590175353536, 1.3670626299662397e-10, 2.4885465716220735e-05, 1.1971330583792088e-09, 4.464056921877999e-05, 1.3905756576743662e-14, 0.00020512950332874662, 4.75657286484171e-05, 4.337011436911691e-09, 0.001563323319843108, 1.7613671986578523e-15, 1.161634125333186e-10, 2.3986840579461123e-13, 0.00019502232626412405, 2.277493969660042e-10, 0.00017264644466081342, 0.00017070558921831373, 5.200524377170632], "columns": ["cross_total_dist_max", "cross_abs_dist_sum", "-log_p_abs_sum", "-log_p_compt_sum_nonfinal", "distances_mean", "cross_compt_dist_max", "tango_variance", "cross_compt_sum", "cross_compt_ge_dist_min_nonfinal", "p_compt_mean", "cross_compt_min_nonfinal", "-log_p_compt_max", "rsg_wmean_2v", "rsg_norm_2v", "p_abs_max", "cross_abs_max", "rsg_mean_1v", "rsg_mean_2v", "-log_p_compt_mean_nonfinal", "-log_p_abs_max", "cross_abs_sum", "cross_abs_dist_max", "tango_sigma", "rsg_mean_1_first", "p_abs_mean", "p_compt_mean_nonfinal", "cross_compt_ge_dist_max", "cross_total_max", "cross_abs_min", "cross_abs_dist_final", "cross_compt_min", "rsg_sum_2v_first", "rsg_sum_1v", "-log_p_compt_min_nonfinal", "first_is_not_largest", "cross_abs_ge_dist_min", "tango_v_variance", "cross_total_mean", "p_compt_min", "-log_p_abs_mean", "cross_compt_sum_nonfinal", "cross_total_min", "rsg_mean_2v_first", "cross_abs_final", "p_abs_final", "p_compt_sum", "-log_p_compt_mean", "cross_abs_mean", "ge_distances_mean", "cross_total_dist_sum", "rsg_mean_1", "p_compt_sum_nonfinal", "-log_p_compt_min", "cross_compt_mean", "rsg_sum_2v", "-log_p_compt_sum", "cross_total_sum", "cross_compt_mean_nonfinal", "p_abs_sum", "rsg_wmean_1v", "p_compt_max", "p_abs_min"]}