{"model": "linear", "weights": [8.953348256768228, 1.2817442348625725, 0.15814219924043577, 5.181594456624033, 4.903554054678604, 2.0502010212342996, 2.450492023039124, 1.1139951793201213, 1.391708462353572, 0.3130851810180529, 0.6673888123100419, 3.274016023938591, 3.0927577366470103, 0.5985345146264992], "scale": [1.7329180221000564, 0.42992406377658965, 0.42992406377658954, 0.5402900929110258, 33.6385215388613, 3.7724945378172055, 4.337194179849161, 0.4235973599444964, 1.1976369516195147, 13.973363326582698, 7.473447370602289, 0.5532506452051402, 0.6434928479912737, 7.595329527219522], "bias": null, "scaled_weights": [5.166631163497285, 2.981327036228965, 0.3678375149584893, 9.590393243574301, 0.14577198492548832, 0.5434603021110169, 0.5649947688356318, 2.6298444812453203, 1.1620453597992468, 0.022405857036755406, 0.08930133300132637, 5.917780760516992, 4.806203746166501, 0.07880296865086894], "columns": ["ge_distances_mean", "first_is_not_largest", "first_is_not_closest", "rsl_wmean_1v", "rsl_norm_2v", "c_penalty_ell_mean_1", "rc_wmean_1v", "rc_mean_1_penalty_removed", "rth_mean_1", "rth_mean_1v", "rth_norm_2v", "rth_mean_1_penalty_removed", "rth_wmean_1v_penalty_removed", "rth_mean_1v_penalty_removed"]}