{"model": "linear", "weights": [2.629816143694816e-10, 1.3050323909770102e-05, 9.790615499983143e-11, 1.2738164808780956e-05, 3.389773794846798e-05, 2.2603535212767304e-05, 4.054196212378796e-11, 1.4681929864377264e-13, 5.928355651341271e-05, 4.270913012820212e-06, 1.77855129765705e-05, 9.28695836448063e-05, 6.450779502445545e-08, 7.215054227569008e-06, 1.9276154770337128e-10, 1.4844791576808686e-12, 4.4135633673204116e-10, 2.409564292370053e-10, 1.3650088504616744e-11, 3.2095914187503683e-11, 2.9192338954765413e-05, 2.5416861772335524e-08, 3.405720855588691e-06, 1.0750460169543939e-10, 6.403872335971598e-06, 0.21434582844699274, 0.0010241009695336394, 2.8135569196931806e-12, 2.2124381754739942e-12, 1.0354205507403403e-11, 1.4836549353194377e-12, 6.723431212166498e-12, 1.8935782367866151e-06, 1.8935782367873106e-06, 4.4009775849314514e-12, 5.302412577353076e-05, 9.40565659763963e-09, 2.56846966044402e-10, 4.292944410854275e-06, 4.411351342304949e-05, 1.7564695955669907e-12, 8.446020929920192e-08, 0.1391080164387519, 0.2143491000457405, 2.5571013334327655e-12, 8.244476165122318e-12, 7.714289858211443e-06, 1.7456385058828452e-10, 2.539755551383514e-10, 8.476444317072492e-06, 7.795053686088513e-11, 4.5410280531316695e-11, 5.916257051448245e-11, 0.0003315691704095898, 7.516116541878945e-05, 1.1705989439138312e-07, 4.09565686320401e-05, 7.379548803138124e-10, 1.1055988587336626e-05, 8.446443626070726e-10, 1.3147685869748816e-10, 3.864984628885386e-11, 4.662178601484389e-12, 7.203096523764384e-05, 0.0005615790187184807, 3.977551777666275e-12, 0.2143507602933676, 4.3206808248552146e-11, 9.10839463734206e-11, 2.9192338873458382e-05, 1.3964214317173111e-05, 1.982149808942118e-10, 4.027197387462749e-11, 1.3250195550177139e-05, 4.597315955320244e-06, 2.76192717073276e-10, 2.8294644872420878e-12, 1.3906133501053118e-12, 0.00012020954177812021, 9.940314033713583e-12, 6.942380802497978e-09, 1.7237649767942523e-05, 6.710813219396222e-05, 5.758224400208722e-06, 1.6334836955101087e-10, 8.263497949672612e-09, 3.844482623662619e-11, 1.245244544939185e-09, 0.00045383474634439413, 2.00564207941034e-10, 3.806960270087607e-05, 4.218948815665462e-11, 2.5815382637285347e-05, 1.262135466730503e-11, 6.481816385829992e-05, 1.1966203117853302e-10, 8.528939940341654e-05, 8.817589364718635e-06, 0.2143504873649011, 1.2817828570639587e-12, 6.944891906941756e-06], "scale": [10140.539943522452, 10167.71999916096, 5.720865135808337, 0.7869990139718835, 720.368414096746, 0.4235973599444964, 688.1632898444103, 1.7374066601320535, 5.3131816655420545, 1.1976369516195147, 238.27417713172204, 0.48044382949640846, 0.4885169611233239, 0.14191435089513352, 0.08199323041843305, 11.755027968701482, 2.164621584344692, 0.8662048025870851, 200.8005382687225, 35.96140016475422, 0.36723169067093364, 21036873.461330827, 64.04918323177633, 47827.30742610575, 0.2261573231269946, 0.992565385308932, 99.69769740657071, 1.2176681725039065, 1.2068847869736086, 0.6434928479912737, 1.828008201640765, 0.543664319034312, 1.601432716260378, 1.601432716260378, 200.80334788715354, 3.7724945378172055, 6101106.625306113, 10140.49932626295, 0.7871009719888403, 0.21375083461180985, 0.14601883105541327, 21036873.33102735, 304020918.855084, 0.37644606025452726, 0.4397715460134327, 143.33932827752028, 1.1681864888448454, 295557.1589603487, 10140.214462295236, 638366286.2120825, 688.1331106483699, 0.08060055641253036, 53502.88413678559, 214.3195371648319, 0.0765136846367669, 0.42992406377658965, 1.8466765957072728, 1070.893488978808, 841.4849764931672, 97210.69359732965, 2476.5963756571095, 2279.4260227014133, 0.7192865363769918, 0.35912053623971346, 1.127203775778837, 0.41524305767843556, 0.39248741072373394, 23379.244046614956, 887.0601153654164, 0.36723169067093364, 0.5532506452051402, 0.9386358757472293, 330.61578168981686, 0.6084299906471051, 4.337194179849161, 2.5825886301091328, 0.5893559489137365, 1.7106710466758084, 1.7329180221000564, 0.5457937966516953, 10169.046489361092, 0.42363632227642195, 0.8483633223693582, 0.2206275929590759, 356.9655052095232, 6101106.645181805, 2279.705619879433, 0.07636650353370997, 0.088015715360907, 155383.850037125, 2.644232767414133, 33.6385215388613, 0.09108687608333699, 0.6349777491789669, 0.4658563832822701, 623.2785034999596, 0.04801670574719098, 0.19622567410861258, 0.047970882542836234, 0.7017887753092958, 0.6287701388537806], "bias": null, "scaled_weights": [2.5933689511027302e-14, 1.2835054378805685e-09, 1.7113872233591406e-11, 1.618574430543828e-05, 4.70561136289847e-08, 5.3360897281628546e-05, 5.891328805544722e-14, 8.450485543356526e-14, 1.1157825996782394e-05, 3.5661165990618726e-06, 7.46430569634844e-08, 0.00019329956582468823, 1.3204821973043173e-07, 5.084090637810488e-05, 2.3509446660371635e-09, 1.2628461298717364e-13, 2.0389537826107164e-10, 2.781748941097338e-10, 6.797834618525491e-14, 8.925101369929667e-13, 7.949297322742191e-05, 1.2082052886354915e-15, 5.317352515276154e-08, 2.2477661294551525e-15, 2.8316006961117143e-05, 0.21595134347776843, 1.0272062406389585e-05, 2.310610544995709e-12, 1.833180929409109e-12, 1.60906302839652e-11, 8.116237848319027e-13, 1.236687966594726e-11, 1.1824275959644732e-06, 1.1824275959649075e-06, 2.191685363435619e-14, 1.4055454618155904e-05, 1.5416312441790373e-15, 2.532882827369183e-14, 5.4541215976482634e-06, 0.00020637820433853964, 1.2029062161855145e-11, 4.014865135620287e-15, 4.5756067366226126e-10, 0.5694018949243677, 5.81461296578442e-12, 5.751719548427164e-14, 6.603645849251068e-06, 5.906263654797941e-16, 2.5046369194923723e-14, 1.3278339567977104e-14, 1.1327828243497672e-13, 5.63399094900753e-10, 1.1057828277673273e-15, 1.5470786041992144e-06, 0.0009823231723266464, 2.722803961311023e-07, 2.2178528025560335e-05, 6.891020329365509e-13, 1.3138664261614895e-08, 8.688800906058701e-15, 5.308772151562392e-14, 1.695595553614362e-14, 6.481670885941416e-12, 0.0002005760126999896, 0.0004982054095147614, 9.578851961798464e-12, 0.5461341037617279, 1.8480840596215936e-15, 1.0268069186708883e-13, 7.949297300601664e-05, 2.524030371802876e-05, 2.1117345502740006e-10, 1.218089882727092e-13, 2.177768314162931e-05, 1.059974666728002e-06, 1.0694413885869422e-10, 4.800943288104883e-12, 8.129051770692936e-13, 6.93682795406807e-05, 1.8212581554966098e-11, 6.826973216968899e-13, 4.068973518445141e-05, 7.910305693855168e-05, 2.6099293941337666e-05, 4.576026735556213e-13, 1.3544260787833468e-15, 1.686394326591142e-14, 1.6306161567152343e-08, 0.0051562921971769725, 1.2907661117491574e-15, 1.4397220687233737e-05, 1.2542016184603927e-12, 0.00028341495226673927, 1.9876845580218485e-11, 0.00013913765311449113, 1.9198806072499303e-13, 0.001776244289903333, 4.493596164097275e-05, 4.468345713120746, 1.826451066418161e-12, 1.104519995113314e-05],