{"model": "linear", "weights": [1.7983670146005397, 0.26735594826029785, 1.469175164640617, 1.112320168868586, 0.02735377215859256, 1.465975342622737, 2.3797629282353574, 9.494978829428563, 5.243398044124711, 2.5053461722667785, 11.958548118171397, 1.1233015859400137], "scale": [5.3131816655420545, 1.601432716260378, 1.601432716260378, 0.21375083461180985, 0.42992406377658965, 1.127203775778837, 0.6084299906471051, 1.7329180221000564, 0.42363632227642195, 33.00520700474345, 0.4658563832822701, 0.19622567410861258], "bias": null, "scaled_weights": [0.3384727133016388, 0.1669479744891313, 0.9174129825893621, 5.20381672842895, 0.06362465947662554, 1.30054154725469, 3.911317595808063, 5.479185228809592, 12.377121055034094, 0.07590760366710364, 25.67003168211503, 5.724539314454115], "columns": ["distances_mean", "-log_p_abs_min", "-log_p_abs_final", "rsg_mean_1_first", "first_is_not_largest", "-log_p_abs_mean", "-log_p_compt_mean", "ge_distances_mean", "rsg_mean_1", "rsg_mean_1v_first", "rsg_wmean_1v", "rsg_norm_2"]}