{"model": "linear", "weights": [2.3447130837072e-10, 2.2706337836064047e-10, 5.682008539799205e-11, -2.5267856581866198e-11, 1.2533305262623313e-10, -2.3939315939111406e-10, 1.6891197204018427, -1.6437395342234804e-12, 1.9979155663327025e-12, 2.455102782474177e-09, 0.058553041937788534, 3.5488713923812484e-11, 0.6702735207322543, 7.803691961917928e-11, -5.010362441202436e-11, 6.648349666400413e-13, 5.468247728266529e-11, 1.207600778262544e-10, -9.81304072347081e-11, 0.8754666960161196, 0.8384255750387184, 7.6795249904025e-11, 12.094631767013556, -7.943581214256703e-12, 0.2694482248755031, -5.732276056758115e-26, 0.9001558647158276, 0.9292330370317601, 7.43356081446243e-11, 6.242612395346431e-11, -2.393931594066136e-10, 2.3753685823674837e-10, -2.4427685472341325e-10, -5.010362441613267e-11, 0.45979777702040414, -7.342264063877978e-10, -5.83131136245314e-10, 1.8440821964298595e-10, -0.13747374415106492, 7.684078657782524e-11, 1.614303184128744e-11, 6.747863174378542e-26, 5.659585379432964e-11, -0.019677549303961324, -2.52834025920781e-10, -9.787597627382356e-12, 2.358537324311531e-10, -3.181771495527023e-11, -1.819346162777778e-12, -7.106117107404404e-12, 4.0862366011279807e-10, 2.365739380731044e-12, -2.3628053351111265e-12, 0.023970642458598368, 0.4712605444959483, 9.691957327358058e-11, 0.16359063857675907, 1.0425501160074765e-09, 4.0276326523023565e-07, 1.4633657251444185e-11, 5.885145717336906e-10, 1.2551301605489964e-10, 1.3913538470848515e-11, -2.6100258290515136e-10, 0.27195999057292924, -0.0623037337633015, 6.252315366764894e-11, 1.2290699228088785e-10, 9.830608932659985e-26, -1.5649483401564662e-10, 7.67952499040323e-11, 0.7035111646517801, -1.181952973659449e-11, -4.7780615077132164e-09, 0.8322400965746577, 4.0085514766591107e-10, 0.0892869790641461, -0.9745727333525074, -8.101466305963335e-12, 4.323890257812842, 2.2741866731072167e-10, 3.680372444388719, -1.4374415891082332e-11, 3.391111819928933e-11, -2.1381618289192996, -6.661215023573941e-11, -0.7788180775289556, 1.0624745678750864e-09, 6.325506866222035e-12, -7.616986016025644e-11, 4.304419957190458e-11, -2.364918793808184e-12, 2.1412225896093112e-10, 7.445597791113724e-11, -1.845651547260876e-11, 0.2999700829768201, 2.22129328571779e-11, 5.612925778347109e-11, -1.1667995751808312e-11, 5.459328108692684e-11, 4.102688149844658, -1.145192492306113e-11, 6.407174334270938e-10, 2.68782057750883e-25], "scale": [10140.539943522452, 10167.71999916096, 4110.816211922031, 5.720865135808337, 0.7869990139718835, 1.2611234295686164, 5.3131816655420545, 4.327960860341336, 238.27417713172204, 0.48044382949640846, 0.4885169611233239, 10.077907951487141, 0.14191435089513352, 22.71963640955836, 0.6364397517941597, 0.08199323041843305, 4123.263963202542, 2.164621584344692, 0.8662048025870851, 35.96140016475422, 0.36723169067093364, 868.5048888508767, 64.04918323177633, 47827.30742610575, 0.2261573231269946, 0.992565385308932, 1.601432716260378, 1.601432716260378, 871.8361771041352, 899.5732515964763, 1.261123429568616, 10140.49932626295, 0.7871009719888403, 0.6364397517941597, 0.21375083461180985, 0.3998970272255298, 0.14601883105541327, 0.09859629005797582, 1.4662094072160536, 868.4800892234279, 8.708497176862368, 0.37644606025452726, 4110.848512554627, 7.303358237366297, 2.656477160739345, 1.1681864888448454, 10140.214462295236, 2.2140630440843605, 0.08060055641253036, 53502.88413678559, 214.3195371648319, 0.0765136846367669, 85.07289438663827, 0.42992406377658965, 1.8466765957072728, 841.4849764931672, 9.042306375338375, 2279.4260227014133, 199.5796602185848, 0.22351434936122025, 0.7192865363769918, 2.43107446391819, 0.12232437491732263, 0.35912053623971346, 1.127203775778837, 0.42992406377658954, 899.6286752819528, 0.41524305767843556, 0.39248741072373394, 23379.244046614956, 868.5048888508767, 0.36723169067093364, 0.9386358757472293, 2.5177842244844952, 0.6084299906471051, 0.7074632003475282, 199.57784037656205, 1.7106710466758084, 1.5283808388405522, 1.7329180221000564, 10169.046489361092, 0.42363632227642195, 8.678771301320403, 0.8483633223693582, 0.7475731653346568, 3.477627568708073, 2.703992927097108, 2279.705619879433, 0.07636650353370997, 0.4054090912781989, 0.088015715360907, 155383.850037125, 2.644232767414133, 871.8586365301849, 33.00520700474345, 0.09108687608333699, 0.6349777491789669, 4110.831970396861, 1.948750417011882, 4123.577734449815, 0.4658563832822701, 0.04801670574719098, 0.19622567410861258, 0.047970882542836234], "bias": null, "scaled_weights": [2.3122171962893848e-14, 2.2331789071628423e-14, 1.3822093343216034e-14, -4.416789415941361e-12, 1.5925439600450477e-10, -1.8982532064526118e-10, 0.31791115507237555, -3.797953787627004e-13, 8.384943724842749e-15, 5.11007246163941e-09, 0.11985876969992673, 3.521436601192176e-12, 4.723084850154073, 3.434778541893762e-12, -7.872485065676588e-11, 8.108412892713379e-12, 1.3261939514586248e-14, 5.578807801771632e-11, -1.132877662899386e-10, 0.02434462206713978, 2.2830970102468875, 8.842235765147298e-14, 0.1888335050775967, -1.660888233469909e-16, 1.1914194117172108, -5.77521253672771e-26, 0.5620940896086144, 0.5802510636860722, 8.526327548317071e-14, 6.939526474656335e-14, -1.898253206575515e-10, 2.342457216298511e-14, -3.103500864776936e-10, -7.872485066322102e-11, 2.151092312015703, -1.8360386709594529e-09, -3.993533793076451e-09, 1.870336292922905e-09, -0.09376133004908994, 8.847731517545124e-14, 1.853710406449681e-12, 1.792517942627981e-25, 1.376743843065114e-14, -0.002694315226560398, -9.517643503865577e-11, -8.37845474232523e-12, 2.325924499014665e-14, -1.4370735756726677e-11, -2.2572377211219078e-11, -1.328174587604827e-16, 1.9066094744247603e-12, 3.091916683874145e-11, -2.7773891462687013e-14, 0.055755526331865736, 0.2551938685915151, 1.151768314123521e-13, 0.018091693842948037, 4.573739641578367e-13, 2.0180576757627454e-09, 6.547077309920185e-11, 8.181921139494802e-10, 5.162861850500824e-11, 1.1374297624862162e-10, -7.267826720188783e-10, 0.24126958799886877, -0.1449179960200546, 6.949884478510374e-14, 2.9598807254730095e-10, 2.5046940778387424e-25, -6.693750820326684e-15, 8.842235765148137e-14, 1.9157147450059733, -1.2592241615722603e-11, -1.897724777702705e-09, 1.367848576447581, 5.666091854233526e-10, 0.0004473792225413405, -0.5697020097734781, -5.300685601442899e-12, 2.4951499163087276, 2.2363814301434086e-14, 8.687575287718795, -1.6562731511193739e-12, 3.997240015584407e-11, -2.860137212070922, -1.915448072563032e-11, -0.2880251903488008, 4.660577921158424e-13, 8.283090849419088e-11, -1.8788394685502335e-10, 4.890512949352573e-10, -1.521984938102092e-17, 8.09770840145541e-11, 8.539914017191648e-14, -5.592001125748499e-13, 3.293230549507178, 3.498222242574557e-11, 1.3653989797605948e-14, -5.987424377155204e-12, 1.3239299608889491e-14, 8.806765984268528, -2.3849876297961315e-10, 3.26520694265752e-09, 5.603025074864331e-24],