{"model": "linear", "weights": [31.21769872308356, 0.19663537052258392, 3.9679840197076546, 5.042420210470656, 4.250762399054607, 2.7842089277175934, 2.443409251688566, 2.3375429709863873, 1.2565102371189796, 0.5157041925765363, 0.6133761741953923, 3.6217342950742872, 6.137529106273452, 1.137362934491424, 2.4439500791377298, 3.6080468417465212, 3.541643746435297, 12.727142026123786, 1.720244252068321, 5.451795894995544, 0.1327689255604349, 11.81373073855314, 5.359446259063119, 8.079929440826845, 0.06754709235417251, 9.74679456233807, 0.3025710936673906, 0.30483250992493227, 0.016352213131892793, 2.1631460852917663, 5.010748432224101, 3.4859104141070425, 9.734007710428749, 3.1421833850705783, 2.3086755701174146, 2.5019648909498606, 0.023141038135067665, 0.40046842459524035, 1.4902435350325345, 1.1966953852818059, 3.3217803168391735, 0.12653226797646008], "scale": [0.4658563832822701, 33.6385215388613, 2.3616681510432023, 0.4235973599444964, 4.337194179849161, 1.1976369516195147, 0.5532506452051402, 1.2603161809186687, 13.973363326582698, 7.473447370602289, 5.3131816655420545, 1.7329180221000564, 0.7192865363769918, 1.1681864888448454, 1.601432716260378, 1.127203775778837, 1.601432716260378, 0.6084299906471051, 0.010574343179804935, 0.009608066564835288, 0.42992406377658965, 0.21409776147376652, 0.1975518750113046, 0.5370611863368625, 0.048318954857064764, 2.9640706279447318, 0.4238674140321679, 0.17451250826225634, 0.5538487286351177, 7.597408949214924, 5.3131816655420545, 1.7329180221000564, 0.7189532086956002, 1.1620358667906252, 1.109357976646895, 0.1332182274311604, 0.09199963182429603, 0.5466373347610649, 0.9911653601320767, 0.0022102100760266314, 1.0779927855001366, 0.42992406377658965], "bias": null, "columns": ["rsg_wmean_1v", "rsl_norm_2v", "rlg_norm_2v", "rc_mean_1_penalty_removed", "rc_wmean_1v", "rth_mean_1", "rth_mean_1_penalty_removed", "rth_wmean_1v", "rth_mean_1v", "rth_norm_2v", "distances_mean", "ge_distances_mean", "cross_compt_ge_dist_mean", "cross_compt_dist_min", "-log_p_abs_final", "-log_p_abs_mean", "-log_p_abs_min", "-log_p_compt_mean", "klein-nishina_rel_sum_mean", "klein-nishina_rel_sum_min", "first_is_not_largest", "rsg_mean_1_first_tango", "rsg_norm_2_tango", "rsl_wmean_1v_tango", "rlg_wmean_1v_tango", "rc_mean_1_tango", "rc_mean_1_penalty_removed_tango", "rc_cap_norm_2_tango", "rth_mean_1_penalty_removed_tango", "rth_mean_1v_penalty_removed_tango", "distances_mean_tango", "ge_distances_mean_tango", "cross_compt_ge_dist_mean_tango", "cross_compt_dist_min_tango", "-log_p_abs_mean_tango", "p_compt_mean_tango", "p_compt_mean_nonfinal_tango", "-log_klein-nishina_rel_geo_mean_tango", "-log_klein-nishina_rel_geo_max_tango", "klein-nishina_sum_min_tango", "-log_klein-nishina_geo_max_tango", "first_is_not_largest_tango"]}