{"model": "linear", "weights": [-0.37542999316883907, 0.957704276618513, -0.7677777168778516, -0.33549037312686436, 7.20441356711151, 1.2595782052661477, -2.305458584850816, 1.4301808971698478, 0.3690092277968887, -0.5768773095056067, -0.3932217620837729, 0.026837728153007695, 1.013318202949426, 0.17078598571806272, 0.10669370201977667, -0.21690156905500815, -1.640783480977832, 1.5596747274383636, 0.5442539341583639, -0.8815261519840832, 0.7190912071485164, 3.910667003953063, 1.7214924287509268, 4.723222010565039, 1.6431812230875769, 1.6248582637832387, 0.4048243456916397, 1.2034585934307818, 0.5862418583134015, -0.40235298593297153, -0.3317433971755979, -0.13623776863328071, 7.019111083784917, 0.16494630873615046, -0.16114230920975822, -0.4113476956122798, 0.8080807406813557, 0.16295957783413462, -2.188229321575654, 1.5360501375560083, -1.225244964127146, 0.1205235365076629, -0.9799239450072155, 21.690280914207932, 1.373323770368455, 0.14151878666660686, -0.0727231840844045, 2.104033816155983, -0.6235854436235052, 1.4289172077785464, 1.4090920189039875, 0.0061063959252141975, -0.41406809646371184, -0.404388042878318, 0.35352508858019294, 0.44298667525686225], "scale": [0.7074632003475282, 1.8466765957072728, 11.755027968701482, 8.708497176862368, 1.7329180221000564, 0.09108687608333699, 2.3133524204175604, 0.6084299906471051, 40.20285830429307, 0.3998970272255298, 1.4662094072160536, 0.5457937966516953, 1.601432716260378, 623.2785034999596, 10140.214462295236, 2.703992927097108, 0.5402900929110258, 4.923794892770277, 9.042306375338375, 2.8240662861582497, 0.6434928479912737, 5.3131816655420545, 2.164621584344692, 1.127203775778837, 0.48044382949640846, 1.1976369516195147, 0.543664319034312, 0.42363632227642195, 1.1681864888448454, 1.2176681725039065, 4.327960860341336, 0.4054090912781989, 0.4658563832822701, 0.5532506452051402, 0.42992406377658954, 3.737708991950296, 0.1696726764555906, 0.14191435089513352, 0.7608165262998224, 0.7871009719888403, 4.1406037639947915, 1.601432716260378, 1.7374066601320535, 33.6385215388613, 4.337194179849161, 2.2140630440843605, 0.22351434936122025, 0.21375083461180985, 0.6287701388537806, 1.9652088674525527, 0.4235973599444964, 0.42992406377658965, 1.7106710466758084, 2.5177842244844952, 2279.705619879433, 2279.4260227014133], "bias": null, "columns": ["cross_compt_ge_dist_mean_nonfinal", "cross_abs_ge_dist_min", "c_penalty_ell_sum_1", "cross_abs_dist_min", "ge_distances_mean", "cross_compt_mean_nonfinal", "rsl_sum_1", "-log_p_compt_mean", "rth_sum_1v", "rsg_mean_2_first", "cross_compt_ge_dist_max", "rc_wmean_1v_penalty_removed", "-log_p_abs_min", "rc_norm_2v", "cross_abs_dist_final", "cross_compt_ge_dist_sum_nonfinal", "rsl_wmean_1v", "rth_cap_sum_2", "cross_total_dist_min", "rc_sum_2_penalty_removed", "rth_wmean_1v_penalty_removed", "distances_mean", "-log_p_compt_max", "-log_p_abs_mean", "cross_compt_sum", "rth_mean_1", "rc_cap_wmean_1v", "rsg_mean_1", "cross_compt_dist_min", "rc_wmean_2v_penalty_removed", "cross_compt_dist_max", "cross_compt_ge_dist_min", "rsg_wmean_1v", "rth_mean_1_penalty_removed", "first_is_not_closest", "rc_mean_1", "rc_cap_norm_2", "p_compt_mean", "rc_cap_mean_2", "tango_sigma", "rth_cap_norm_2v", "-log_p_abs_final", "rth_cap_wmean_2v", "rsl_norm_2v", "rc_wmean_1v", "cross_compt_dist_min_nonfinal", "p_compt_min_nonfinal", "rsg_mean_1_first", "rth_norm_2", "rsl_wmean_2v", "rc_mean_1_penalty_removed", "first_is_not_largest", "tango_v_sigma", "cross_compt_dist_mean_nonfinal", "cross_total_dist_mean", "cross_abs_dist_mean"]}