{"model": "linear", "weights": [7.83198512222734, 8.187054275975182, 43.190596051376204, 9.29921456868482, 0.0017012204693258933, 1.0216090973175254, 2.339137144150743, -1.1547234733645946, 2.2873074843216177, 1.6761897367640781, 1.552974298770851, 1.7401598678517862, 2.5406344191594195, 8.63652347741279, -0.6693027493433488, 4.162305028318046, -0.5172206327536916, 1.239124509343788, -0.938700972123657, -3.3526229532069154, 1.5053416024240645, 3.5070255317742065, 3.1987644895264506, 0.02840891062730779, 0.5858081766393004, -0.2816711130292855, 0.04605914166672479, 1.010148632494183, 0.020350114088108807], "scale": [0.42363632227642195, 0.4658563832822701, 64.04918323177633, 35.96140016475422, 199.57784037656205, 1.8466765957072728, 0.36723169067093364, 0.14601883105541327, 0.36723169067093364, 1.601432716260378, 1.127203775778837, 1.601432716260378, 0.48044382949640846, 0.7192865363769918, 1.4662094072160536, 2.43107446391819, 0.4054090912781989, 0.09108687608333699, 2.5177842244844952, 2.703992927097108, 0.7074632003475282, 0.14191435089513352, 0.6084299906471051, 0.7869990139718835, 0.2261573231269946, 0.22351434936122025, 199.5796602185848, 2279.705619879433, 9.042306375338375], "bias": null, "columns": ["rsg_mean_1", "rsg_wmean_1v", "rsg_mean_1v", "rsg_norm_2v", "cross_abs_mean", "cross_abs_ge_dist_min", "p_abs_final", "p_abs_mean", "p_abs_max", "-log_p_abs_final", "-log_p_abs_mean", "-log_p_abs_min", "cross_compt_sum", "cross_compt_ge_dist_mean", "cross_compt_ge_dist_max", "cross_compt_dist_mean", "cross_compt_ge_dist_min", "cross_compt_mean_nonfinal", "cross_compt_dist_mean_nonfinal", "cross_compt_ge_dist_sum_nonfinal", "cross_compt_ge_dist_mean_nonfinal", "p_compt_mean", "-log_p_compt_mean", "-log_p_compt_sum_nonfinal", "-log_p_compt_mean_nonfinal", "p_compt_min_nonfinal", "cross_total_mean", "cross_total_dist_mean", "cross_total_dist_min"]}