{"model": "linear", "weights": [0.4964146591431665, -0.37176248425056674, 0.8622130139335659, -0.3186104804621213, 0.762192400087623, 0.823581188819491, 0.6911473385670501], "scale": [0.7871009719888403, 1.7106710466758084, 5.3131816655420545, 8.678771301320403, 1.7329180221000564, 0.42992406377658965, 0.42992406377658954], "bias": null, "scaled_weights": [0.6306873918460931, -0.21731967988408935, 0.16227809779690683, -0.03671147324894336, 0.4398317695166858, 1.915643384984995, 1.6076032881150972], "columns": ["tango_sigma", "tango_v_sigma", "distances_mean", "ge_distances_sum", "ge_distances_mean", "first_is_not_largest", "first_is_not_closest"]}