{"model": "linear", "weights": [3.5712602451635966, 1.335747865019006, 1.5010000590791173, 1.2634268043694836, 0.6029306797130802, 0.3140426105859531, 0.5913778740704471, 0.04117497284006849, 0.5790431533263446, 1.1258129726566846, 1.5781200716554793, 0.7733508077142959, 1.5230318059701962, 3.5745680732069207, 0.4997702700044917, 0.21130898912591206, 1.036264088289986, 0.02149532426074271, 1.1156423751452431, 2.565848623815167, 0.6405494482502561, 0.40828179247826724, 1.2384226141007897, 0.005183181445218229, 0.45064999993440596, 4.119267318647292, 0.7652566305526868, 0.8751045135579882, 0.6808350845049589, 0.6394733506594042, 0.503675184228907, 0.3092323839897743, 0.07713388036683913], "scale": [0.21375083461180985, 2.3616681510432023, 0.4235973599444964, 4.337194179849161, 1.1976369516195147, 0.5532506452051402, 1.2603161809186687, 13.973363326582698, 7.473447370602289, 1.7329180221000564, 1.601432716260378, 1.127203775778837, 1.601432716260378, 0.6084299906471051, 2.164621584344692, 0.010574343179804935, 0.009608066564835288, 0.42992406377658965, 0.21409776147376652, 0.5370611863368625, 0.048318954857064764, 2.9640706279447318, 0.5538487286351177, 7.597408949214924, 1.7329180221000564, 0.7189532086956002, 1.1620358667906252, 1.109357976646895, 0.09199963182429603, 0.5466373347610649, 0.9911653601320767, 0.0022102100760266314, 0.42992406377658965], "bias": null, "scaled_weights": [16.70758503305644, 0.5655950707676588, 3.543459428726827, 0.291300493355689, 0.5034335980513646, 0.5676317114271219, 0.4692297718810373, 0.0029466758916758358, 0.07748006035395139, 0.649663145226198, 0.9854426324826573, 0.686078971994174, 0.9510432692587537, 5.875068829866742, 0.2308811265761216, 19.983178674347705, 107.85355006621468, 0.049997955620164514, 5.210901634214158, 4.777572256368163, 13.256690881355036, 0.1377436113124495, 2.236030435878598, 0.0006822301497609696, 0.26005269388812785, 5.729534646796968, 0.6585482018435582, 0.7888387084961044, 7.4004109690921425, 1.1698310927461952, 0.5081646357796344, 139.9108561416441, 0.17941280069152354], "columns": ["rsg_mean_1_first", "rlg_norm_2v", "rc_mean_1_penalty_removed", "rc_wmean_1v", "rth_mean_1", "rth_mean_1_penalty_removed", "rth_wmean_1v", "rth_mean_1v", "rth_norm_2v", "ge_distances_mean", "-log_p_abs_final", "-log_p_abs_mean", "-log_p_abs_min", "-log_p_compt_mean", "-log_p_compt_max", "klein-nishina_rel_sum_mean", "klein-nishina_rel_sum_min", "first_is_not_largest", "rsg_mean_1_first_tango", "rsl_wmean_1v_tango", "rlg_wmean_1v_tango", "rc_mean_1_tango", "rth_mean_1_penalty_removed_tango", "rth_mean_1v_penalty_removed_tango", "ge_distances_mean_tango", "cross_compt_ge_dist_mean_tango", "cross_compt_dist_min_tango", "-log_p_abs_mean_tango", "p_compt_mean_nonfinal_tango", "-log_klein-nishina_rel_geo_mean_tango", "-log_klein-nishina_rel_geo_max_tango", "klein-nishina_sum_min_tango", "first_is_not_largest_tango"]}