{"model": "linear", "weights": [0.3380296508357624, 2.239215363499054, 1.5509261281102595, 1.7715135794962011, 2.6692363865556668, 1.0077413579168473, 1.4656638033601386, 12.144103701274483, 4.443165393148461, 0.1870912071606403, 1.1447164922150224, 1.4416853265141836, 10.073016851551825, 2.4718778539089485], "scale": [0.4235973599444964, 0.4238674140321679, 0.5538487286351177, 1.1976369516195147, 7.597408949214924, 7.473447370602289, 0.6434928479912737, 0.5370611863368625, 3.7724945378172055, 1.2603161809186687, 0.42992406377658965, 4.337194179849161, 1.7329180221000564, 0.6473992353638894], "bias": null, "scaled_weights": [0.7979975391727044, 5.282820262585973, 2.8002702686206375, 1.4791741162467114, 0.3513350938982285, 0.1348429055486388, 2.2776691426102906, 22.612141801022464, 1.1777791454985937, 0.1484478339588292, 2.662601581682748, 0.33240045677740965, 5.812748625780189, 3.8181661622129632], "columns": ["rc_mean_1_penalty_removed", "rc_mean_1_penalty_removed_tango", "rth_mean_1_penalty_removed_tango", "rth_mean_1", "rth_mean_1v_penalty_removed_tango", "rth_norm_2v", "rth_wmean_1v_penalty_removed", "rsl_wmean_1v_tango", "c_penalty_ell_mean_1", "rth_wmean_1v", "first_is_not_largest", "rc_wmean_1v", "ge_distances_mean", "rth_wmean_1v_penalty_removed_tango"]}