{"model": "linear", "weights": [1.3974698024594927, 1.712056321122204, 1.8160175925593074, 1.4900731056244096, 1.4790494077845913, 0.5263275816082414, 0.5649914118162734, 5.44113171594552, 0.3749925032171011, 0.6278550851327548, 0.10370497861009033, 0.388569354018689, 2.217517423433479, 0.1580049626037789, 0.9522460277822689, 1.310794969804246, 1.5902401059177225, 0.14261898172728793, 3.0636464478944605, 1.7328538764772996], "scale": [0.4235973599444964, 0.4238674140321679, 5.3131816655420545, 1.1976369516195147, 7.597408949214924, 0.6985752978261425, 0.6434928479912737, 0.5370611863368625, 3.7724945378172055, 13.973363326582698, 1.2603161809186687, 0.42992406377658965, 2.9640252896503516, 0.5532506452051402, 2.5825886301091328, 4.337194179849161, 1.7329180221000564, 0.5457937966516953, 8.678771301320403, 33.6385215388613], "bias": null, "scaled_weights": [3.2990522005203293, 4.039131729508873, 0.34179474877300964, 1.2441776313009094, 0.194678135357901, 0.7534299927954666, 0.8780072903373359, 10.131306924370927, 0.09940173523328007, 0.04493228083022314, 0.0822848902364308, 0.9038092694913893, 0.7481438944453359, 0.28559381534058964, 0.36871765664903033, 0.3022218778892286, 0.9176660901654031, 0.26130561139063646, 0.35300462951804623, 0.05151397258870012], "columns": ["rc_mean_1_penalty_removed", "rc_mean_1_penalty_removed_tango", "distances_mean", "rth_mean_1", "rth_mean_1v_penalty_removed_tango", "rsl_mean_1_tango", "rth_wmean_1v_penalty_removed", "rsl_wmean_1v_tango", "c_penalty_ell_mean_1", "rth_mean_1v", "rth_wmean_1v", "first_is_not_largest", "c_penalty_ell_mean_1_tango", "rth_mean_1_penalty_removed", "rc_norm_2", "rc_wmean_1v", "ge_distances_mean", "rc_wmean_1v_penalty_removed", "ge_distances_sum", "rsl_norm_2v"]}