{"model": "linear", "weights": [6.381274590753539, 6.034211636386532, 3.118787522186794, 3.8194404330517266, 3.2451827228069865, 0.5302957934523482, 2.9822003304910845, 0.5018819004820257, 0.48223300160427107, 0.11634200435144569, 5.213875988330532, 8.03058865849805, 2.470383218639047, 3.613586879235263, 7.218221553996919], "scale": [4.337194179849161, 2.5825886301091328, 887.0601153654164, 0.4235973599444964, 1.1976369516195147, 0.6287701388537806, 40.20285830429307, 13.973363326582698, 0.5893559489137365, 2.118218078284036, 0.5532506452051402, 1.3475951441098866, 0.6434928479912737, 24.362502108964613, 7.595329527219522], "bias": null, "columns": ["rc_wmean_1v", "rc_norm_2", "rc_mean_1v", "rc_mean_1_penalty_removed", "rth_mean_1", "rth_norm_2", "rth_sum_1v", "rth_mean_1v", "rth_cap_wmean_1v", "rth_sum_1_penalty_removed", "rth_mean_1_penalty_removed", "rth_mean_2_penalty_removed", "rth_wmean_1v_penalty_removed", "rth_sum_1v_penalty_removed", "rth_mean_1v_penalty_removed"]}