{"model": "linear", "weights": [2.356349086965515, 2.630861024753257, -5.54363847958988, -1.5776816674282437, 4.031106792095527, 4.147233758830372, 7.98850282171536, -0.07147093776990379, -1.3765688341448863, -3.7830243026917665, 6.743547118451952, 2.349835823155127, -1.19298089861287, 1.9136190303367557, 0.30331870910005077, -3.623970526745544, 3.4003851754284304, 2.1326789763492715, -3.677979947849195, 2.1905177673192524, 0.1027798753827143, 8.780849268988153, 16.236217770519485, 0.09393037665411072, -2.5056259005655406, -0.7676139511949903, 1.8401114015767244, 2.0496767583777755, 4.182119510144313, 2.543379586067117, 6.359246802157079, 7.572041680885048, 0.6346087846060627, -0.018970974778644498, 0.2512390046492923, 2.2744694888032324, 0.5317968124105933], "scale": [1.7329180221000564, 13.973363326582698, 2.8263429953457044, 1.2204880747996123, 1.1976369516195147, 0.5538487286351177, 1.3489986976977582, 1.2176681725039065, 0.6006366548505075, 1.6097439548761938, 8.678771301320403, 3.7724945378172055, 9.00016079759795, 0.17451250826225634, 887.0601153654164, 233.22198261665196, 0.5532506452051402, 0.6473992353638894, 0.21719403031199278, 0.42992406377658965, 0.42992406377658954, 7.597408949214924, 2.9640706279447318, 0.66646472279015, 2.0300590195458823, 2.1173337724974375, 2.5825886301091328, 3.26053824141153, 0.6434928479912737, 1.333418967849009, 22.71963640955836, 4.337194179849161, 1.2603161809186687, 294.62281748766827, 24.939169433900044, 1.7106710466758084, 0.7871009719888403], "bias": null, "scaled_weights": [1.3597579671483517, 0.1882768638634301, -1.9614174531254334, -1.292664549538739, 3.365883781929431, 7.488026142175403, 5.92180172994146, -0.058694921476790514, -2.2918495283766864, -2.3500782787426093, 0.777016340714725, 0.6228864746123026, -0.13255106496889082, 10.965512153782013, 0.00034193703881624905, -0.015538717603229885, 6.146192878216344, 3.294225355627023, -16.934074765157614, 5.095127144261356, 0.2390651839300718, 1.1557689375001354, 5.477675740060748, 0.14093825740824187, -1.2342625886443641, -0.3625379999911749, 0.7125065835587476, 0.62863141193843, 6.499092450210147, 1.9074121843113898, 0.27990090543357843, 1.74583875355758, 0.5035314107793841, -6.439071807273905e-05, 0.010074072647655249, 1.3295773569225962, 0.6756398878111577], "columns": ["ge_distances_mean", "rth_mean_1v", "rc_sum_2_penalty_removed_tango", "rc_wmean_2v_penalty_removed_tango", "rth_mean_1", "rth_mean_1_penalty_removed_tango", "rth_mean_2_penalty_removed_tango", "rc_wmean_2v_penalty_removed", "rth_norm_2_tango", "rc_sum_1_penalty_removed_tango", "ge_distances_sum", "c_penalty_ell_mean_1", "rth_wmean_2v_tango", "rc_cap_norm_2_tango", "rc_mean_1v", "rc_mean_2", "rth_mean_1_penalty_removed", "rth_wmean_1v_penalty_removed_tango", "rth_cap_norm_2", "first_is_not_largest", "first_is_not_closest", "rth_mean_1v_penalty_removed_tango", "rc_mean_1_tango", "c_penalty_sum_1", "rth_cap_sum_1", "rth_sum_1_penalty_removed_tango", "rc_norm_2", "rc_wmean_1v_tango", "rth_wmean_1v_penalty_removed", "rth_cap_mean_2_tango", "distances_sum", "rc_wmean_1v", "rth_wmean_1v", "rc_wmean_2v", "rth_sum_2_tango", "tango_v_sigma", "tango_sigma"]}