{"model": "linear", "weights": [-1.0797286730649762, 1.0989990077655598, 0.8233398286930625, -1.1135606348166087, -0.4687119791574954, 1.7443362051346427, 3.4347014278854013, -3.202921409538926, 1.602508142762916, 2.7053575409073587, 1.3796322281327404, 1.7399486434553957, -1.2670692932393075, 1.9263435401407543, -0.15060405532428253, 2.092199851623864, 0.9398952560200922, 2.280840849219858, 0.8161729553984454, -1.3249698867369781, 0.6558435510946162, 4.145038067545927, 0.10251324404974617, -2.3142834768776557, 1.168838473864621, -2.0281779071701873, 0.5374946481398069, -2.3216423016913503, 1.5174420112742733, -0.23770351824820876, -0.5021484544387068, 2.7229579551647465, 0.7882030130493667, -1.4427213886548584, -0.4137463932751408, 0.6805095448969973, 0.3206952299401084], "scale": [233.22198261665196, 1.7329180221000564, 24.362502108964613, 294.62281748766827, 1.2603161809186687, 1.3475951441098866, 7.595329527219522, 2.118218078284036, 8.678771301320403, 4.923794892770277, 13.973363326582698, 887.0601153654164, 2.8240662861582497, 0.6434928479912737, 0.21719403031199278, 5.3131816655420545, 8.28284233511746, 1.1976369516195147, 0.543664319034312, 1.2176681725039065, 1.5608084364073767, 0.5532506452051402, 0.42992406377658954, 0.5066134782096677, 0.1696726764555906, 0.7608165262998224, 0.7871009719888403, 4.1406037639947915, 2.5825886301091328, 1.7374066601320535, 0.3979341355844085, 4.337194179849161, 592.1601781106464, 0.6287701388537806, 1929.7669813595455, 0.42992406377658965, 1.7106710466758084], "bias": null, "columns": ["rc_mean_2", "ge_distances_mean", "rth_sum_1v_penalty_removed", "rc_wmean_2v", "rth_wmean_1v", "rth_mean_2_penalty_removed", "rth_mean_1v_penalty_removed", "rth_sum_1_penalty_removed", "ge_distances_sum", "rth_cap_sum_2", "rth_mean_1v", "rc_mean_1v", "rc_sum_2_penalty_removed", "rth_wmean_1v_penalty_removed", "rth_cap_norm_2", "distances_mean", "rth_mean_2", "rth_mean_1", "rc_cap_wmean_1v", "rc_wmean_2v_penalty_removed", "rc_cap_sum_1", "rth_mean_1_penalty_removed", "first_is_not_closest", "rth_cap_mean_1", "rc_cap_norm_2", "rc_cap_mean_2", "tango_sigma", "rth_cap_norm_2v", "rc_norm_2", "rth_cap_wmean_2v", "rc_cap_mean_1", "rc_wmean_1v", "rth_cap_mean_2v", "rth_norm_2", "rth_mean_2v", "first_is_not_largest", "tango_v_sigma"]}