{"model": "linear", "weights": [1.9002513553125788, 0.37990418511919527, 0.18002757450227672, 3.6506491638149763, 3.4039801416128976, 0.9115095387512033, 0.37884089886586075, 0.71430617713638, -0.26295827486196904, -0.013333054205023589, 0.4199418102126575, 0.06210725944050592, 0.2430825599286062, 0.12176318218858923, -0.15214284336235956, 2.086040928799607, -0.05478664324806878, -0.39366436081765643, 0.23780686549042704, 1.66443658356269, -0.12719901928431074, 4.01115856151075, -0.29948412321625567, 4.388432644242585, 3.9401958442550606], "scale": [5.3131816655420545, 0.09199963182429603, 2.164621584344692, 0.4261549263658497, 64.04918323177633, 1.601432716260378, 1.601432716260378, 0.21409776147376652, 0.7871009719888403, 1.4662094072160536, 0.1332182274311604, 0.42992406377658965, 0.08972618057006633, 9.042306375338375, 0.42992406377658954, 0.6084299906471051, 0.7074632003475282, 1.7106710466758084, 1.1620358667906252, 1.9936171909616018, 2.703992927097108, 0.46834287931577423, 0.0407740817417473, 0.4658563832822701, 0.7189532086956002], "bias": null, "scaled_weights": [0.3576484816313379, 4.129409842038814, 0.083168150869556, 8.566483543782692, 0.05314634738267985, 0.5691837874273828, 0.2365637313508367, 3.336355187552506, -0.3340845510551565, -0.009093553853497336, 3.1522849260973653, 0.14446099828638576, 2.7091597835125203, 0.013465942994442353, -0.3538830602453105, 3.428563615973246, -0.07744097957484694, -0.23012277058329164, 0.20464675169383126, 0.8348827403318413, -0.04704118047411692, 8.564576806144366, -7.344963035908747, 9.42014063073074, 5.4804621449618045], "columns": ["distances_mean", "p_compt_mean_nonfinal_tango", "-log_p_compt_max", "rsg_mean_1_tango", "rsg_mean_1v", "-log_p_abs_min", "-log_p_abs_final", "rsg_mean_1_first_tango", "tango_sigma", "cross_compt_ge_dist_max", "p_compt_mean_tango", "first_is_not_largest", "cross_compt_mean_nonfinal_tango", "cross_total_dist_min", "first_is_not_closest", "-log_p_compt_mean", "cross_compt_ge_dist_mean_nonfinal", "tango_v_sigma", "cross_compt_dist_min_tango", "-log_p_compt_max_tango", "cross_compt_ge_dist_sum_nonfinal", "rsg_wmean_1v_tango", "p_abs_min_tango", "rsg_wmean_1v", "cross_compt_ge_dist_mean_tango"]}