{"model": "linear", "weights": [0.9660155342077907, 0.18678280769121838, 0.7490374159859342, 0.08608956790583333, 0.6468271680439274, 7.372185894544843, 0.10352266663604073, 0.42688499225085696, 0.8501285921456933, 2.7586543877096994, 6.2045676061578545, 1.2915328382085758, 2.5433514688919856, 15.049447254058931, 0.17822756247484028, 1.0984426102357225], "scale": [1.1976369516195147, 0.4885169611233239, 7.473447370602289, 0.6434928479912737, 3.7724945378172055, 0.21375083461180985, 1.2603161809186687, 0.42992406377658965, 7.595329527219522, 1.127203775778837, 0.5532506452051402, 0.6084299906471051, 4.337194179849161, 1.7329180221000564, 0.4658563832822701, 0.6287701388537806], "bias": null, "scaled_weights": [0.8066013101061119, 0.38234661752934695, 0.10022649238587854, 0.13378480922448538, 0.17145874210282797, 34.489623902210134, 0.08214023449304687, 0.9929311434697642, 0.11192780893825235, 2.4473431042258693, 11.214749878614708, 2.122730401298835, 0.5864047961487485, 8.68445423391759, 0.38258048804463685, 1.7469700648286726], "columns": ["rth_mean_1", "cross_compt_ge_dist_min_nonfinal", "rth_norm_2v", "rth_wmean_1v_penalty_removed", "c_penalty_ell_mean_1", "rsg_mean_1_first", "rth_wmean_1v", "first_is_not_largest", "rth_mean_1v_penalty_removed", "-log_p_abs_mean", "rth_mean_1_penalty_removed", "-log_p_compt_mean", "rc_wmean_1v", "ge_distances_mean", "rsg_wmean_1v", "rth_norm_2"]}