{"model": "linear", "weights": [6.935436299290741e-10, 3.008360086267092e-10, 0.6479987720578154, 2.738063386861901e-09, 2.1605469525054253, 1.1382789218919867e-09, 0.6631056233572962, 1.99836371821497, 0.3242573162494541, 0.046359599773917265, 8.106033652202151e-10, 0.1324504891329789, 6.553127426547899e-10, 6.286474993121535e-10, 8.848722894816918e-10, 6.009984542543623e-10, 46.402996331339345, 2.086797847138615, 4.881308565755445e-10, 5.005340448431268e-10, 2.4959084677517973, 1.0160639811101236e-09, 1.0690117730935418e-09, 0.4675912978844795, 4.0410844504529007e-10, 1.1098772813065223, 3.3987433726300435e-10, 6.624964102440219e-10, 1.2998488416075263e-09, 9.398435811519486e-10, 1.0105988297658481, 5.906642002057003e-10, 3.6028250479644255e-10, 1.0423774216704093e-09, 6.064924785393388e-10, 0.6127885810413135, 4.129683785089935e-09, 1.0559376190613788e-08, 1.4259425147143725e-09, 1.1334252031596823e-09, 3.734470544469959e-09, 3.732655219064439e-09, 3.1656374393172745e-09, 3.576021970803552e-09, 3.80257478674303e-09, 3.3887538696446097e-09, 3.3531871576219536e-09, 2.5191953464216033e-09, 1.1063889382715415, 2.757541605088515e-09, 2.4783327871271507e-09, 5.670907279197193e-10, 2.465551395953815e-09, 5.855856791189378e-10, 3.6851684158961074e-10, 4.2021715629192053e-10, 2.201432038008608e-09, 2.0073129336041486e-09, 7.023208697467735e-10, 4.470768415566029e-10, 2.2018924453170986e-09, 2.0083448507044303e-09, 2.609303816051286e-09, 3.292751815058576e-09, 0.013061816768085608, 7.416935773569715e-10, 2.147240701726554e-09, 3.9885281059584744e-10, 3.5063510085034403e-10, 5.333460452914415e-10, 0.0923074010926247, 5.507172422486174e-10, 3.92087061144402e-10, 2.4824804664633162e-09, 3.771880851016505e-09, 3.7129421373921715e-09, 3.055777716342506e-09, 3.6072646512726865e-09, 3.741513417731783e-09, 3.702857978094276e-09, 3.604186898356627e-09, 2.5696343756987307e-09, 4.6300867228543324e-10, 2.4855360940069715e-09, 2.7356916275430024e-09, 0.5211981146167607, 2.587111728572541e-09, 1.4755382472290243e-09, 2.5507452943082846e-09, 2.662581015855028e-09, 4.4710282426970406e-10, 7.229263907272767e-10, 1.0775500585091816e-09, 2.2124264124580755e-09, 4.665828930986884e-10, 8.030182609329477e-10], "scale": [238.27417713172204, 841.4849764931672, 0.7871009719888403, 1.7106710466758084, 22.71963640955836, 5.3131816655420545, 8.678771301320403, 1.7329180221000564, 0.42992406377658965, 0.42992406377658954, 2.3133524204175604, 0.7017887753092958, 1070.893488978808, 356.9655052095232, 0.4397715460134327, 330.61578168981686, 99.69769740657071, 0.5402900929110258, 295557.1589603487, 97210.69359732965, 33.6385215388613, 1.9652088674525527, 0.66646472279015, 0.2206275929590759, 11.755027968701482, 3.7724945378172055, 720.368414096746, 229.96953846920044, 11.73617963181699, 3.737708991950296, 4.337194179849161, 2.5825886301091328, 730.3230570802035, 233.22198261665196, 294.62281748766827, 2476.5963756571095, 887.0601153654164, 623.2785034999596, 638366286.2120825, 304020918.855084, 1.5608084364073767, 0.3979341355844085, 0.543664319034312, 0.1696726764555906, 2.7973640163755675, 0.7608165262998224, 1.2068847869736086, 1.6100771955661388, 0.4235973599444964, 2.8240662861582497, 0.7703065474657396, 0.5457937966516953, 1.2176681725039065, 688.1632898444103, 200.80334788715354, 143.33932827752028, 21036873.461330827, 6101106.645181805, 688.1331106483699, 200.8005382687225, 21036873.33102735, 6101106.625306113, 3.977608728955865, 1.1976369516195147, 1.2603161809186687, 0.6287701388537806, 25.37585494580248, 8.28284233511746, 9.623400619381812, 40.20285830429307, 13.973363326582698, 7.473447370602289, 5011.190796000346, 1929.7669813595455, 2.0300590195458823, 0.5066134782096677, 0.5893559489137365, 0.21719403031199278, 4.923794892770277, 1.3328099433111336, 1.7374066601320535, 2.118218078284036, 0.5532506452051402, 4.9746442137544005, 1.3475951441098866, 0.6434928479912737, 1.828008201640765, 24.586307597671478, 7.674625597300401, 4.1406037639947915, 1881.141068108714, 592.1601781106464, 24.362502108964613, 7.595329527219522, 1878.2357793468932, 591.2025205456359], "bias": null, "scaled_weights": [2.9106957299265852e-12, 3.5750609580746564e-13, 0.8232727377028355, 1.6005785520147376e-09, 0.09509601798013209, 2.1423677817646362e-10, 0.07640547265675847, 1.1531784497187179, 0.7542199741067638, 0.10783206542727526, 3.5040202178702244e-10, 0.18873269820339414, 6.119308310294135e-13, 1.7610875284522657e-12, 2.0121181042819526e-09, 1.8178153843188827e-12, 0.46543699140920275, 3.8623655597591458, 1.651561607550271e-15, 5.148960740023733e-15, 0.07419792409331574, 5.170259497288042e-10, 1.6040035376788306e-09, 2.119369076247923, 3.437749753733082e-11, 0.2942024886134642, 4.718062738621948e-13, 2.880800712363691e-12, 1.1075570435916073e-10, 2.514491051004879e-10, 0.23300751312015153, 2.2871013730930136e-10, 4.933193623063671e-13, 4.4694647132975016e-12, 2.0585387232091216e-12, 0.00024743175232933294, 4.6554722882436764e-12, 1.694166593476053e-11, 2.233737190564346e-18, 3.728115839620713e-18, 2.3926514345769776e-09, 9.380082996857354e-09, 5.8227794771234254e-09, 2.107600378272765e-08, 1.359342139415189e-09, 4.454101287896012e-09, 2.7783821569500645e-09, 1.5646425856840973e-09, 2.6118881817783537, 9.764436545290046e-10, 3.217333145201363e-09, 1.0390201050262485e-09, 2.0248138627815743e-09, 8.509400134542709e-13, 1.8352126369760927e-12, 2.9316249862587267e-12, 1.046463507067814e-16, 3.2900800630806436e-16, 1.0206177538602026e-12, 2.2264723262758373e-12, 1.0466823708395489e-16, 3.2917714343398565e-16, 6.559981118947907e-10, 2.7493739322304014e-09, 0.01036392055092445, 1.1795941497938264e-09, 8.461747225118567e-11, 4.8154099095282525e-11, 3.6435675362423825e-11, 1.3266371292672192e-11, 0.006605954410204206, 7.36898535493714e-11, 7.824229351980453e-14, 1.2864146243783158e-12, 1.8580153654154658e-09, 7.328944643386547e-09, 5.184944212363889e-09, 1.6608488944613064e-08, 7.598840933089098e-10, 2.778234058559896e-09, 2.074463613534604e-09, 1.2131113420485894e-09, 8.368877222253467e-10, 4.996409767626616e-10, 2.0300545304724894e-09, 0.8099516820485759, 1.4152626483023586e-09, 6.001463381059992e-11, 3.3236087701861646e-10, 6.430417319831179e-10, 2.3767639325381274e-13, 1.220829122677338e-12, 4.4229860040224606e-11, 2.912877452557341e-10, 2.4841550684383737e-13, 1.3582794948029343e-12],