{"model": "linear", "weights": [0.5430946499938346, 1.6252032703673998, 2.938554573460807, 0.38044872111936984, 2.6781295504298046, 8.09174549157076, 1.2737915627310876, 1.2071761714619684, 0.015182590673573679, 0.8529760501467017, 1.1455768244363804, 0.03415983790883677, 0.37714306837882394, 1.8722486354171683, 0.6439745490732116], "scale": [0.7871009719888403, 5.3131816655420545, 1.7329180221000564, 0.42992406377658965, 0.5402900929110258, 33.6385215388613, 4.337194179849161, 2.5825886301091328, 0.543664319034312, 0.4235973599444964, 1.1976369516195147, 1.2603161809186687, 13.973363326582698, 0.5532506452051402, 0.6434928479912737], "bias": null, "scaled_weights": [0.6899936213031823, 0.30588136688557876, 1.6957262467036303, 0.8849207410661951, 4.956836309917004, 0.2405499742972555, 0.29369023149786383, 0.467428748577336, 0.027926406317306005, 2.0136481734883014, 0.9565309611458335, 0.027104181019033658, 0.026990142570855018, 3.384087577020278, 1.0007485725497052], "columns": ["tango_sigma", "distances_mean", "ge_distances_mean", "first_is_not_largest", "rsl_wmean_1v", "rsl_norm_2v", "rc_wmean_1v", "rc_norm_2", "rc_cap_wmean_1v", "rc_mean_1_penalty_removed", "rth_mean_1", "rth_wmean_1v", "rth_mean_1v", "rth_mean_1_penalty_removed", "rth_wmean_1v_penalty_removed"]}