{"model": "linear", "weights": [20.1885572308645, 3.962419546646225, 3.9006923675177565, 8.806465405734725, 0.6542715787019336, 1.8957696073775232, 3.243508361588161, 0.9150631309417634, 5.2242714639565175, 9.809848343259501, 0.1565384300184219, 0.5978596059172057, 13.839424214988671, 20.620610119656405, 2.2092916206820012, 3.220225044378218, 3.3178346885816405, 1.382068377049208, 11.10521065584994, 4.580227207679967, 8.712245247867013, 7.087868249127987, 3.20419919003398, 7.72758335075184, 0.0010415805089995513, 1.18006121177202, 3.6149521361793795], "scale": [1.7329180221000564, 0.7189532086956002, 0.4235973599444964, 0.21409776147376652, 0.42992406377658965, 0.1332182274311604, 1.1620358667906252, 1.2603161809186687, 2.9640252896503516, 5.3131816655420545, 0.17451250826225634, 1.0853101433917658, 33.6385215388613, 0.46834287931577423, 0.5538487286351177, 7.597408949214924, 1.601432716260378, 7.473447370602289, 0.4658563832822701, 1.1976369516195147, 0.6084299906471051, 1.127203775778837, 0.5532506452051402, 2.9640706279447318, 0.1975518750113046, 1.601432716260378, 4.337194179849161], "bias": null, "scaled_weights": [11.650035935571129, 5.51137333935161, 9.208490742314497, 41.13291678116767, 1.521830559924011, 14.23055721378029, 2.7912291300837913, 0.7260583850274431, 1.762559679297741, 1.8463227799794597, 0.897004069090434, 0.5508652154017467, 0.41141594760639266, 44.02887506218114, 3.9889802150968006, 0.42385832668794, 2.071791499507614, 0.18493050241923714, 23.838270879978708, 3.8243870160204363, 14.319223874222521, 6.288009676183575, 5.79158690153157, 2.607084756313684, 0.005272440511839983, 0.7368784212974409, 0.8334771251364864], "columns": ["ge_distances_mean", "cross_compt_ge_dist_mean_tango", "rc_mean_1_penalty_removed", "rsg_mean_1_first_tango", "first_is_not_largest", "p_compt_mean_tango", "cross_compt_dist_min_tango", "rth_wmean_1v", "c_penalty_ell_mean_1_tango", "distances_mean", "rc_cap_norm_2_tango", "cross_abs_ge_dist_min_tango", "rsl_norm_2v", "rsg_wmean_1v_tango", "rth_mean_1_penalty_removed_tango", "rth_mean_1v_penalty_removed_tango", "-log_p_abs_final", "rth_norm_2v", "rsg_wmean_1v", "rth_mean_1", "-log_p_compt_mean", "-log_p_abs_mean", "rth_mean_1_penalty_removed", "rc_mean_1_tango", "rsg_norm_2_tango", "-log_p_abs_min", "rc_wmean_1v"]}