{"model": "linear", "weights": [2.6315664558373406, 10.621780674525052, 7.091531512947559, 1.2899300921002885, 0.3494607724610412, 0.683856962743412, -0.543725100188943, 0.16502156400558615, 1.6522211238352842, 0.0232558228174611, -1.7467177271046415, 0.2606072257925264, 1.5396680410132377, 2.1606592510771248, 0.6828444351939493, 0.1228030851614732, 0.7416073418226925, 0.14957598766180763, -0.054964185558536154, -1.5535838549270282, 2.6686869145224916, 1.1232029296209856, -0.0618043559210643, 0.9968795855145302, 1.0081303253315559, 0.30255529824181393, 2.948334094079633, 1.7983592793982595, 3.4029334693566144, 0.15284922458686057, -0.5343053802678913, 0.29278561165134753, 0.6428788309281303, 1.723087249761386, 2.88786960418948, 1.1246367773331558, -0.1917225860713822, -0.026152462901047363, -0.1962344113241852, -0.02905833884481856, -0.04223430039662157, 3.613157179555234, 1.3969095413449704, 2.310567672197986, 0.15040739384027663, 6.95652314444954, -0.4532911319348525, -0.6027735548880899, 0.9599705604137913, 1.1641065978071392, -0.5365971283863055, -0.2892911475946734, -0.7088634406946245, 0.39359621901612385, 2.9317065842926895, 1.4664093718242437, 9.056887112899558, -1.331361989937152, 1.1826840692569904, -0.22055229486508499, -0.9679406506171075, -2.0563094366443044, -0.5349360787242634, 2.0608077845848203, -0.027537115244166195, 1.4360597001607813, 1.965557494483904, -0.23523253706322686, -0.9871467631421531, -1.512684264055629, -0.8021501734188031, 0.5784497361140183, -1.1849960591672632, -0.09153788675341741, 0.48145555070044294, 0.5269364976732925, 0.3473537672938973, 0.39647215419221205, -0.3049234790600937, -0.652176381680537, -0.12150237417697198, -0.38400672264072644, -0.4163709665450423], "scale": [0.21375083461180985, 0.4658563832822701, 33.6385215388613, 0.5402900929110258, 7.18791239690377, 2.3616681510432023, 233.22198261665196, 0.4235973599444964, 4.337194179849161, 887.0601153654164, 0.7608165262998224, 0.543664319034312, 1.1976369516195147, 0.5532506452051402, 1.2603161809186687, 40.20285830429307, 13.973363326582698, 5011.190796000346, 0.21719403031199278, 1.7374066601320535, 5.3131816655420545, 0.7192865363769918, 0.4054090912781989, 0.36723169067093364, 0.36723169067093364, 1.601432716260378, 1.127203775778837, 1.601432716260378, 0.6084299906471051, 2.164621584344692, 0.7869990139718835, 2279.705619879433, 9.042306375338375, 0.010574343179804935, 0.009608066564835288, 0.0014399321938973852, 2.4083112670200806, 2.408311267020082, 0.2427239857622152, 0.3051155509269348, 0.42992406377658965, 0.4261549263658497, 0.21409776147376652, 0.46834287931577423, 0.048318954857064764, 2.9640706279447318, 2.8263429953457044, 0.7710363002491839, 3.26053824141153, 0.17451250826225634, 0.6006366548505075, 9.00016079759795, 7.346704168032263, 4.979657197203491, 5.3131816655420545, 1.0853101433917658, 0.7189532086956002, 1.4648632309127814, 1.1620358667906252, 2.450009951910144, 0.703109635127457, 0.13723654301068527, 0.0407740817417473, 0.1332182274311604, 0.21507922493230253, 2.4218667523384307, 0.1965424031359967, 0.5762104322617511, 0.011983623107134257, 0.0032317009168008263, 0.0034174643238435395, 0.5466373347610649, 0.00804407074967813, 0.0024075257322314927, 0.005098363857757737, 0.001393849090593702, 0.002247852235737195, 1.0779927855001366, 2.4083112670200806, 2.408311267020082, 0.2427239857622152, 0.42992406377658954, 0.047594898481148146], "bias": null, "columns": ["rsg_mean_1_first", "rsg_wmean_1v", "rsl_norm_2v", "rsl_wmean_1v", "rlg_mean_1v", "rlg_norm_2v", "rc_mean_2", "rc_mean_1_penalty_removed", "rc_wmean_1v", "rc_mean_1v", "rc_cap_mean_2", "rc_cap_wmean_1v", "rth_mean_1", "rth_mean_1_penalty_removed", "rth_wmean_1v", "rth_sum_1v", "rth_mean_1v", "rth_sum_2v", "rth_cap_norm_2", "rth_cap_wmean_2v", "distances_mean", "cross_compt_ge_dist_mean", "cross_compt_ge_dist_min", "p_abs_final", "p_abs_max", "-log_p_abs_final", "-log_p_abs_mean", "-log_p_abs_min", "-log_p_compt_mean", "-log_p_compt_max", "-log_p_compt_sum_nonfinal", "cross_total_dist_mean", "cross_total_dist_min", "klein-nishina_rel_sum_mean", "klein-nishina_rel_sum_min", "klein-nishina_geo_mean", "first_r", "final_r", "first_energy_ratio", "final_energy_ratio", "first_is_not_largest", "rsg_mean_1_tango", "rsg_mean_1_first_tango", "rsg_wmean_1v_tango", "rlg_wmean_1v_tango", "rc_mean_1_tango", "rc_sum_2_penalty_removed_tango", "rc_mean_2_penalty_removed_tango", "rc_wmean_1v_tango", "rc_cap_norm_2_tango", "rth_norm_2_tango", "rth_wmean_2v_tango", "rth_norm_2v_tango", "rth_cap_sum_2_tango", "distances_mean_tango", "cross_abs_ge_dist_min_tango", "cross_compt_ge_dist_mean_tango", "cross_compt_ge_dist_max_tango", "cross_compt_dist_min_tango", "cross_compt_dist_mean_nonfinal_tango", "cross_compt_ge_dist_mean_nonfinal_tango", "p_abs_mean_tango", "p_abs_min_tango", "p_compt_mean_tango", "p_compt_min_nonfinal_tango", "-log_p_compt_sum_tango", "-log_p_compt_mean_nonfinal_tango", "-log_klein-nishina_rel_sum_min_tango", "klein-nishina_rel_geo_sum_tango", "klein-nishina_rel_geo_mean_tango", "klein-nishina_rel_geo_min_tango", "-log_klein-nishina_rel_geo_mean_tango", "klein-nishina_sum_sum_tango", "klein-nishina_sum_max_tango", "klein-nishina_geo_sum_tango", "klein-nishina_geo_mean_tango", "klein-nishina_geo_max_tango", "-log_klein-nishina_geo_max_tango", "first_r_tango", "final_r_tango", "first_energy_ratio_tango", "first_is_not_closest_tango", "escape_probability_tango"]}