{"model": "linear", "weights": [-0.6096553516590599, 2.329334201176623, -1.0553015548285691, 0.8755075700184615, 0.22471125545382725, 2.9101187161406004, 0.19553236781414587, 1.7029657792243802, 2.316827440009302, 0.7344428374939187, -0.1438113031254907, 1.190892182437279, 0.133031360505598, 3.450638055024307, 2.105847296934351, 0.052422053896992504, 0.24267645997545756, -0.6434967354748248, 0.1591356252422373, -0.26380553289306546, -3.5354441691794136, 0.9031146249459355, 2.3658465394006374, 0.430840614380623, -0.19279645543206878, -0.2501354728510503, -0.3622094994320361, 0.059672957438132904, -1.0686428805833788, 3.6383384807502797, -0.3080235139602005, 0.3779064950783355, -0.29529870006040354, -0.6986993494354284, 2.3262686480374852, 1.0624697194180825, -0.9374942474898715, 0.3841267403351822, 0.1269704084072462, 2.873398442572596, -0.05704460504394268, 2.18774810779635, 0.39284488942712564, -0.25290167093644006, -0.47289408137906236, -0.3947227427378662, 0.013702306027466554, -1.3346911148484955, 0.7496620285555249, -0.2523101787382379, 0.03371806210509801, 1.0499178591398248, 5.083745359983244, 3.8432774799266007, -0.2662259145314728, -0.5906669277992688, 0.011753398467265821, 0.07542556393301844, 0.6707189410567921, 1.0209225530493, 0.6522820813563924, 0.25123979712366773, -1.0826541328202175, 0.15270460326537666, 0.009098911560629808, 6.176564096664421, 0.7185775216856303, 16.600266006444986, 2.4602687593268624, -0.19605561629752416, 3.3031837762740355], "scale": [7.346704168032263, 0.6084299906471051, 2.8263429953457044, 3.26053824141153, 13.973363326582698, 0.21409776147376652, 0.6434928479912737, 4.979657197203491, 0.5532506452051402, 1.601432716260378, 0.21507922493230253, 4.337194179849161, 0.21375083461180985, 0.7189532086956002, 1.0853101433917658, 2279.705619879433, 9.623400619381812, 0.0407740817417473, 0.1965424031359967, 0.7710363002491839, 0.13723654301068527, 1.1620358667906252, 5.3131816655420545, 0.12322559836652847, 4.327960860341336, 0.42992406377658954, 2.450009951910144, 0.22391579856011207, 0.7608165262998224, 0.46834287931577423, 0.22351434936122025, 2279.4260227014133, 233.22198261665196, 0.7074632003475282, 0.5249672634021163, 40.20285830429307, 1.4662094072160536, 0.5402900929110258, 0.36723169067093364, 1.127203775778837, 1.2204880747996123, 1.1976369516195147, 0.543664319034312, 0.4054090912781989, 0.7869990139718835, 0.7871009719888403, 0.6473992353638894, 1.7374066601320535, 0.486086967945062, 0.6287701388537806, 0.42992406377658965, 0.17451250826225634, 1.7329180221000564, 2.9640706279447318, 9.00016079759795, 0.6006366548505075, 1.2603161809186687, 0.48082475646658024, 1.601432716260378, 8.678771301320403, 9.042306375338375, 887.0601153654164, 0.21719403031199278, 0.36723169067093364, 0.058966902303657226, 0.4658563832822701, 0.08972618057006633, 33.6385215388613, 2.4218667523384307, 1.7106710466758084, 22.71963640955836], "bias": null, "columns": ["rth_norm_2v_tango", "-log_p_compt_mean", "rc_sum_2_penalty_removed_tango", "rc_wmean_1v_tango", "rth_mean_1v", "rsg_mean_1_first_tango", "rth_wmean_1v_penalty_removed", "rth_cap_sum_2_tango", "rth_mean_1_penalty_removed", "-log_p_abs_final", "p_compt_min_nonfinal_tango", "rc_wmean_1v", "rsg_mean_1_first", "cross_compt_ge_dist_mean_tango", "cross_abs_ge_dist_min_tango", "cross_total_dist_mean", "rth_wmean_2v", "p_abs_min_tango", "-log_p_compt_mean_nonfinal_tango", "rc_mean_2_penalty_removed_tango", "p_abs_mean_tango", "cross_compt_dist_min_tango", "distances_mean", "cross_compt_max_tango", "cross_compt_dist_max", "first_is_not_closest", "cross_compt_dist_mean_nonfinal_tango", "rth_cap_norm_2_tango", "rc_cap_mean_2", "rsg_wmean_1v_tango", "p_compt_min_nonfinal", "cross_abs_dist_mean", "rc_mean_2", "cross_compt_ge_dist_mean_nonfinal", "-log_p_compt_mean_tango", "rth_sum_1v", "cross_compt_ge_dist_max", "rsl_wmean_1v", "p_abs_max", "-log_p_abs_mean", "rc_wmean_2v_penalty_removed_tango", "rth_mean_1", "rc_cap_wmean_1v", "cross_compt_ge_dist_min", "-log_p_compt_sum_nonfinal", "tango_sigma", "rth_wmean_1v_penalty_removed_tango", "rth_cap_wmean_2v", "cross_compt_sum_tango", "rth_norm_2", "first_is_not_largest", "rc_cap_norm_2_tango", "ge_distances_mean", "rc_mean_1_tango", "rth_wmean_2v_tango", "rth_norm_2_tango", "rth_wmean_1v", "cross_compt_ge_dist_min_nonfinal_tango", "-log_p_abs_min", "ge_distances_sum", "cross_total_dist_min", "rc_mean_1v", "rth_cap_norm_2", "p_abs_final", "-log_p_compt_min_tango", "rsg_wmean_1v", "cross_compt_mean_nonfinal_tango", "rsl_norm_2v", "-log_p_compt_sum_tango", "tango_v_sigma", "distances_sum"]}