{"model": "linear", "weights": [0.27342374736405956, 0.1347858135680014, 0.20270950607936603, 1.7523575122263475, 1.3061627350250804, 1.3759149267110535, 0.6143728861756425, -0.10101828012791515, -0.251958153030871, 2.6039268397801973, 0.4601850904596637, 0.6845526725293377, 5.173719095439455, 1.0981481167235987, 0.45478323054780007, -0.4812569976571437, 0.19775297101881903, 0.40860483975376594, -0.22435528437782795, 0.3583905489845756, 0.6803399208928651, 1.3984548565823998, 2.18477674487138, 0.17384315872970252, 2.081322510988464, -0.837153985479613, 1.8290409617882357, 0.13186616388073258], "scale": [0.4235973599444964, 0.4238674140321679, 0.5538487286351177, 5.3131816655420545, 1.1976369516195147, 7.597408949214924, 0.17451250826225634, 0.6006366548505075, 1.3328099433111336, 2.9640706279447318, 0.6985752978261425, 0.6434928479912737, 0.5370611863368625, 3.7724945378172055, 13.973363326582698, 0.21719403031199278, 40.20285830429307, 0.42992406377658965, 9.00016079759795, 0.5487734901001236, 0.5532506452051402, 4.337194179849161, 1.7329180221000564, 0.5457937966516953, 8.678771301320403, 1.5608084364073767, 33.6385215388613, 0.7644269497396028], "bias": null, "scaled_weights": [0.6454802914727468, 0.3179905062430025, 0.366001573351834, 0.3298132122210376, 1.0906165956710094, 0.18110318082235566, 3.5205091732013076, -0.16818534019216258, -0.18904282211830215, 0.8784968938428246, 0.6587480145543194, 1.0638077403132549, 9.633388572962946, 0.2910933616245859, 0.03254643995999359, -2.215792933930239, 0.004918878392228692, 0.9504116521518966, -0.02492791955869345, 0.6530755502041241, 1.2297137414825814, 0.32243307506952235, 1.2607502011109177, 0.3185143543151015, 0.23981764684498694, -0.5363592135666242, 0.054373405194851225, 0.17250329011248486], "columns": ["rc_mean_1_penalty_removed", "rc_mean_1_penalty_removed_tango", "rth_mean_1_penalty_removed_tango", "distances_mean", "rth_mean_1", "rth_mean_1v_penalty_removed_tango", "rc_cap_norm_2_tango", "rth_norm_2_tango", "rth_cap_mean_2", "rc_mean_1_tango", "rsl_mean_1_tango", "rth_wmean_1v_penalty_removed", "rsl_wmean_1v_tango", "c_penalty_ell_mean_1", "rth_mean_1v", "rth_cap_norm_2", "rth_sum_1v", "first_is_not_largest", "rth_wmean_2v_tango", "rc_wmean_1v_penalty_removed_tango", "rth_mean_1_penalty_removed", "rc_wmean_1v", "ge_distances_mean", "rc_wmean_1v_penalty_removed", "ge_distances_sum", "rc_cap_sum_1", "rsl_norm_2v", "rc_cap_mean_2_tango"]}