{"model": "linear", "weights": [0.5534777285345196, -3.448859890869285, 0.29961786415622216, 16.79114409946861, -0.6788044553035859, -0.9441433846595151, 2.7321962218301024, -1.061008085891712, -0.654531519871557, -6.200246872854933, 0.004843731670773997, -1.045930800774794, 0.7076626121689559, 1.213303722899733, 0.9088322894290526, -3.42475187363234, 14.136188610712974, 5.2105588394462545, -4.532545465944628, 0.1160208063308203, 9.42900103953931, 2.9622560212714366, 0.4788158121969534, -1.0225252136866898, -0.47619540809528293, 3.5511256872029215, -2.2814824680690085, 4.360198234505815, -0.7872350375638042, 3.272388313825815, 4.18582140947886, 9.167459553890675, 0.3502024270030386, -1.315402286554356, 1.4298968487183226], "scale": [24.939169433900044, 233.22198261665196, 0.17451250826225634, 2.9640706279447318, 9.00016079759795, 0.5211129002610803, 40.20285830429307, 0.6006366548505075, 294.62281748766827, 2.8263429953457044, 1.3475951441098866, 0.5457937966516953, 3.26053824141153, 13.973363326582698, 887.0601153654164, 2.8240662861582497, 1.3489986976977582, 0.6434928479912737, 0.21719403031199278, 3.7724945378172055, 7.597408949214924, 1.1976369516195147, 40.00419058692647, 0.543664319034312, 1.2004084842626195, 1.333418967849009, 1.5608084364073767, 0.5532506452051402, 2.0300590195458823, 2.5825886301091328, 0.7644269497396028, 4.337194179849161, 25.37585494580248, 0.5487734901001236, 0.66646472279015], "bias": null, "columns": ["rth_sum_2_tango", "rc_mean_2", "rc_cap_norm_2_tango", "rc_mean_1_tango", "rth_wmean_2v_tango", "rth_cap_mean_1_tango", "rth_sum_1v", "rth_norm_2_tango", "rc_wmean_2v", "rc_sum_2_penalty_removed_tango", "rth_mean_2_penalty_removed", "rc_wmean_1v_penalty_removed", "rc_wmean_1v_tango", "rth_mean_1v", "rc_mean_1v", "rc_sum_2_penalty_removed", "rth_mean_2_penalty_removed_tango", "rth_wmean_1v_penalty_removed", "rth_cap_norm_2", "c_penalty_ell_mean_1", "rth_mean_1v_penalty_removed_tango", "rth_mean_1", "rth_sum_1v_tango", "rc_cap_wmean_1v", "rth_wmean_1v_tango", "rth_cap_mean_2_tango", "rc_cap_sum_1", "rth_mean_1_penalty_removed", "rth_cap_sum_1", "rc_norm_2", "rc_cap_mean_2_tango", "rc_wmean_1v", "rth_sum_2", "rc_wmean_1v_penalty_removed_tango", "c_penalty_sum_1"]}