{"model": "linear", "weights": [1.0014217802038476, 3.75090035938191, 1.8543461797789733, 1.0946355741434544, 0.25960358893955976, 0.2950084682646225, 55.873479359567604, 3.3735867809316282, 0.17512650257391632, 1.2418118024801599, 2.0659201867195227, 0.28314985637532186, 1.5256600577985444, 0.6677018286672475, 0.7701519027859691, 0.8259885822081254, 0.07611622843787635, 0.47718932051665874, 1.1170535121082403, 0.3188659198893655, 0.12796825549186466, 0.5697132360722558, 1.2546925104602522, 0.2678775225864282, 0.7296428059382585], "scale": [0.7871009719888403, 22.71963640955836, 8.678771301320403, 1.7329180221000564, 0.42992406377658965, 0.7017887753092958, 99.69769740657071, 0.5402900929110258, 720.368414096746, 4.337194179849161, 2.5825886301091328, 2476.5963756571095, 0.543664319034312, 0.1696726764555906, 1.6100771955661388, 0.4235973599444964, 143.33932827752028, 200.8005382687225, 1.1976369516195147, 13.973363326582698, 0.5893559489137365, 0.21719403031199278, 0.5532506452051402, 1.3475951441098866, 0.6434928479912737], "bias": null, "scaled_weights": [1.2722913779072884, 0.16509508742859424, 0.21366459783274275, 0.6316718737894524, 0.603835911530793, 0.42036646729581123, 0.5604289849515139, 6.24402857871241, 0.0002431068591388804, 0.2863168562407662, 0.7999416409698291, 0.00011433023933913914, 2.806253793716884, 3.935234845205079, 0.4783322842574431, 1.9499379843074425, 0.0005310212441522482, 0.0023764344689059416, 0.9327146349298051, 0.02281955406417868, 0.2171323725971166, 2.6230612105400852, 2.2678554852747146, 0.19878189956180545, 1.1338786564853212], "columns": ["tango_sigma", "distances_sum", "ge_distances_sum", "ge_distances_mean", "first_is_not_largest", "rsl_mean_1", "rsl_mean_1v", "rsl_wmean_1v", "c_penalty_ell_sum_2", "rc_wmean_1v", "rc_norm_2", "rc_sum_1v", "rc_cap_wmean_1v", "rc_cap_norm_2", "rc_sum_1_penalty_removed", "rc_mean_1_penalty_removed", "rc_cap_norm_2v", "rc_mean_1v_penalty_removed", "rth_mean_1", "rth_mean_1v", "rth_cap_wmean_1v", "rth_cap_norm_2", "rth_mean_1_penalty_removed", "rth_mean_2_penalty_removed", "rth_wmean_1v_penalty_removed"]}