{"model": "linear", "weights": [6.602032489008497e-06, 7.517177500012402e-11, 6.512354307946482e-06, 1.1235375111740745e-10, 8.751043851606822e-11, 1.6299855576147079e-10, 6.076940888829046e-06, 2.800520211428825e-10, 0.01869731710235902, 8.195612824507485e-07, 3.7515092761892144e-05, 6.103214437236982e-07, 4.499976065477771e-07, 7.88042636585997e-07, 0.05065728307393878, 1.1066828925326983e-05, 7.530245627330769e-05, 6.185402732531672e-11, 2.9673309197753947e-05, 5.419272262415016e-10, 5.2685005222777954e-05, 3.4692665659994905e-11, 9.822359416925152e-06, 1.5657196666769354e-07, 0.0003861525301284178, 1.0094811279802894e-09, 2.626876645326921e-07, 5.481879605907969e-06, 1.0748055684712574e-05, 3.5563890494466475e-12, 1.834508142486858e-10, 1.4136747277764523e-05, 1.5902353563030176e-05, 1.0406294081485235e-09, 7.67902687607073e-07, 4.893559235759486e-05, 2.2856100409325298e-11, 7.667925816276647e-07, 3.400469655111299e-11, 1.4159664267228008e-09, 1.3902990499912688e-11, 0.9258607149582456, 0.0027549917610222084, 6.579948297426858e-05, 2.997479057033261e-05, 7.84085239857969e-11, 6.035783115288089e-07, 7.484916919532988e-11, 0.0011177910907503958, 5.412335940166082e-05, 1.6957113275293876e-05, 4.181175231832368e-06, 1.5357148943664333e-10, 1.3330598940887205e-05, 5.69921547195113e-06], "scale": [238.27417713172204, 649.8851714283896, 1.7329180221000564, 8.28284233511746, 200.8005382687225, 182.10585878306313, 13.973363326582698, 200.82250330110892, 304020918.855084, 1.1976369516195147, 0.5538487286351177, 6101106.625306113, 21036899.499552067, 21036899.35737111, 638366286.2120825, 1.3489986976977582, 8.678771301320403, 143.3601004509824, 3.7724945378172055, 2134.953064058175, 2.165258198484743, 5.3131816655420545, 290993301.3966436, 6101106.645181805, 887.0601153654164, 2476.5963756571095, 21036873.461330827, 0.5532506452051402, 0.6473992353638894, 143.33932827752028, 688.2178717350724, 0.2206275929590759, 0.42992406377658965, 530.412602629557, 0.42992406377658954, 7.597408949214924, 2.9640706279447318, 6101112.302332298, 688.1632898444103, 623.2785034999596, 220.5670572264869, 593823596.2896891, 6101112.27388476, 3.26053824141153, 0.6434928479912737, 200.82964186738758, 21036873.33102735, 688.2556848410459, 759.0206829420099, 22.71963640955836, 4.337194179849161, 1.2603161809186687, 688.1331106483699, 1.7106710466758084, 0.7871009719888403], "bias": null, "scaled_weights": [2.7707712889755486e-08, 1.156693186811805e-13, 3.758027918743907e-06, 1.3564637182703798e-11, 4.3580778851776216e-13, 8.950758468218518e-13, 4.348946453906607e-07, 1.3945250982305433e-12, 6.150010062719193e-11, 6.843152938313149e-07, 6.773526925726239e-05, 1.0003454802645354e-13, 2.1390871147973054e-14, 3.746001838003161e-14, 7.935457145540589e-11, 8.203735811023366e-06, 8.676626409299556e-06, 4.3145915167983447e-13, 7.865699711502606e-06, 2.5383566288403175e-13, 2.4331973553845516e-05, 6.5295462952056875e-12, 3.3754589434815236e-14, 2.5662879830389835e-14, 4.3531720504573214e-07, 4.076082553873746e-13, 1.2487010725027866e-14, 9.908492025120619e-06, 1.6601897403649725e-05, 2.4810978900090124e-14, 2.6655921298031136e-13, 6.407515527936136e-05, 3.698874964880739e-05, 1.9619243641450666e-12, 1.7861356279096635e-06, 6.441089677376338e-06, 7.711051212424575e-12, 1.2568078468815264e-13, 4.94137031907082e-14, 2.2718037262180224e-12, 6.303294188504566e-14, 1.559151102689723e-09, 4.515556569602387e-10, 2.0180558577280516e-05, 4.658138884356193e-05, 3.904230633323135e-13, 2.869144582615276e-14, 1.0875198104991528e-13, 1.4726754038081943e-06, 2.3822282375474383e-06, 3.909696585427866e-06, 3.317560541660767e-06, 2.2317119618317137e-13, 7.79261387909227e-06, 7.2407679253023905e-06], "columns": ["tango_variance", "rc_sum_2_tango", "ge_distances_mean", "rth_mean_2", "rc_mean_1v_penalty_removed", "rc_mean_2_tango", "rth_mean_1v", "rc_mean_1v_penalty_removed_tango", "rc_mean_2v", "rth_mean_1", "rth_mean_1_penalty_removed_tango", "rc_mean_2v_penalty_removed", "rc_cap_sum_2v_tango", "rc_sum_2v_penalty_removed_tango", "rc_sum_2v", "rth_mean_2_penalty_removed_tango", "ge_distances_sum", "rc_cap_norm_2v_tango", "c_penalty_ell_mean_1", "rc_sum_1v_tango", "rc_norm_2_tango", "distances_mean", "rc_mean_2v_tango", "rc_cap_mean_2v", "rc_mean_1v", "rc_sum_1v", "rc_cap_sum_2v", "rth_mean_1_penalty_removed", "rth_wmean_1v_penalty_removed_tango", "rc_cap_norm_2v", "rc_sum_1v_penalty_removed_tango", "c_penalty_mean_1", "first_is_not_largest", "rc_norm_2v_tango", "first_is_not_closest", "rth_mean_1v_penalty_removed_tango", "rc_mean_1_tango", "rc_cap_mean_2v_tango", "rc_cap_sum_1v", "rc_norm_2v", "rc_wmean_2v_tango", "rc_sum_2v_tango", "rc_mean_2v_penalty_removed_tango", "rc_wmean_1v_tango", "rth_wmean_1v_penalty_removed", "rc_cap_mean_1v_tango", "rc_sum_2v_penalty_removed", "rc_cap_sum_1v_tango", "rc_mean_1v_tango", "distances_sum", "rc_wmean_1v", "rth_wmean_1v", "rc_sum_1v_penalty_removed", "tango_v_sigma", "tango_sigma"]}