{"model": "linear", "weights": [0.31122460808804064, 0.4273869045678111, 0.4462185934666095, 0.40088095131302415, 0.7084285963802643, 7.294332637874816, 0.4430554975418571, 0.9536312910411167, -4.445225776975586, 3.118918673369948, 6.16748929089615, 2.5237148327525913, 1.2168382718937585, -0.7086642495023837, 14.124082327089253, 2.0654604386926496], "scale": [1.1976369516195147, 0.4885169611233239, 7.473447370602289, 0.6434928479912737, 3.7724945378172055, 0.21375083461180985, 0.42992406377658965, 7.595329527219522, 0.12232437491732263, 1.127203775778837, 0.5532506452051402, 0.6084299906471051, 4.337194179849161, 1.7106710466758084, 1.7329180221000564, 0.6287701388537806], "bias": null, "scaled_weights": [0.2598655691670039, 0.8748660508839922, 0.05970719687166922, 0.6229765452163354, 0.1877878388632914, 34.1253995621676, 1.0305436119344349, 0.1255549594818198, -36.33965658913077, 2.766951939293269, 11.147730860050423, 4.147913271120077, 0.28055886396492347, -0.41426097137697315, 8.15046190700517, 3.284921326667787], "columns": ["rth_mean_1", "cross_compt_ge_dist_min_nonfinal", "rth_norm_2v", "rth_wmean_1v_penalty_removed", "c_penalty_ell_mean_1", "rsg_mean_1_first", "first_is_not_largest", "rth_mean_1v_penalty_removed", "cross_compt_max", "-log_p_abs_mean", "rth_mean_1_penalty_removed", "-log_p_compt_mean", "rc_wmean_1v", "tango_v_sigma", "ge_distances_mean", "rth_norm_2"]}