{"model": "linear", "weights": [4.115577708393757, 1.4279485115813744, 4.08076995993117, 15.929008619515752, -2.2229785552594086, -0.9424167964585483, 10.960676227639654, 1.5530036835087353, 1.7591919737074408, -0.908833244710702, 1.0755659566751292, 3.4824705937625793, 2.839090344356993, -1.7571940394150058, 3.0566017930817155, 0.07522980403872373, -3.038485979854622, 1.0799895326513653, -0.18187143515279777, 0.9074824677008066, 14.26585897353873, 1.2060389071606938, -0.9717746576482522, 1.3469705233790015, 0.5943655059692718, 1.7389493906645548, 1.540477225341967, 6.354019490351264, 34.74735455552062, 6.073417108571238, 0.7343291674310396, -0.44244107489225376, 0.6332737109407426, -3.4384849868403453, 4.808135136408789, -2.7191307774016287], "scale": [1.7329180221000564, 13.973363326582698, 1.1976369516195147, 0.5370611863368625, 0.6006366548505075, 1.6097439548761938, 8.678771301320403, 0.5402900929110258, 3.7724945378172055, 9.00016079759795, 0.4235973599444964, 5.3131816655420545, 0.17451250826225634, 233.22198261665196, 0.5532506452051402, 0.6490486776966623, 0.21719403031199278, 0.42992406377658965, 0.42992406377658954, 7.597408949214924, 2.9640706279447318, 0.66646472279015, 1.7374066601320535, 2.5825886301091328, 0.5457937966516953, 0.6434928479912737, 1.333418967849009, 22.71963640955836, 33.6385215388613, 4.337194179849161, 1.2603161809186687, 1.3328099433111336, 0.5487734901001236, 1.5608084364073767, 0.6985752978261425, 0.7871009719888403], "bias": null, "scaled_weights": [2.374940796914471, 0.10219075237705073, 3.40735141347544, 29.659578879946377, -3.7010371200417094, -0.5854451533138573, 1.2629294916403753, 2.87438859954162, 0.46632061519837825, -0.10097966749141418, 2.5391233713450427, 0.655439774692382, 16.268692557500952, -0.007534427156908763, 5.524804750925064, 0.11590779955934666, -13.98973063619625, 2.5120471814589624, -0.42303153155741346, 0.11944631041541881, 4.812928153277706, 1.8096065191742186, -0.5593248143611879, 0.521558295299272, 1.0889927837501114, 2.702360090081586, 1.15528371988511, 0.27967082640803487, 1.032963191184795, 1.4003101675245861, 0.5826547167677979, -0.3319611150207104, 1.1539801436567243, -2.2030153775660963, 6.882772911339632, -3.4546149403563193], "columns": ["ge_distances_mean", "rth_mean_1v", "rth_mean_1", "rsl_wmean_1v_tango", "rth_norm_2_tango", "rc_sum_1_penalty_removed_tango", "ge_distances_sum", "rsl_wmean_1v", "c_penalty_ell_mean_1", "rth_wmean_2v_tango", "rc_mean_1_penalty_removed", "distances_mean", "rc_cap_norm_2_tango", "rc_mean_2", "rth_mean_1_penalty_removed", "c_penalty_sum_1_tango", "rth_cap_norm_2", "first_is_not_largest", "first_is_not_closest", "rth_mean_1v_penalty_removed_tango", "rc_mean_1_tango", "c_penalty_sum_1", "rth_cap_wmean_2v", "rc_norm_2", "rc_wmean_1v_penalty_removed", "rth_wmean_1v_penalty_removed", "rth_cap_mean_2_tango", "distances_sum", "rsl_norm_2v", "rc_wmean_1v", "rth_wmean_1v", "rth_cap_mean_2", "rc_wmean_1v_penalty_removed_tango", "rc_cap_sum_1", "rsl_mean_1_tango", "tango_sigma"]}