{"model": "linear", "weights": [2.0518116016935064, 1.3934917832281644, 2.5053045873197943, 2.5268327697672808, 0.0005677003256123661, 3.297388347421633, 0.14121803649094014, 5.0358992906481035, 0.6651545078983294, 4.091569724335516, 17.592387311198188, 0.841552375156808, 0.8255964372062121, 4.798515832308966], "scale": [0.1975518750113046, 0.09199963182429603, 0.4261549263658497, 1.601432716260378, 1.601432716260378, 0.21409776147376652, 0.42992406377658965, 0.6084299906471051, 1.1620358667906252, 1.7329180221000564, 0.46834287931577423, 33.00520700474345, 0.4658563832822701, 0.7189532086956002], "bias": null, "scaled_weights": [10.386191483002095, 15.14671043346675, 5.878858678660483, 1.577857592211474, 0.0003544952715453725, 15.401320988709465, 0.32847204515708195, 8.276875512484345, 0.5724044557552168, 2.3610867174069208, 37.563050679664, 0.02549756391577431, 1.7722123530632607, 6.674308945661336], "columns": ["rsg_norm_2_tango", "p_compt_mean_nonfinal_tango", "rsg_mean_1_tango", "-log_p_abs_min", "-log_p_abs_final", "rsg_mean_1_first_tango", "first_is_not_largest", "-log_p_compt_mean", "cross_compt_dist_min_tango", "ge_distances_mean", "rsg_wmean_1v_tango", "rsg_mean_1v_first", "rsg_wmean_1v", "cross_compt_ge_dist_mean_tango"]}