{"model": "linear", "weights": [2.5899296553144473, 11.943911775492705, 2.121683312389583, 0.00929287762073721, 0.22510267003374346, 1.7388686623775822, 14.009562355300902, 1.017069002401267, 1.5923413309914847, 0.43232387589256216, 0.9689906888953085, 4.05758604482494, 0.3806544332394743, 5.593091579934032, 4.362572655028349, 1.21674786867535, 4.384391831965574, 35.66848252165243, 5.710797281403994, 2.794386796338066, 3.984673448794629, 1.0622661010356578, 17.427391878410777, 5.702953830409259], "scale": [1.7329180221000564, 2.9640706279447318, 40.20285830429307, 1.2603161809186687, 0.5457937966516953, 3.26053824141153, 8.678771301320403, 0.5538487286351177, 0.5402900929110258, 13.973363326582698, 0.6434928479912737, 5.3131816655420545, 7.597408949214924, 1.1976369516195147, 0.6985752978261425, 0.5532506452051402, 2.5825886301091328, 33.6385215388613, 4.337194179849161, 0.4238674140321679, 0.4235973599444964, 0.42992406377658965, 0.5370611863368625, 22.71963640955836], "bias": null, "columns": ["ge_distances_mean", "rc_mean_1_tango", "rth_sum_1v", "rth_wmean_1v", "rc_wmean_1v_penalty_removed", "rc_wmean_1v_tango", "ge_distances_sum", "rth_mean_1_penalty_removed_tango", "rsl_wmean_1v", "rth_mean_1v", "rth_wmean_1v_penalty_removed", "distances_mean", "rth_mean_1v_penalty_removed_tango", "rth_mean_1", "rsl_mean_1_tango", "rth_mean_1_penalty_removed", "rc_norm_2", "rsl_norm_2v", "rc_wmean_1v", "rc_mean_1_penalty_removed_tango", "rc_mean_1_penalty_removed", "first_is_not_largest", "rsl_wmean_1v_tango", "distances_sum"]}