{"model": "linear", "weights": [0.3840681144767219, 0.07576645497207707], "scale": [4.923794892770277, 11.755027968701482], "bias": null, "scaled_weights": [0.07800246006198554, 0.006445450846549249], "columns": ["rth_cap_sum_2", "c_penalty_ell_sum_1"]}