{"model": "linear", "weights": [69.89757905025851, 0.15495046420832692, -0.2789282775628079, 0.8948160020776948, 0.13081670378640317], "scale": [155383.850037125, 2.703992927097108, 0.7869990139718835, 4110.831970396861, 1.601432716260378], "bias": null, "scaled_weights": [0.0004498381204581961, 0.05730431564947737, -0.3544201105857713, 0.00021767272623193816, 0.08168729317075697], "columns": ["rsg_sum_2v", "cross_compt_ge_dist_sum_nonfinal", "-log_p_compt_sum_nonfinal", "cross_abs_ge_dist_final", "-log_p_abs_final"]}