{"model": "linear", "weights": [2.8344614552101675e-10, 6.437273535429835e-10, 2.933449820284418, 7.477552986761743e-10, 2.484225886168735, 6.437273540956005e-10, 3.45158958374993e-10, 7.23609299685793e-10, 6.600354684190328e-10, 9.898580216813286e-10, 7.467270764757867e-10, 3.301576754566941e-10, 6.600354685554291e-10, 25.818045367324974, 6.569181244181195e-10, 4.319091691939107, 1.0122879929776568e-09, 1.1194449099416455e-09, 4.2586851091400504e-10, 3.5438922474925955e-10, 3.6230090230334274e-10, 3.028344160279892e-10, 4.977466345322167e-10, 5.206388796943507e-10, 8.705469111426144e-07, 5.206388796942694e-10, 4.4214486077663463e-10, 4.70232320087241e-10, 2.7748722333188037e-10, 4.738760306165573e-10, 9.818445388072618e-09, 1.6237289020187209, 1.0706877682267547e-09, 9.169943449452683e-07, 5.646335254196594e-10, 1.00716933091161, 2.925012997710677e-10, 3.425040364761545e-10, 0.36730929246132615, 2.834211035793871e-10, 0.36615198303495916, 1.7245673292108468, 0.3071610257875093, 7.491648213685201, 5.646335254196471e-10, 5.646335254196671e-10, 0.5318558653381597, 2.612257878728454, 6.925709584273509, 2.823523778689732e-10, 2.1901376255728086e-09, 2.60636375935111, 2.3334860610089194e-09, 2.922452884481058e-10, 0.9604645289143412, 8.007227963223975e-10, 2.6882858976141983e-10, 2.0393780020744526e-09, 1.8999315131229e-09, 4.167824673401772e-10, 0.03610600281004651, 5.87338449801743e-10, 2.79195344639334e-09, 2.746856695998428e-09, 2.622420434484466e-09, 2.962468606173133e-09, 2.175740194073504e-09, 0.05291103598615293, 1.0450687051693354e-09, 1.4452604985451734, 2.9752398412558995e-10, 0.10838097957571434, 0.10808213249627101, 4.208031890232437e-10, 1.7860154947158302, 4.989427498201288e-10, 3.184905325691575e-10, 0.17565552047898225, 7.877347686102831e-10, 8.782532223703159e-10, 1.2682525671761813e-09, 5.45269779030452e-10, 4.980303814543673e-10, 1.335075193117252, 5.210380479311666e-10, 4.367515414617574e-10, 2.774556634401527e-10, 4.807794112794533e-10, 9.440919534350764e-09, 1.072807046753113e-09, 3.996614699902757e-08, 5.646335254196667e-10, 1.620894316355341e-09, 0.10114158630267876], "scale": [1.5283808388405522, 0.6364397517941597, 0.42363632227642195, 0.21375083461180985, 0.4658563832822701, 0.6364397517941597, 0.19622567410861258, 2.656477160739345, 1.261123429568616, 0.7475731653346568, 0.3998970272255298, 0.8662048025870851, 1.2611234295686164, 214.3195371648319, 85.07289438663827, 64.04918323177633, 33.00520700474345, 35.96140016475422, 155383.850037125, 53502.88413678559, 47827.30742610575, 23379.244046614956, 871.8361771041352, 868.5048888508767, 199.57784037656205, 868.5048888508767, 4123.263963202542, 4110.831970396861, 899.5732515964763, 4110.848512554627, 10167.71999916096, 10140.214462295236, 2279.4260227014133, 10140.49932626295, 0.37644606025452726, 1.8466765957072728, 8.708497176862368, 0.6349777491789669, 0.36723169067093364, 0.14601883105541327, 0.36723169067093364, 5.720865135808337, 1.601432716260378, 1.127203775778837, 0.992565385308932, 0.047970882542836234, 1.601432716260378, 0.48044382949640846, 0.088015715360907, 0.12232437491732263, 3.477627568708073, 0.7192865363769918, 1.4662094072160536, 10.077907951487141, 2.43107446391819, 4.327960860341336, 0.08060055641253036, 0.4054090912781989, 1.1681864888448454, 0.41524305767843556, 0.09108687608333699, 0.08199323041843305, 7.303358237366297, 2.5177842244844952, 2.2140630440843605, 2.703992927097108, 0.7074632003475282, 0.4885169611233239, 0.9386358757472293, 0.14191435089513352, 0.04801670574719098, 0.8483633223693582, 0.09859629005797582, 2.644232767414133, 0.6084299906471051, 2.164621584344692, 0.7869990139718835, 0.2261573231269946, 0.35912053623971346, 0.22351434936122025, 0.07636650353370997, 0.0765136846367669, 871.8586365301849, 199.5796602185848, 868.4800892234279, 4123.577734449815, 899.6286752819528, 4110.816211922031, 10169.046489361092, 2279.705619879433, 10140.539943522452, 0.39248741072373394, 1.948750417011882, 9.042306375338375], "bias": null, "columns": ["rsg_sum_1", "rsg_sum_1_first", "rsg_mean_1", "rsg_mean_1_first", "rsg_wmean_1v", "rsg_wmean_1v_first", "rsg_norm_2", "rsg_sum_2", "rsg_sum_2_first", "rsg_mean_2", "rsg_mean_2_first", "rsg_wmean_2v", "rsg_wmean_2v_first", "rsg_sum_1v", "rsg_sum_1v_first", "rsg_mean_1v", "rsg_mean_1v_first", "rsg_norm_2v", "rsg_sum_2v", "rsg_sum_2v_first", "rsg_mean_2v", "rsg_mean_2v_first", "cross_abs_sum", "cross_abs_final", "cross_abs_mean", "cross_abs_max", "cross_abs_ge_dist_sum", "cross_abs_ge_dist_final", "cross_abs_ge_dist_mean", "cross_abs_ge_dist_max", "cross_abs_dist_sum", "cross_abs_dist_final", "cross_abs_dist_mean", "cross_abs_dist_max", "cross_abs_min", "cross_abs_ge_dist_min", "cross_abs_dist_min", "p_abs_sum", "p_abs_final", "p_abs_mean", "p_abs_max", "-log_p_abs_sum", "-log_p_abs_final", "-log_p_abs_mean", "-log_p_abs_max", "p_abs_min", "-log_p_abs_min", "cross_compt_sum", "cross_compt_mean", "cross_compt_max", "cross_compt_ge_dist_sum", "cross_compt_ge_dist_mean", "cross_compt_ge_dist_max", "cross_compt_dist_sum", "cross_compt_dist_mean", "cross_compt_dist_max", "cross_compt_min", "cross_compt_ge_dist_min", "cross_compt_dist_min", "cross_compt_sum_nonfinal", "cross_compt_mean_nonfinal", "cross_compt_min_nonfinal", "cross_compt_dist_sum_nonfinal", "cross_compt_dist_mean_nonfinal", "cross_compt_dist_min_nonfinal", "cross_compt_ge_dist_sum_nonfinal", "cross_compt_ge_dist_mean_nonfinal", "cross_compt_ge_dist_min_nonfinal", "p_compt_sum", "p_compt_mean", "p_compt_max", "p_compt_sum_nonfinal", "p_compt_mean_nonfinal", "-log_p_compt_sum", "-log_p_compt_mean", "-log_p_compt_max", "-log_p_compt_sum_nonfinal", "-log_p_compt_mean_nonfinal", "p_compt_min", "p_compt_min_nonfinal", "-log_p_compt_min", "-log_p_compt_min_nonfinal", "cross_total_sum", "cross_total_mean", "cross_total_max", "cross_total_ge_dist_sum", "cross_total_ge_dist_mean", "cross_total_ge_dist_max", "cross_total_dist_sum", "cross_total_dist_mean", "cross_total_dist_max", "cross_total_min", "cross_total_ge_dist_min", "cross_total_dist_min"]}