{"model": "linear", "weights": [1.051745876956559e-09, 1.3780203206878718e-09, 1.0493617741280875e-09, 0.46910082312386636, 2.216928010570106, 4.919932284717116e-10, 3.003520747856055e-10, 3.261242467995492e-10, 4.761822944288278e-10, 1.7029010694222849e-09, 6.076800144972666e-10, 0.21248023974217428, 8.94459178512631e-10, 8.283474563175162e-10, 2.754264000229583, 8.088355449821683e-10, 3.5142338751860736e-09, 1.0991021762492596e-09, 5.068094219550633e-10, 1.1786666532081739e-09, 0.686254119670624, 11.459872420813529, 4.912144276207021e-10, 1.2359306681580152e-09, 1.1302689179031799e-09, 3.612365225741157e-10, 1.3807022778086875, 1.1928697370384694e-09, 0.7628184202421532, 0.3551669396384294, 1.5849151709930102e-09, 4.690421293383174e-10, 9.299628962616825e-10, 1.179527578156323e-09, 0.5251249827595418, 5.791207296589153e-10, 7.506176921898546e-10, 1.332655887455767e-09, 3.241283076966776e-10, 9.797779583587369e-10, 2.334515746694797e-10, 2.6901492061376045e-10, 1.733929152213896e-09, 4.588840770199077e-10, 2.8681145473781573e-10, 4.35826181494299e-10, 1.6491776444561688, 1.366167251079187e-09, 0.13892089350743575, 3.7836860777456007e-10, 1.3543171508989605e-09, 9.452173970888962e-10, 2.3359535155665374e-10, 1.2087321585106836e-09, 9.734918720553329e-10, 5.508656413056235e-10, 0.34290914451245286, 1.4895333690050209e-09, 1.3622684769028777e-09, 4.6107604309765306e-10, 1.3219591454268962e-09, 1.1245506788128522e-09, 7.277073688386765e-10, 1.3097134082990556, 6.237090978465009e-10, 2.4073836990290556e-10, 7.273698332244523e-10, 6.203453473639131e-10, 7.504822727447521e-10, 3.056223850561211e-10, 2.2463469374834707e-09, 6.174629365692662e-10, 0.6992135284461111, 1.271584669440441e-09, 0.135768142439858, 7.358071471312476e-10, 9.949999497597133e-10, 0.15790785309710556, 1.284306199640324e-09, 2.4967857400525966e-10, 1.2068287232473882e-09, 1.0113640335074254e-09, 1.676289639822413e-09, 1.9331284071602297], "scale": [1.6100771955661388, 229.96953846920044, 233.22198261665196, 11.755027968701482, 1.7329180221000564, 304020918.855084, 24.362502108964613, 40.20285830429307, 200.8005382687225, 294.62281748766827, 1.2603161809186687, 1.3475951441098866, 0.5457937966516953, 720.368414096746, 7.595329527219522, 24.586307597671478, 623.2785034999596, 2.118218078284036, 8.678771301320403, 4.923794892770277, 13.973363326582698, 887.0601153654164, 638366286.2120825, 2.8240662861582497, 7.674625597300401, 688.1632898444103, 0.6434928479912737, 0.21719403031199278, 3.7724945378172055, 5.3131816655420545, 8.28284233511746, 688.1331106483699, 2.7973640163755675, 4.9746442137544005, 1.1976369516195147, 238.27417713172204, 21036873.33102735, 0.5893559489137365, 143.33932827752028, 0.543664319034312, 1878.2357793468932, 591.2025205456359, 1.2176681725039065, 7.473447370602289, 200.80334788715354, 1.5608084364073767, 0.5532506452051402, 2476.5963756571095, 0.42992406377658954, 1.828008201640765, 3.737708991950296, 0.5066134782096677, 1881.141068108714, 0.1696726764555906, 0.7608165262998224, 2.0300590195458823, 0.7871009719888403, 4.1406037639947915, 3.977608728955865, 2.5825886301091328, 1.7374066601320535, 0.3979341355844085, 6101106.625306113, 4.337194179849161, 5011.190796000346, 592.1601781106464, 6101106.645181805, 0.6287701388537806, 21036873.461330827, 25.37585494580248, 0.4235973599444964, 1929.7669813595455, 0.42992406377658965, 11.73617963181699, 0.66646472279015, 1.2068847869736086, 1.3328099433111336, 1.7106710466758084, 0.7703065474657396, 841.4849764931672, 730.3230570802035, 0.2206275929590759, 9.623400619381812, 22.71963640955836], "bias": null, "columns": ["rc_sum_1_penalty_removed", "c_penalty_ell_mean_2", "rc_mean_2", "c_penalty_ell_sum_1", "ge_distances_mean", "rc_mean_2v", "rth_sum_1v_penalty_removed", "rth_sum_1v", "rc_mean_1v_penalty_removed", "rc_wmean_2v", "rth_wmean_1v", "rth_mean_2_penalty_removed", "rc_wmean_1v_penalty_removed", "c_penalty_ell_sum_2", "rth_mean_1v_penalty_removed", "rth_cap_sum_1v", "rc_norm_2v", "rth_sum_1_penalty_removed", "ge_distances_sum", "rth_cap_sum_2", "rth_mean_1v", "rc_mean_1v", "rc_sum_2v", "rc_sum_2_penalty_removed", "rth_cap_mean_1v", "rc_cap_sum_1v", "rth_wmean_1v_penalty_removed", "rth_cap_norm_2", "c_penalty_ell_mean_1", "distances_mean", "rth_mean_2", "rc_sum_1v_penalty_removed", "rc_cap_sum_2", "rth_sum_2_penalty_removed", "rth_mean_1", "tango_variance", "rc_sum_2v_penalty_removed", "rth_cap_wmean_1v", "rc_cap_norm_2v", "rc_cap_wmean_1v", "rth_sum_2v_penalty_removed", "rth_mean_2v_penalty_removed", "rc_wmean_2v_penalty_removed", "rth_norm_2v", "rc_cap_mean_1v", "rc_cap_sum_1", "rth_mean_1_penalty_removed", "rc_sum_1v", "first_is_not_closest", "rth_wmean_2v_penalty_removed", "rc_mean_1", "rth_cap_mean_1", "rth_cap_sum_2v", "rc_cap_norm_2", "rc_cap_mean_2", "rth_cap_sum_1", "tango_sigma", "rth_cap_norm_2v", "rth_sum_1", "rc_norm_2", "rth_cap_wmean_2v", "rc_cap_mean_1", "rc_mean_2v_penalty_removed", "rc_wmean_1v", "rth_sum_2v", "rth_cap_mean_2v", "rc_cap_mean_2v", "rth_norm_2", "rc_cap_sum_2v", "rth_sum_2", "rc_mean_1_penalty_removed", "rth_mean_2v", "first_is_not_largest", "rc_sum_1", "c_penalty_sum_1", "rc_cap_wmean_2v", "rth_cap_mean_2", "tango_v_sigma", "rc_mean_2_penalty_removed", "tango_v_variance", "rc_sum_2", "c_penalty_mean_1", "rth_wmean_2v", "distances_sum"]}