{"model": "linear", "weights": [-0.11024302958530985, -5.834790605849839, -0.4134820457880671, 3.5651487770823107, 0.3197725882148608, 3.472619702654643, 0.5768644792810339, -0.13078313308573705, 2.315232983947147, 1.0538606804574062, -0.10954294976705582, -0.5772174270075743, -0.588575836919696, 1.0544333983342873, -0.9322310056033987, -2.8870063251083975, 0.7656092934448886, 1.274874867440655, 0.26995852705454276, -0.320944558098625, 3.5163823988649163, 0.9414545387128332, 2.2377470035107567, 0.7011721428108677, -0.14351589813452578, 2.1187063635220893, -0.5077134544397398, -0.16159507860766345, -0.292567557779955, 8.064569056183188, -0.180072800242004, -2.405534729918685, 20.95186340763462, -0.5247745526784066, -0.5972190944144323, 2.000841826527503, -0.005064192440216178, -0.2336097566658177, 1.151134037784621, -1.9449068878115057, 0.48143642039395323, 0.5619163386362808, 3.351847059174134, 0.02106313975065572, 2.1864532283179403, -0.15244558873723613, -0.22969287979468278, -0.8535009083160748, 0.34261661662185783, 5.362119001909999, 3.8978254948970865, -0.17189363269222768, 0.7723931159037023], "scale": [0.4885169611233239, 33.00081661434636, 0.0407740817417473, 0.5249672634021163, 0.1965424031359967, 1.7329180221000564, 0.08007009097541598, 2.1141216087222126, 0.09108687608333699, 0.6084299906471051, 0.3998970272255298, 1.6056431289339848, 1.4662094072160536, 1.601432716260378, 2.703992927097108, 0.13723654301068527, 0.36723169067093364, 9.042306375338375, 0.09199963182429603, 0.3603939169090687, 5.3131816655420545, 0.36723169067093364, 1.127203775778837, 0.42363632227642195, 1.1681864888448454, 0.12322559836652847, 4.327960860341336, 0.4054090912781989, 0.7869990139718835, 0.4658563832822701, 0.42992406377658954, 1.5283808388405522, 64.04918323177633, 2.450009951910144, 0.7871009719888403, 1.601432716260378, 1.219806058017803, 0.22351434936122025, 0.21375083461180985, 3.477627568708073, 0.3520591394200337, 0.7166259968023543, 0.7189532086956002, 0.42992406377658965, 1.0853101433917658, 2.70346959846681, 1.7106710466758084, 1.6056431289339848, 2279.705619879433, 0.4261549263658497, 64.11297982268657, 0.6190903372034923, 2279.4260227014133], "bias": null, "columns": ["cross_compt_ge_dist_min_nonfinal", "rsg_mean_1v_first_tango", "p_abs_min_tango", "-log_p_compt_mean_tango", "-log_p_compt_mean_nonfinal_tango", "ge_distances_mean", "cross_compt_min_nonfinal_tango", "cross_compt_dist_min_nonfinal_tango", "cross_compt_mean_nonfinal", "-log_p_compt_mean", "rsg_mean_2_first", "-log_p_abs_min_tango", "cross_compt_ge_dist_max", "-log_p_abs_min", "cross_compt_ge_dist_sum_nonfinal", "p_abs_mean_tango", "p_abs_max", "cross_total_dist_min", "p_compt_mean_nonfinal_tango", "p_abs_max_tango", "distances_mean", "p_abs_final", "-log_p_abs_mean", "rsg_mean_1", "cross_compt_dist_min", "cross_compt_max_tango", "cross_compt_dist_max", "cross_compt_ge_dist_min", "-log_p_compt_sum_nonfinal", "rsg_wmean_1v", "first_is_not_closest", "rsg_sum_1", "rsg_mean_1v", "cross_compt_dist_mean_nonfinal_tango", "tango_sigma", "-log_p_abs_final", "cross_total_ge_dist_min_tango", "p_compt_min_nonfinal", "rsg_mean_1_first", "cross_compt_ge_dist_sum", "p_compt_min_tango", "-log_p_compt_sum_nonfinal_tango", "cross_compt_ge_dist_mean_tango", "first_is_not_largest", "cross_abs_ge_dist_min_tango", "cross_compt_ge_dist_sum_nonfinal_tango", "tango_v_sigma", "-log_p_abs_final_tango", "cross_total_dist_mean", "rsg_mean_1_tango", "rsg_mean_1v_tango", "p_abs_sum_tango", "cross_abs_dist_mean"]}