{"model": "linear", "weights": [0.21866602294702975, 1.311621121606582, 0.4087480410701901, 4.58213339849663, 7.73012160610593, 0.69595643727613, 1.0196386352416693, 0.931009485553407, 2.0718911521906844, 4.49830583751622, -0.14173871365151983, 0.27076617005713466, 0.15968914425925781, 2.78163702399642, 0.6734542032367097, -1.0016079354034262, 2.0511011976766187, 0.3431436443781816], "scale": [0.4238674140321679, 0.5538487286351177, 1.1976369516195147, 7.597408949214924, 1.3489986976977582, 0.6006366548505075, 7.473447370602289, 2.9640706279447318, 0.6434928479912737, 3.7724945378172055, 0.1696726764555906, 0.5532506452051402, 7.346704168032263, 4.337194179849161, 1.1324002276843517, 1.5608084364073767, 0.6473992353638894, 0.6287701388537806], "bias": null, "scaled_weights": [0.5158830702905481, 2.3681937933465838, 0.3412954489400624, 0.6031179088984178, 5.730266173939522, 1.1586979110513103, 0.1364348452164849, 0.3140982798371992, 3.2197578553643553, 1.1923955866398617, -0.8353655792576474, 0.4894095875057445, 0.021736160951479944, 0.6413448207876088, 0.5947139419195084, -0.641723809302888, 3.168216898686539, 0.5457378192350497], "columns": ["rc_mean_1_penalty_removed_tango", "rth_mean_1_penalty_removed_tango", "rth_mean_1", "rth_mean_1v_penalty_removed_tango", "rth_mean_2_penalty_removed_tango", "rth_norm_2_tango", "rth_norm_2v", "rc_mean_1_tango", "rth_wmean_1v_penalty_removed", "c_penalty_ell_mean_1", "rc_cap_norm_2", "rth_mean_1_penalty_removed", "rth_norm_2v_tango", "rc_wmean_1v", "rth_mean_1_tango", "rc_cap_sum_1", "rth_wmean_1v_penalty_removed_tango", "rth_norm_2"]}