{"model": "linear", "weights": [-0.3073878474532603, 0.8302437000664669, -0.3379405722666728, 1.747334186452106, 1.0163151633853973, 0.06022501199856806, 1.5837372981847404, 0.37418347772687444, 1.2063412314350686, 0.885986524531362, 0.3315856012950458, 2.2093078726902813, 0.2871189104091204, 0.1632463943070742, 0.9187483337904663, 1.8589812814704811, -0.028126962504313607, 1.3008412076354188, 0.9347497437554652, 0.8940483107498606, -0.7193072787626306, 6.260802273902158, 0.14553530086040437, 1.1458691893404946, 1.814178988003063, 0.07479257250221841], "scale": [0.7608165262998224, 0.4235973599444964, 1.7374066601320535, 5.3131816655420545, 1.1976369516195147, 0.4885169611233239, 2.164621584344692, 0.6434928479912737, 1.601432716260378, 1.601432716260378, 13.973363326582698, 0.21375083461180985, 1.1681864888448454, 0.42992406377658965, 7.595329527219522, 1.127203775778837, 0.42992406377658954, 0.5532506452051402, 0.6084299906471051, 4.337194179849161, 1.7106710466758084, 1.7329180221000564, 0.5457937966516953, 33.6385215388613, 0.4658563832822701, 0.6287701388537806], "bias": null, "scaled_weights": [-0.404023620449229, 1.959983178779143, -0.19450862024495016, 0.32886776632995884, 0.8486003726012934, 0.12328131219862502, 0.7316462653975586, 0.5814881686640729, 0.7532887390062092, 0.5532461748379248, 0.0237298346536401, 10.335902906309475, 0.24578174217118048, 0.37970983264594677, 0.12096227431580565, 1.6491971739413538, -0.0654230941558317, 2.3512692102746287, 1.5363308155820814, 0.20613518179648435, -0.42048252360405297, 3.6128669643096756, 0.2666488731700984, 0.03406419595512591, 3.8942881392350097, 0.11895057968013854], "columns": ["rc_cap_mean_2", "rc_mean_1_penalty_removed", "rth_cap_wmean_2v", "distances_mean", "rth_mean_1", "cross_compt_ge_dist_min_nonfinal", "-log_p_compt_max", "rth_wmean_1v_penalty_removed", "-log_p_abs_min", "-log_p_abs_final", "rth_mean_1v", "rsg_mean_1_first", "cross_compt_dist_min", "first_is_not_largest", "rth_mean_1v_penalty_removed", "-log_p_abs_mean", "first_is_not_closest", "rth_mean_1_penalty_removed", "-log_p_compt_mean", "rc_wmean_1v", "tango_v_sigma", "ge_distances_mean", "rc_wmean_1v_penalty_removed", "rsl_norm_2v", "rsg_wmean_1v", "rth_norm_2"]}