{"model": "linear", "weights": [2.8545719414015585, 9.513731096531195, 0.31952194875100504, -0.5545009970564345, 1.6165419943392982, 0.281616539653457], "scale": [155383.850037125, 53502.88413678559, 2.703992927097108, 0.7869990139718835, 4110.831970396861, 1.601432716260378], "bias": null, "scaled_weights": [1.8371098030583817e-05, 0.00017781716350483777, 0.11816671025616558, -0.7045764825777084, 0.00039323961815526036, 0.17585287024176716], "columns": ["rsg_sum_2v", "rsg_sum_2v_first", "cross_compt_ge_dist_sum_nonfinal", "-log_p_compt_sum_nonfinal", "cross_abs_ge_dist_final", "-log_p_abs_final"]}