{"model": "linear", "weights": [0.6475369212104706, -0.3881162735435607, 1.486281301178728, -0.2056901336217655, 1.0000193217132896, 0.8917602033420593, 0.6954592442180737], "scale": [0.7871009719888403, 1.7106710466758084, 5.3131816655420545, 8.678771301320403, 1.7329180221000564, 0.42992406377658965, 0.42992406377658954], "bias": null, "scaled_weights": [0.8226859631163707, -0.22687954782291533, 0.2797347041261192, -0.02370037491257218, 0.5770724921548249, 2.0742272379651285, 1.6176327468365896], "columns": ["tango_sigma", "tango_v_sigma", "distances_mean", "ge_distances_sum", "ge_distances_mean", "first_is_not_largest", "first_is_not_closest"]}