{"model": "linear", "weights": [0.8385299965122682, 1.399933851403816, 0.3708878907728973, 2.846582324977547, 0.5138053724305433, 3.6112520723823067, 1.050628255172373, 1.6155755262873608, 2.1113604955701732, 1.5378394454606241, 1.8381905687452, 0.6636148696144416, 1.5722114795103928, 3.8153073876770502, 0.10005350224865123, 1.0709016728473308, 0.5596133075854144, 2.397078556622565, 2.3376660837376524, 0.9126355918686959, 0.11039743897660717, 0.6794710696024558, 0.4120835012185044, 3.006343899884671], "scale": [1.6100771955661388, 1.7329180221000564, 24.362502108964613, 1.3475951441098866, 720.368414096746, 7.595329527219522, 8.678771301320403, 13.973363326582698, 887.0601153654164, 0.6434928479912737, 1.1976369516195147, 0.5893559489137365, 0.543664319034312, 0.5532506452051402, 0.42992406377658954, 0.1696726764555906, 0.7871009719888403, 2.5825886301091328, 4.337194179849161, 592.1601781106464, 0.4235973599444964, 0.42992406377658965, 1.7106710466758084, 22.71963640955836], "bias": null, "columns": ["rc_sum_1_penalty_removed", "ge_distances_mean", "rth_sum_1v_penalty_removed", "rth_mean_2_penalty_removed", "c_penalty_ell_sum_2", "rth_mean_1v_penalty_removed", "ge_distances_sum", "rth_mean_1v", "rc_mean_1v", "rth_wmean_1v_penalty_removed", "rth_mean_1", "rth_cap_wmean_1v", "rc_cap_wmean_1v", "rth_mean_1_penalty_removed", "first_is_not_closest", "rc_cap_norm_2", "tango_sigma", "rc_norm_2", "rc_wmean_1v", "rth_cap_mean_2v", "rc_mean_1_penalty_removed", "first_is_not_largest", "tango_v_sigma", "distances_sum"]}