{"model": "linear", "weights": [0.9719339962083302, 2.605561215797616, 2.0352496987985327, 1.939870055380309, 0.33991484705148123, 0.6918303080284592, 1.895308973263736, 0.32062930854273197, 0.6875755545272049, 0.6295402572288158, 1.1793695539990363, 3.797193613809376, 1.9950251341804768, 1.5064837468541386, 2.4328267041593703, 1.848643096472392, 0.3579027123733154, 7.94871962664687, 4.897954937573182, 1.3113323712268292], "scale": [720.368414096746, 4.337194179849161, 2.5825886301091328, 887.0601153654164, 0.1696726764555906, 1.2068847869736086, 0.4235973599444964, 0.7703065474657396, 1.1976369516195147, 0.6287701388537806, 40.20285830429307, 13.973363326582698, 0.5893559489137365, 0.5532506452051402, 4.9746442137544005, 1.3475951441098866, 0.6434928479912737, 24.362502108964613, 7.595329527219522, 591.2025205456359], "bias": null, "columns": ["c_penalty_ell_sum_2", "rc_wmean_1v", "rc_norm_2", "rc_mean_1v", "rc_cap_norm_2", "rc_cap_wmean_2v", "rc_mean_1_penalty_removed", "rc_mean_2_penalty_removed", "rth_mean_1", "rth_norm_2", "rth_sum_1v", "rth_mean_1v", "rth_cap_wmean_1v", "rth_mean_1_penalty_removed", "rth_sum_2_penalty_removed", "rth_mean_2_penalty_removed", "rth_wmean_1v_penalty_removed", "rth_sum_1v_penalty_removed", "rth_mean_1v_penalty_removed", "rth_mean_2v_penalty_removed"]}