{"model": "linear", "weights": [0.45898990048012445, 2.0851696532622963, 1.5780610505247465, 1.8004476106951546, 2.670579932944998, 1.0087830687454842, 1.2998955104680052, 12.140495919022742, 4.409517734811082, 0.15063448464562854, 1.1450432644443556, 1.4971384434682533, 10.073099146988586, 2.6442632571429225], "scale": [0.4235973599444964, 0.4238674140321679, 0.5538487286351177, 1.1976369516195147, 7.597408949214924, 7.473447370602289, 0.6434928479912737, 0.5370611863368625, 3.7724945378172055, 1.2603161809186687, 0.42992406377658965, 4.337194179849161, 1.7329180221000564, 0.6473992353638894], "bias": null, "scaled_weights": [1.0835523161434848, 4.919391263004827, 2.849263650769148, 1.5033333835103235, 0.351511936608462, 0.13498229380910004, 2.020062094747062, 22.605424163733595, 1.1688599388569196, 0.11952118597400548, 2.6633616513249607, 0.3451859385092878, 5.812796115295394, 4.0844398829983755], "columns": ["rc_mean_1_penalty_removed", "rc_mean_1_penalty_removed_tango", "rth_mean_1_penalty_removed_tango", "rth_mean_1", "rth_mean_1v_penalty_removed_tango", "rth_norm_2v", "rth_wmean_1v_penalty_removed", "rsl_wmean_1v_tango", "c_penalty_ell_mean_1", "rth_wmean_1v", "first_is_not_largest", "rc_wmean_1v", "ge_distances_mean", "rth_wmean_1v_penalty_removed_tango"]}