{"model": "linear", "weights": [-0.0003717571647145005, 0.0015690402170572117, -0.00031407387234672594, 2.582235752596261e-05, -0.00021367205147502345, 0.00817450620968617, -3.6695908507292403e-06, 3.654924026556266e-05, 7.362619344373639e-05, 0.0025210717863572035, -0.00027314959307651225, 2.250564638102304e-07, 2.4206825123547143e-05, -1.8569150737662316e-06, -5.370773672781349e-05, -2.4122662960428238e-05, -1.6666733586349428e-05, 0.003787234357619457, -0.0005602928261508836, 2.0053855560322593e-06, 0.000325948748269707, 5.887442546555512e-05, -0.0003715786894688418, 7.612098084695737e-06, 0.009085670678999251, -1.2038810108327059e-05, -4.838855403411116e-05, -2.2606989452962746e-05, 9.089448872686002e-05, -3.482528106994114e-05, 6.681703413177019e-05, -0.005418799688336486, -0.0005562263929343111, -3.858263804593938e-06, 1.6846311121595688e-05, 0.0005759087898476176, 0.00038050416176590453, -5.9761404208887565e-05, 5.214459258128086e-05, -2.2334083816952026e-05, 0.2801902912371881, 1.6351965026758577e-05, -1.1912472067468588e-05, 0.0005463935288932621, 0.5347483266548494, 7.228366269926402e-05, -0.0005200914085157869, -6.26048154336786e-05, 0.00025898305571816664, 0.0018302502188148344, -0.0006267340934882538, 0.0007839186038115008, -0.007486191324933226, 0.10953391354517138, -0.0005086311195007414, -0.0005226438983097389, 3.2107457238751413e-06, 0.002118073564355058, 4.771308883374656e-05, -1.8656996110862823e-06, 0.0004797050156092435, 0.0023218472472472723, -0.0013379581343045828, -0.00030415515368054156, 1.3939767260116528e-05, -3.105689384053231e-05, 2.4186369415289288e-05, -1.7402432367324552e-06, 0.00029011951559018137, -0.0025570268174031157, 0.00032712851092309316, -0.00010706264119958536, 8.64712156745313e-05, -0.003617821270055033, 4.203175273160025e-05, -4.358984794474284e-05, -1.5845618472330156e-06, -1.318666425328153e-07, 2.887645329204573e-05, -5.7457182036252854e-05, 0.0005422115656120728, 3.2181250281126874e-05, -0.000347287813482781, 3.797996451752998e-07, -0.00463697215309054, 1.295605582568366e-06, 0.0007772699998273776, -0.0015596491014335755, -0.0035701767809478853, 0.0004237985279872965, -0.0008364133249872276, 0.00024001169045772386, 0.0001274801016073432, 1.6413418912576577e-05, -2.531831071279386e-05, -3.1093663489412906e-07], "scale": [2.8240662861582497, 1881.141068108714, 0.7608165262998224, 720.368414096746, 0.4235973599444964, 688.1632898444103, 1.7374066601320535, 5.3131816655420545, 1.1976369516195147, 238.27417713172204, 4.1406037639947915, 8.28284233511746, 22.71963640955836, 11.755027968701482, 1.9652088674525527, 294.62281748766827, 7.473447370602289, 200.8005382687225, 24.586307597671478, 21036873.461330827, 1.3328099433111336, 0.5402900929110258, 0.5066134782096677, 1.2176681725039065, 99.69769740657071, 5011.190796000346, 11.73617963181699, 1.2068847869736086, 0.6434928479912737, 1.828008201640765, 0.543664319034312, 200.80334788715354, 233.22198261665196, 3.7724945378172055, 6101106.625306113, 7.674625597300401, 591.2025205456359, 13.973363326582698, 0.7871009719888403, 730.3230570802035, 21036873.33102735, 0.21719403031199278, 1.2603161809186687, 2.0300590195458823, 304020918.855084, 40.20285830429307, 2.118218078284036, 0.4397715460134327, 0.7703065474657396, 143.33932827752028, 592.1601781106464, 295557.1589603487, 688.1331106483699, 638366286.2120825, 4.923794892770277, 7.595329527219522, 0.42992406377658965, 1070.893488978808, 841.4849764931672, 3.737708991950296, 4.9746442137544005, 2476.5963756571095, 97210.69359732965, 1.3475951441098866, 1929.7669813595455, 3.977608728955865, 0.1696726764555906, 0.42992406377658954, 1.6100771955661388, 887.0601153654164, 0.5532506452051402, 2.3133524204175604, 2.5825886301091328, 330.61578168981686, 4.337194179849161, 0.5893559489137365, 1.7106710466758084, 25.37585494580248, 1.7329180221000564, 0.5457937966516953, 229.96953846920044, 8.678771301320403, 1.5608084364073767, 0.2206275929590759, 356.9655052095232, 6101106.645181805, 24.362502108964613, 1878.2357793468932, 33.6385215388613, 2.7973640163755675, 623.2785034999596, 0.3979341355844085, 0.7017887753092958, 9.623400619381812, 0.6287701388537806, 0.66646472279015], "bias": null, "scaled_weights": [-0.00013163896560665527, 8.340896085133656e-07, -0.0004128115800457202, 3.584604352529905e-08, -0.0005044225287499921, 1.1878730426806662e-05, -2.11210819834795e-06, 6.878974325797663e-06, 6.147622060606493e-05, 1.0580549754510377e-05, -6.59685419435019e-05, 2.7171405020718514e-08, 1.0654582972711268e-06, -1.5796772910369822e-07, -2.7329276606325e-05, -8.187642480011894e-08, -2.2301265747732493e-06, 1.886067831427408e-05, -2.2788815438229848e-05, 9.532716730546875e-14, 0.0002445575604425221, 0.00010896817513041179, -0.0007334559885417413, 6.251373121663256e-06, 9.113220179948157e-05, -2.4023851013487185e-09, -4.123024318998061e-06, -1.8731688142040604e-05, 0.00014125174663649507, -1.9050943556316114e-05, 0.0001229012679192456, -2.6985604300689827e-05, -2.3849655452444333e-06, -1.0227354250395707e-06, 2.7611894294259203e-12, 7.504063651654841e-05, 6.436105201559823e-07, -4.276808869286212e-06, 6.62489241367881e-05, -3.0581101884202616e-08, 1.33190083349475e-08, 7.528735943280515e-05, -9.451971059187194e-06, 0.00026915154861630015, 1.758919513396198e-09, 1.7979732225045598e-06, -0.00024553251331756735, -0.00014235758543543049, 0.0003362077819151411, 1.2768653521741597e-05, -1.058386086494231e-06, 2.6523417892126567e-09, -1.0878987232396967e-05, 1.7158474047105497e-10, -0.0001033006310331034, -6.881122095318319e-05, 7.468169368494823e-06, 1.9778564219069346e-06, 5.670105844620981e-08, -4.991559308400787e-07, 9.64300148908954e-05, 9.375154022145502e-07, -1.3763487171964136e-08, -0.0002257021739874568, 7.2235494724320465e-09, -7.80793083403275e-06, 0.00014254722634507227, -4.047792118090822e-06, 0.00018018981722684976, -2.882585715568749e-06, 0.000591284463485437, -4.628029877966477e-05, 3.348238068827759e-05, -1.0942675668910646e-05, 9.691000907195267e-06, -7.396183583975844e-05, -9.262808593809726e-07, -5.1965398925259805e-09, 1.666348489875561e-05, -0.00010527269160759596, 2.3577538539291828e-06, 3.7080422059549797e-06, -0.00022250508478936594, 1.7214512476947913e-06, -1.2989972659595889e-05, 2.1235583278839058e-13, 3.1904358441958526e-05, -8.303798269543679e-07, -0.0001061335819061904, 0.00015149924196722716, -1.341957600479449e-06, 0.000603144261814185, 0.00018165024305377288, 1.7055736908135642e-06, -4.0266401262229136e-05, -4.665462765866961e-07],