{"model": "linear", "weights": [1.7655094702879434e-11, 6.710279958090218e-05, 5.234172108207585e-05, 6.499080674376367e-10, 0.0009644206438940553, 0.0001179626559378625, 3.939940910117975e-10, 4.172087977711795e-11, 5.816175959357301e-09, 2.7717305963434873e-11, 5.879795670493106e-10, 8.176169361668409e-07, 2.9429301141415844e-07, 8.176169361667171e-07, 3.467063086189671e-10, 1.7576862042858116e-05, 4.734044609946767e-12, 4.366696942376861e-09, 0.2494315925309227, 2.9867770677163255e-05, 1.120808812253485e-10, 5.6508823444585666e-05, 6.970866229092724e-12, 5.650882344441876e-05, 0.00013676848455826176, 9.471065332379835e-12, 0.00011820680436813122, 0.2494319444509816, 0.2494401889989273, 9.47106533250662e-12, 9.368654709485725e-05, 0.00010416449425706345, 5.706450723543635e-05, 1.6718186235090447e-05, 6.097696103213338e-05, 3.185317580621972e-06, 5.9682122690987255e-05, 1.726691445761987e-10, 2.239620108840617e-05, 1.9359451206497406e-05, 7.753810409556203e-06, 3.241895604164629e-06, 1.8460710997886008e-10, 2.0340621278444016e-05, 1.9159528035806317e-05, 1.1058102071972412e-12, 5.895857700479587e-06, 0.0001015448178793951, 5.180402636140459e-10, 1.8773492541316148e-05, 5.888942252785309e-10, 1.2477579745186083e-05, 1.700844282559364e-05, 3.3481834203545816e-10, 4.739984069911449e-12, 2.6350587557306186e-09, 0.24943363383589978], "scale": [1.5283808388405522, 0.42363632227642195, 0.4658563832822701, 0.8662048025870851, 214.3195371648319, 64.04918323177633, 155383.850037125, 53502.88413678559, 47827.30742610575, 23379.244046614956, 871.8361771041352, 868.5048888508767, 199.57784037656205, 868.5048888508767, 10167.71999916096, 10140.214462295236, 2279.4260227014133, 10140.49932626295, 0.37644606025452726, 1.8466765957072728, 0.6349777491789669, 0.36723169067093364, 0.14601883105541327, 0.36723169067093364, 5.720865135808337, 1.601432716260378, 1.127203775778837, 0.992565385308932, 0.047970882542836234, 1.601432716260378, 0.48044382949640846, 0.088015715360907, 0.7192865363769918, 2.43107446391819, 0.41524305767843556, 0.09108687608333699, 0.08199323041843305, 0.9386358757472293, 0.14191435089513352, 0.04801670574719098, 0.8483633223693582, 0.09859629005797582, 2.644232767414133, 0.6084299906471051, 2.164621584344692, 0.7869990139718835, 0.2261573231269946, 0.35912053623971346, 0.07636650353370997, 0.0765136846367669, 871.8586365301849, 199.5796602185848, 868.4800892234279, 10169.046489361092, 2279.705619879433, 10140.539943522452, 0.39248741072373394], "bias": null, "columns": ["rsg_sum_1", "rsg_mean_1", "rsg_wmean_1v", "rsg_wmean_2v", "rsg_sum_1v", "rsg_mean_1v", "rsg_sum_2v", "rsg_sum_2v_first", "rsg_mean_2v", "rsg_mean_2v_first", "cross_abs_sum", "cross_abs_final", "cross_abs_mean", "cross_abs_max", "cross_abs_dist_sum", "cross_abs_dist_final", "cross_abs_dist_mean", "cross_abs_dist_max", "cross_abs_min", "cross_abs_ge_dist_min", "p_abs_sum", "p_abs_final", "p_abs_mean", "p_abs_max", "-log_p_abs_sum", "-log_p_abs_final", "-log_p_abs_mean", "-log_p_abs_max", "p_abs_min", "-log_p_abs_min", "cross_compt_sum", "cross_compt_mean", "cross_compt_ge_dist_mean", "cross_compt_dist_mean", "cross_compt_sum_nonfinal", "cross_compt_mean_nonfinal", "cross_compt_min_nonfinal", "p_compt_sum", "p_compt_mean", "p_compt_max", "p_compt_sum_nonfinal", "p_compt_mean_nonfinal", "-log_p_compt_sum", "-log_p_compt_mean", "-log_p_compt_max", "-log_p_compt_sum_nonfinal", "-log_p_compt_mean_nonfinal", "p_compt_min", "-log_p_compt_min", "-log_p_compt_min_nonfinal", "cross_total_sum", "cross_total_mean", "cross_total_max", "cross_total_dist_sum", "cross_total_dist_mean", "cross_total_dist_max", "cross_total_min"]}