{"model": "linear", "weights": [0.6105575449443558, 0.9026246767494139, 1.2998202208662442, 0.86785227296054, 0.6470712770567416], "scale": [0.7871009719888403, 5.3131816655420545, 1.7329180221000564, 0.42992406377658965, 0.42992406377658954], "bias": null, "scaled_weights": [0.7757042192459805, 0.16988402308983117, 0.750076001455073, 2.0186175794326324, 1.5050827147767956], "columns": ["tango_sigma", "distances_mean", "ge_distances_mean", "first_is_not_largest", "first_is_not_closest"]}