{"model": "linear", "weights": [-0.8789650077162019, 1.07544137761435, 0.48129509249970853, 4.7085939649626365, -1.5480323926124295, -0.575392439850141, 0.2936110478473089, 0.0668297470991447, -0.3384710464955186, 0.4409054805268872, 0.845753430815967, 3.769473785863912, 0.825466637153135, 0.9886722989035003, 1.0880440397182611, 2.5477409597983605, -1.1450105476726382, 0.04707774658599961, 2.882950164455771, 1.490498441957969, 0.8413712225677265, -0.41096234344743077, -0.14580030802477578, -0.9411048740813931, -0.7685849502109798, -0.9816518035767916, 1.4218431052670377, -0.0629080029968839, 0.014316014135136522, -1.1972905771448337, -0.3633976324306106, -2.4661394652906914, -2.879428167976172, 0.22029834196777795, 1.5456513711864859, -0.6672749267409183, 25.866558478234246, 1.5909953989750167, -1.2756370529566357, 0.40467002084152204, 0.2830386865869806, 0.838587782162469, -1.1210537012172643, 0.2475098740625696, 2.954268830363378, 0.41869545144934894, 1.3608663473689533, 4.40180465467315, 4.691262389928397], "scale": [229.96953846920044, 0.17451250826225634, 1.7329180221000564, 2.9640706279447318, 2.3133524204175604, 0.6006366548505075, 200.8005382687225, 1.2603161809186687, 2.8263429953457044, 623.2785034999596, 3.26053824141153, 8.678771301320403, 0.5402900929110258, 13.973363326582698, 0.6434928479912737, 4.979657197203491, 0.21719403031199278, 3.7724945378172055, 1.1976369516195147, 0.6985752978261425, 0.543664319034312, 1884.7541411094687, 0.6030619551577623, 1.2176681725039065, 1.2004084842626195, 1.5608084364073767, 0.5532506452051402, 0.42992406377658954, 3.737708991950296, 1.6097439548761938, 2.0300590195458823, 0.7871009719888403, 4.1406037639947915, 0.6473992353638894, 2.5825886301091328, 1.7374066601320535, 33.6385215388613, 4.337194179849161, 0.6287701388537806, 0.4235973599444964, 0.42992406377658965, 0.66646472279015, 1.3328099433111336, 1.7106710466758084, 0.4383888077173667, 9.623400619381812, 24.61753608134031, 0.5370611863368625, 22.71963640955836], "bias": null, "columns": ["c_penalty_ell_mean_2", "rc_cap_norm_2_tango", "ge_distances_mean", "rc_mean_1_tango", "rsl_sum_1", "rth_norm_2_tango", "rc_mean_1v_penalty_removed", "rth_wmean_1v", "rc_sum_2_penalty_removed_tango", "rc_norm_2v", "rc_wmean_1v_tango", "ge_distances_sum", "rsl_wmean_1v", "rth_mean_1v", "rth_wmean_1v_penalty_removed", "rth_cap_sum_2_tango", "rth_cap_norm_2", "c_penalty_ell_mean_1", "rth_mean_1", "rsl_mean_1_tango", "rc_cap_wmean_1v", "rth_mean_2v_tango", "rth_cap_wmean_1v_tango", "rc_wmean_2v_penalty_removed", "rth_wmean_1v_tango", "rc_cap_sum_1", "rth_mean_1_penalty_removed", "first_is_not_closest", "rc_mean_1", "rc_sum_1_penalty_removed_tango", "rth_cap_sum_1", "tango_sigma", "rth_cap_norm_2v", "rth_wmean_1v_penalty_removed_tango", "rc_norm_2", "rth_cap_wmean_2v", "rsl_norm_2v", "rc_wmean_1v", "rth_norm_2", "rc_mean_1_penalty_removed", "first_is_not_largest", "c_penalty_sum_1", "rth_cap_mean_2", "tango_v_sigma", "rsl_norm_2_tango", "rth_wmean_2v", "rth_cap_sum_1v_tango", "rsl_wmean_1v_tango", "distances_sum"]}