{"model": "linear", "weights": [3.0609261175905207, 1.0835887775104605, 1.2487487282564345, 1.9146921735707143, 0.7542081875278249, 0.13269897330753724, 2.9577798320365045, 1.7812885760148294, 0.29875832664355706, 1.2346857191676426, 0.530434029471763, 0.1891313711710988, 0.22888046914977772, 0.6866338378526524, 0.031545871902182575, 1.0177882062723795, 1.581254875869478, 0.642987819836409, 0.5040583243716302, 2.6131868226608232, 0.023092427395709787], "scale": [0.5538487286351177, 5.3131816655420545, 1.1976369516195147, 7.597408949214924, 1.3489986976977582, 22.71963640955836, 2.9640706279447318, 0.6434928479912737, 3.26053824141153, 3.7724945378172055, 13.973363326582698, 0.7871009719888403, 1.2603161809186687, 0.42992406377658965, 0.42992406377658954, 0.5532506452051402, 4.337194179849161, 1.7106710466758084, 1.7329180221000564, 8.678771301320403, 0.6473992353638894], "bias": null, "scaled_weights": [5.526646463798414, 0.20394348353227482, 1.042677187412933, 0.2520191010342504, 0.5590874096579777, 0.005840717294741107, 0.9978776497938616, 2.7681559811819154, 0.09162853017611615, 0.3272862841259517, 0.03796036910188072, 0.24028857529320943, 0.18160559438580115, 1.5971049208575172, 0.07337545059719063, 1.839651187202851, 0.36458014335998, 0.3758687686249608, 0.29087257328005706, 0.30110101210562473, 0.0356695314641977], "columns": ["rth_mean_1_penalty_removed_tango", "distances_mean", "rth_mean_1", "rth_mean_1v_penalty_removed_tango", "rth_mean_2_penalty_removed_tango", "distances_sum", "rc_mean_1_tango", "rth_wmean_1v_penalty_removed", "rc_wmean_1v_tango", "c_penalty_ell_mean_1", "rth_mean_1v", "tango_sigma", "rth_wmean_1v", "first_is_not_largest", "first_is_not_closest", "rth_mean_1_penalty_removed", "rc_wmean_1v", "tango_v_sigma", "ge_distances_mean", "ge_distances_sum", "rth_wmean_1v_penalty_removed_tango"]}