{"model": "linear", "weights": [2.9139183465611245, 4.032308907364157, 2.525828895927463, 3.485013782174731, 0.7213599360393459, 0.9258303219871447, 0.3835085936365255, 11.553933423844336, 3.187934164557361, 3.636931047664264, 1.9968984494193844, 0.2558976524951937, 0.08428421844831001, 0.004960647636834713], "scale": [2.3616681510432023, 3.737708991950296, 0.4235973599444964, 1.1976369516195147, 1.7329180221000564, 0.6084299906471051, 0.42992406377658965, 0.21409776147376652, 0.048318954857064764, 0.5538487286351177, 1.7329180221000564, 0.01039458038752842, 0.00962063130386408, 0.42992406377658965], "bias": null, "scaled_weights": [1.233839032496577, 1.0788183125139823, 5.962806038872434, 2.9099083636840795, 0.41626893300189566, 1.5216710816678571, 0.8920379805393169, 53.96568999279352, 65.97688575814155, 6.566650530420046, 1.152332899740647, 24.61837255135606, 8.760778350840413, 0.01153842749172681], "columns": ["rlg_norm_2v", "rc_mean_1", "rc_mean_1_penalty_removed", "rth_mean_1", "ge_distances_mean", "-log_p_compt_mean", "first_is_not_largest", "rsg_mean_1_first_tango", "rlg_wmean_1v_tango", "rth_mean_1_penalty_removed_tango", "ge_distances_mean_tango", "klein-nishina_rel_sum_mean_tango", "klein-nishina_rel_sum_min_tango", "first_is_not_largest_tango"]}