{"model": "linear", "weights": [69.89756748666186, 0.15495141086705577, -0.2789278765985222, 0.8948161696688174, 0.13081661480720366], "scale": [155383.850037125, 2.703992927097108, 0.7869990139718835, 4110.831970396861, 1.601432716260378], "bias": null, "columns": ["rsg_sum_2v", "cross_compt_ge_dist_sum_nonfinal", "-log_p_compt_sum_nonfinal", "cross_abs_ge_dist_final", "-log_p_abs_final"]}