{"model": "linear", "weights": [7.000899968284078, 1.23676546719323, 9.530045040816518, 1.727782877436573, 2.5522364402256463, 0.17726623345839743, 0.8711579692740394, 0.6626322316448637, 3.0334838683257046, 0.21120979363490502, 3.2669542819884363, 0.813021171382211, 14.600377781195293], "scale": [0.5538487286351177, 0.6084299906471051, 0.21409776147376652, 4.337194179849161, 1.1976369516195147, 7.473447370602289, 0.6434928479912737, 1.2603161809186687, 3.737708991950296, 0.5532506452051402, 0.5370611863368625, 0.42992406377658965, 1.7329180221000564], "bias": null, "scaled_weights": [12.640455067102549, 2.032716148455879, 44.51258609718924, 0.39836419717243604, 2.131060198814309, 0.023719473044755177, 1.3537958844351492, 0.5257666621100258, 0.8115890977223632, 0.38176149538260434, 6.083020641039762, 1.8910808672591493, 8.425313601102527], "columns": ["rth_mean_1_penalty_removed_tango", "-log_p_compt_mean", "rsg_mean_1_first_tango", "rc_wmean_1v", "rth_mean_1", "rth_norm_2v", "rth_wmean_1v_penalty_removed", "rth_wmean_1v", "rc_mean_1", "rth_mean_1_penalty_removed", "rsl_wmean_1v_tango", "first_is_not_largest", "ge_distances_mean"]}