{"model": "linear", "weights": [0.35306515804602817, 0.7960522385793221, 2.008176717666637, 0.404812666923154, 0.2176753994420619], "scale": [0.7871009719888403, 5.3131816655420545, 1.7329180221000564, 0.42992406377658965, 0.42992406377658954], "bias": null, "columns": ["tango_sigma", "distances_mean", "ge_distances_mean", "first_is_not_largest", "first_is_not_closest"]}