{"model": "linear", "weights": [7.2475681729687e-05, 1.4874974558500863e-05, 3.206603857567168e-07, 1.815370096299814e-05, 6.665287099672129e-05, 5.392178516968872e-06, 1.42986523757554e-11, 2.22149335283922e-12, 4.6866029076950194e-08, 3.572164721826904e-05, 1.265799650237685e-06, 1.295993045468804e-05, 2.4536942225348606e-05, 3.4784724551765635e-05, 2.574642682035747e-07, 0.0005267702219064981, 8.864041675725236e-08, 1.5395139341869483e-10, 7.968816818042266e-08, 2.9215712007454998e-06, 0.013112604554404305, 3.0690410010078585e-06, 3.5302075125381687e-10, 1.496953530109461e-11, 1.4014935103921574e-05, 6.728048614635732e-08, 0.0009327452983010642, 8.883305519748765e-12, 3.2337593540404405e-11, 0.001188458609031066, 2.9812846585660944e-10, 8.770099487203654e-06, 1.9076143516152857e-12, 6.347676311266047e-10, 8.717432284852476e-06, 9.505368060573652e-06, 2.666079821612371e-11, 4.257941975640356e-08, 0.0044423744042242615, 8.242657319068362e-06, 2.9606371873727656e-11, 1.7106632621312762e-07, 0.9794539147307956, 2.472610137606151e-10], "scale": [24.36621967061161, 1.8320217614689693, 1.1976369516195147, 7.597408949214924, 1.3489986976977582, 11.755027968701482, 200.82250330110892, 200.8005382687225, 21036873.461330827, 2.9640706279447318, 290993301.3966436, 0.6434928479912737, 3.26053824141153, 3.7724945378172055, 6101106.625306113, 759.0206829420099, 21036899.35737111, 182.10585878306313, 21036873.33102735, 1.2603161809186687, 304020918.855084, 40.20285830429307, 530.412602629557, 688.1331106483699, 638366286.2120825, 21036899.499552067, 2134.953064058175, 688.2556848410459, 649.8851714283896, 2476.5963756571095, 887.0601153654164, 0.5532506452051402, 1.1324002276843517, 2.165258198484743, 7.554401770805783, 0.2206275929590759, 688.2178717350724, 6101106.645181805, 6101112.27388476, 0.6473992353638894, 220.5670572264869, 6101112.302332298, 593823596.2896891, 623.2785034999596], "bias": null, "scaled_weights": [2.974432747854637e-06, 8.11943115051956e-06, 2.6774423194199305e-07, 2.3894594965661346e-06, 4.940914406401807e-05, 4.587125212569374e-07, 7.120044885764774e-14, 1.1063184252356402e-14, 2.2278039159715214e-15, 1.2051550621463501e-05, 4.3499271088454175e-15, 2.0139975906715575e-05, 7.525426910719575e-06, 9.220616280041679e-06, 4.2199601484698994e-14, 6.940130008904435e-07, 4.21356851365996e-15, 8.453950600353401e-13, 3.788023387624354e-15, 2.3181255981462608e-06, 4.3130599709339804e-11, 7.63388756535286e-08, 6.655587546443885e-13, 2.1753836677020348e-14, 2.1954378554486248e-14, 3.19821303266624e-15, 4.3689264836955117e-07, 1.2906984592216458e-14, 4.975893428885177e-14, 4.798757765749112e-07, 3.3608597736783387e-13, 1.585194624391587e-05, 1.6845760933094932e-12, 2.931602483116414e-10, 1.1539540190384445e-06, 4.308331488861775e-05, 3.8738892596481003e-14, 6.978966642064777e-15, 7.281253326937498e-10, 1.2731954053722875e-05, 1.3422843939621806e-13, 2.8038547355985133e-14, 1.6494021471201051e-09, 3.967103186972517e-13], "columns": ["rth_sum_1v_penalty_removed_tango", "rth_wmean_2v_penalty_removed_tango", "rth_mean_1", "rth_mean_1v_penalty_removed_tango", "rth_mean_2_penalty_removed_tango", "c_penalty_ell_sum_1", "rc_mean_1v_penalty_removed_tango", "rc_mean_1v_penalty_removed", "rc_cap_sum_2v", "rc_mean_1_tango", "rc_mean_2v_tango", "rth_wmean_1v_penalty_removed", "rc_wmean_1v_tango", "c_penalty_ell_mean_1", "rc_mean_2v_penalty_removed", "rc_mean_1v_tango", "rc_sum_2v_penalty_removed_tango", "rc_mean_2_tango", "rc_sum_2v_penalty_removed", "rth_wmean_1v", "rc_mean_2v", "rth_sum_1v", "rc_norm_2v_tango", "rc_sum_1v_penalty_removed", "rc_sum_2v", "rc_cap_sum_2v_tango", "rc_sum_1v_tango", "rc_cap_sum_1v_tango", "rc_sum_2_tango", "rc_sum_1v", "rc_mean_1v", "rth_mean_1_penalty_removed", "rth_mean_1_tango", "rc_norm_2_tango", "rth_mean_2_tango", "c_penalty_mean_1", "rc_sum_1v_penalty_removed_tango", "rc_cap_mean_2v", "rc_mean_2v_penalty_removed_tango", "rth_wmean_1v_penalty_removed_tango", "rc_wmean_2v_tango", "rc_cap_mean_2v_tango", "rc_sum_2v_tango", "rc_norm_2v"]}