{"model": "linear", "weights": [3.40041180377172e-11, 3.7515092959473116e-05, 3.469212346229171e-11, 8.195515920225117e-07, 4.8935592639826765e-05, 6.6020323027813855e-06, 1.1066828971673361e-05, 1.1235193331972468e-10, 5.4123358282973314e-05, 2.8004746910577814e-10, 8.750898593485455e-11, 2.626834600893774e-07, 2.2855751721909432e-11, 9.822201811838683e-06, 2.9974790737373327e-05, 6.579948253364592e-05, 2.9673309390191403e-05, 6.103116311907833e-07, 6.0769410257817185e-06, 0.0011177911024218845, 7.880300699890814e-07, 1.62995774561252e-10, 5.699215695113804e-06, 6.035687660282296e-07, 4.181175199328419e-06, 0.018697317334154945, 1.0406126624527963e-09, 3.5562814580411575e-12, 1.5356899395034028e-10, 0.05065728594325178, 4.4999042327092346e-07, 5.41918502497931e-10, 7.484793933875653e-11, 1.5902353556792524e-05, 7.517054692750144e-11, 1.0094646286953533e-09, 7.840722116473791e-11, 7.679027069755619e-07, 0.00038615252688540587, 5.48188376774287e-06, 1.6957113101144668e-05, 1.3330598917734174e-05, 6.512353796949633e-06, 5.268500564580935e-05, 7.530245766219147e-05, 6.185299049352968e-11, 1.4136758507026097e-05, 1.8344783654351734e-10, 1.565694486636484e-07, 0.0027549917896168225, 1.0748055716308794e-05, 1.39027564509322e-11, 7.66780218357253e-07, 0.925860712029575, 1.415943578701546e-09], "scale": [688.1632898444103, 0.5538487286351177, 5.3131816655420545, 1.1976369516195147, 7.597408949214924, 238.27417713172204, 1.3489986976977582, 8.28284233511746, 22.71963640955836, 200.82250330110892, 200.8005382687225, 21036873.461330827, 2.9640706279447318, 290993301.3966436, 0.6434928479912737, 3.26053824141153, 3.7724945378172055, 6101106.625306113, 13.973363326582698, 759.0206829420099, 21036899.35737111, 182.10585878306313, 0.7871009719888403, 21036873.33102735, 1.2603161809186687, 304020918.855084, 530.412602629557, 143.33932827752028, 688.1331106483699, 638366286.2120825, 21036899.499552067, 2134.953064058175, 688.2556848410459, 0.42992406377658965, 649.8851714283896, 2476.5963756571095, 200.82964186738758, 0.42992406377658954, 887.0601153654164, 0.5532506452051402, 4.337194179849161, 1.7106710466758084, 1.7329180221000564, 2.165258198484743, 8.678771301320403, 143.3601004509824, 0.2206275929590759, 688.2178717350724, 6101106.645181805, 6101112.27388476, 0.6473992353638894, 220.5670572264869, 6101112.302332298, 593823596.2896891, 623.2785034999596], "bias": null, "scaled_weights": [4.9412862527737176e-14, 6.773526961400415e-05, 6.5294442475556495e-12, 6.843072025410256e-07, 6.44108971452478e-06, 2.7707712108189e-08, 8.2037358453795e-06, 1.3564417717258337e-11, 2.382228188308644e-06, 1.3945024312632983e-12, 4.3580055456696603e-13, 1.24868108643726e-14, 7.71093357439916e-12, 3.375404782411247e-14, 4.658138910314635e-05, 2.0180558442142504e-05, 7.865699762513271e-06, 1.0003293970627205e-13, 4.3489465519164205e-07, 1.4726754191852306e-06, 3.7459421020282815e-14, 8.95060574385054e-13, 7.240768208827226e-06, 2.8690992075235066e-14, 3.3175605158704537e-06, 6.150010138962606e-11, 1.9618927930706913e-12, 2.4810228293771656e-14, 2.2316756972447547e-13, 7.935457595018116e-11, 2.1390529687157796e-14, 2.5383157673163924e-13, 1.0875019413176779e-13, 3.698874963429866e-05, 1.1566742900485525e-13, 4.0760159330666644e-13, 3.9041657613726167e-13, 1.7861356729606168e-06, 4.3531720138982216e-07, 9.908499547633132e-06, 3.909696545275362e-06, 7.792613865557798e-06, 3.7580276238673793e-06, 2.4331973749217782e-05, 8.676626569331863e-06, 4.314519193203162e-13, 6.407520617626607e-05, 2.665548862906238e-13, 2.5662467117714647e-14, 4.5155566164702573e-10, 1.660189745245457e-05, 6.30318807611252e-14, 1.2567875829201385e-13, 1.5591510977578365e-09, 2.2717670684139646e-12], "columns": ["rc_cap_sum_1v", "rth_mean_1_penalty_removed_tango", "distances_mean", "rth_mean_1", "rth_mean_1v_penalty_removed_tango", "tango_variance", "rth_mean_2_penalty_removed_tango", "rth_mean_2", "distances_sum", "rc_mean_1v_penalty_removed_tango", "rc_mean_1v_penalty_removed", "rc_cap_sum_2v", "rc_mean_1_tango", "rc_mean_2v_tango", "rth_wmean_1v_penalty_removed", "rc_wmean_1v_tango", "c_penalty_ell_mean_1", "rc_mean_2v_penalty_removed", "rth_mean_1v", "rc_mean_1v_tango", "rc_sum_2v_penalty_removed_tango", "rc_mean_2_tango", "tango_sigma", "rc_sum_2v_penalty_removed", "rth_wmean_1v", "rc_mean_2v", "rc_norm_2v_tango", "rc_cap_norm_2v", "rc_sum_1v_penalty_removed", "rc_sum_2v", "rc_cap_sum_2v_tango", "rc_sum_1v_tango", "rc_cap_sum_1v_tango", "first_is_not_largest", "rc_sum_2_tango", "rc_sum_1v", "rc_cap_mean_1v_tango", "first_is_not_closest", "rc_mean_1v", "rth_mean_1_penalty_removed", "rc_wmean_1v", "tango_v_sigma", "ge_distances_mean", "rc_norm_2_tango", "ge_distances_sum", "rc_cap_norm_2v_tango", "c_penalty_mean_1", "rc_sum_1v_penalty_removed_tango", "rc_cap_mean_2v", "rc_mean_2v_penalty_removed_tango", "rth_wmean_1v_penalty_removed_tango", "rc_wmean_2v_tango", "rc_cap_mean_2v_tango", "rc_sum_2v_tango", "rc_norm_2v"]}