{"model": "linear", "weights": [6.59295316111576e-12, 2.7368801613326583e-10, 0.24947398272089735, 0.00011392175932592052, 2.3892123009646444e-07, 1.4461579929793885e-10, 4.570623652524455e-05, 7.735844691603013e-05, 1.7763974465857164e-05, 1.5141063673020633e-05, 3.071631014103613e-10, 1.5512569021877854e-10, 4.0361132491878685e-09, 1.6663714367054526e-11, 6.320156210205367e-06, 8.19672004691141e-06, 1.7326608154047677e-09, 5.33131916225704e-05, 0.2494737440584168, 2.0899600780250703e-10, 1.97323941504642e-12, 4.3511476832490096e-05, 2.3403900659426833e-05, 5.3313191630411215e-05, 0.00020657418759769503, 3.2286653694383347e-07, 3.9346274465115734e-05, 1.0161009980267836e-05, 8.690030838058391e-05, 2.0913134095401044e-10, 0.00013759702033660907, 2.225447156272863e-11, 2.5561725634195463e-05, 0.24947224731158626, 3.1643097273956627e-11, 4.383035786151915e-07, 1.4640060013049726e-05, 3.565006270905999e-11, 1.396321858057945e-10, 2.3679870942451077e-09, 8.042844829622972e-05, 4.3830357861766723e-07, 1.3325733890163462e-05, 3.3120239873996016e-10, 0.0006332850113650068, 0.0003428876265614138, 1.9993842815883693e-06, 0.2494708877507557, 2.565340410654764e-11, 1.4140828491770141e-10, 1.3090512232598797e-05, 2.243639044471559e-11, 3.655457103943531e-12, 2.118713543954593e-12, 1.1376752634371292e-07, 3.4593750614994775e-06, 3.73997885333389e-11, 1.510160466026738e-08, 4.035301958708461e-05, 1.2856440248891027e-09, 1.283174027345155e-10, 4.524614600630905e-12], "scale": [0.4885169611233239, 155383.850037125, 0.992565385308932, 0.35912053623971346, 199.57784037656205, 0.6349777491789669, 1.8466765957072728, 1.7329180221000564, 0.09108687608333699, 0.6084299906471051, 2.644232767414133, 10167.71999916096, 0.0765136846367669, 1.4662094072160536, 0.2261573231269946, 0.04801670574719098, 10140.214462295236, 0.36723169067093364, 0.047970882542836234, 871.8361771041352, 35.96140016475422, 5.3131816655420545, 2.164621584344692, 0.36723169067093364, 1.127203775778837, 0.09859629005797582, 0.48044382949640846, 238.27417713172204, 0.42363632227642195, 871.8586365301849, 0.088015715360907, 53502.88413678559, 0.41524305767843556, 0.39248741072373394, 4.327960860341336, 868.5048888508767, 199.5796602185848, 0.7869990139718835, 0.8662048025870851, 0.08199323041843305, 0.4658563832822701, 868.5048888508767, 868.4800892234279, 0.07636650353370997, 64.04918323177633, 214.3195371648319, 5.720865135808337, 0.37644606025452726, 0.14191435089513352, 10169.046489361092, 10140.49932626295, 23379.244046614956, 0.7871009719888403, 0.08060055641253036, 0.21375083461180985, 0.14601883105541327, 0.42992406377658965, 10140.539943522452, 0.8483633223693582, 47827.30742610575, 0.9386358757472293, 841.4849764931672], "bias": null, "columns": ["cross_compt_ge_dist_min_nonfinal", "rsg_sum_2v", "-log_p_abs_max", "p_compt_min", "cross_abs_mean", "p_abs_sum", "cross_abs_ge_dist_min", "ge_distances_mean", "cross_compt_mean_nonfinal", "-log_p_compt_mean", "-log_p_compt_sum", "cross_abs_dist_sum", "-log_p_compt_min_nonfinal", "cross_compt_ge_dist_max", "-log_p_compt_mean_nonfinal", "p_compt_max", "cross_abs_dist_final", "p_abs_max", "p_abs_min", "cross_abs_sum", "rsg_norm_2v", "distances_mean", "-log_p_compt_max", "p_abs_final", "-log_p_abs_mean", "p_compt_mean_nonfinal", "cross_compt_sum", "tango_variance", "rsg_mean_1", "cross_total_sum", "cross_compt_mean", "rsg_sum_2v_first", "cross_compt_sum_nonfinal", "cross_total_min", "cross_compt_dist_max", "cross_abs_final", "cross_total_mean", "-log_p_compt_sum_nonfinal", "rsg_wmean_2v", "cross_compt_min_nonfinal", "rsg_wmean_1v", "cross_abs_max", "cross_total_max", "-log_p_compt_min", "rsg_mean_1v", "rsg_sum_1v", "-log_p_abs_sum", "cross_abs_min", "p_compt_mean", "cross_total_dist_sum", "cross_abs_dist_max", "rsg_mean_2v_first", "tango_sigma", "cross_compt_min", "rsg_mean_1_first", "p_abs_mean", "first_is_not_largest", "cross_total_dist_max", "p_compt_sum_nonfinal", "rsg_mean_2v", "p_compt_sum", "tango_v_variance"]}