{"model": "linear", "weights": [0.08025123131276142, 0.7081536798629977, 1.4326757959882348, 0.2878582648066064, 1.9289498529026605, 1.8129763724259371, 0.07271022231623751, 6.64586360530883, 3.19865470211235, 0.10433743726419824, 0.018190380943726193, 1.8008712568627676, 0.02167793127099476, 0.6398991951030508, 1.9635017478801722, 1.8352338314708583, 0.5107630611357152, 1.9039891195180116, 0.5504388682083847, 1.6552167186167828, 0.6770912526471476, 0.02660182389673137, 3.410015913684043, 6.177023813172769, 0.020013071898959924, 0.20177138003233835, 1.5921726690287779, 0.6667829157338494, 0.11476835217281416, 3.4979705378380057, 0.92964566383269, 0.2535721647137627, 3.5853534167833905, 1.866894911516945, 0.3594125670850217, 0.06284606752544701, 1.162429679572554, 0.6023874119048875, 0.4492096622182879], "scale": [5011.190796000346, 0.6030619551577623, 13.973363326582698, 200.82250330110892, 1.1976369516195147, 0.5538487286351177, 3.977608728955865, 1.3489986976977582, 8.678771301320403, 592.1601781106464, 40.00419058692647, 3.7724945378172055, 0.1696726764555906, 11.755027968701482, 0.543664319034312, 0.17451250826225634, 887.0601153654164, 0.5532506452051402, 591.2025205456359, 0.6473992353638894, 0.42992406377658965, 0.42992406377658954, 7.597408949214924, 2.9640706279447318, 592.2056188835788, 1.6100771955661388, 24.362502108964613, 623.2785034999596, 2.5825886301091328, 3.26053824141153, 0.6434928479912737, 200.82964186738758, 22.71963640955836, 4.337194179849161, 40.20285830429307, 1.2603161809186687, 1.7106710466758084, 13.70100738048018, 0.7871009719888403], "bias": null, "scaled_weights": [1.601440347807421e-05, 1.1742635624854552, 0.10252905921817232, 0.0014333964574428093, 1.610629874349002, 3.2734143434684095, 0.018279883032970963, 4.926515953388881, 0.3685607779093915, 0.00017619799696274506, 0.0004547118858510509, 0.4773688175847607, 0.1277632422841438, 0.054436212045332735, 3.6116067932651115, 10.516345502941714, 0.0005757930632754365, 3.4414584709829485, 0.0009310495965077595, 2.5567171355808296, 1.5749089425219953, 0.06187563371785357, 0.448839326206919, 2.083966473314396, 3.379412700725198e-05, 0.1253178298456622, 0.0653534132868442, 0.0010697993144149767, 0.044439269512297194, 1.072819969847582, 1.4446868628527425, 0.001262623198228886, 0.15780857370036958, 0.43043839729165, 0.008939975470516276, 0.04986531830420308, 0.6795167790040043, 0.043966651150272984, 0.5707141500324013], "columns": ["rth_sum_2v", "rth_cap_wmean_1v_tango", "rth_mean_1v", "rc_mean_1v_penalty_removed_tango", "rth_mean_1", "rth_mean_1_penalty_removed_tango", "rth_sum_1", "rth_mean_2_penalty_removed_tango", "ge_distances_sum", "rth_cap_mean_2v", "rth_sum_1v_tango", "c_penalty_ell_mean_1", "rc_cap_norm_2", "c_penalty_ell_sum_1", "rc_cap_wmean_1v", "rc_cap_norm_2_tango", "rc_mean_1v", "rth_mean_1_penalty_removed", "rth_mean_2v_penalty_removed", "rth_wmean_1v_penalty_removed_tango", "first_is_not_largest", "first_is_not_closest", "rth_mean_1v_penalty_removed_tango", "rc_mean_1_tango", "rth_cap_mean_2v_tango", "rc_sum_1_penalty_removed", "rth_sum_1v_penalty_removed", "rc_norm_2v", "rc_norm_2", "rc_wmean_1v_tango", "rth_wmean_1v_penalty_removed", "rc_cap_mean_1v_tango", "distances_sum", "rc_wmean_1v", "rth_sum_1v", "rth_wmean_1v", "tango_v_sigma", "rth_mean_1v_tango", "tango_sigma"]}