{"model": "linear", "weights": [0.6474591503855321, -0.38803385814265867, 1.4861745777630722, -0.2059839980827901, 1.0002869923070297, 0.8917764889643995, 0.6954117722818408], "scale": [0.7871009719888403, 1.7106710466758084, 5.3131816655420545, 8.678771301320403, 1.7329180221000564, 0.42992406377658965, 0.42992406377658954], "bias": null, "columns": ["tango_sigma", "tango_v_sigma", "distances_mean", "ge_distances_sum", "ge_distances_mean", "first_is_not_largest", "first_is_not_closest"]}