{"model": "linear", "weights": [2.8715059670005822, 1.3954516510545505, 0.8084702354546724, 1.1338966150572636, 1.4747985804493837, 1.3368721318207253, 0.512489905937014, 1.0619416703620959, 1.5219647076012175, 1.5116198520544735, 1.4179564355530547, 2.9618010760726654, 1.860294836726719, 0.32732189759643143, 0.8722534376910763, -0.17553889621459431, -0.07154385617745179, 0.07786165784035494, -0.00016461517282093642, 1.6417908471340374, 3.112204041760569, 0.6238112767560037, 0.6879286025956864, 0.22468690602553473, 0.7457615631322613, 0.07451711706824887, 0.14657289517672642, 0.9675019216368127, 3.5331666416587972, 0.7949451230193366, 0.5817670044077178, 0.0405836486230553, -0.7454256819438975, 0.14578513054242345, 0.2158273954878156, -0.37065009833107637, -0.5651814499509972, -0.13827501742943787, 0.049654423173888976, -0.07751315466786869, -0.6245456902395661], "scale": [0.21375083461180985, 2.3616681510432023, 0.4235973599444964, 4.337194179849161, 1.1976369516195147, 0.5532506452051402, 7.473447370602289, 1.7329180221000564, 1.601432716260378, 1.127203775778837, 1.601432716260378, 0.6084299906471051, 2.164621584344692, 0.010574343179804935, 0.009608066564835288, 2.408311267020082, 0.2427239857622152, 0.42992406377658965, 0.42992406377658954, 0.21409776147376652, 0.5370611863368625, 0.048318954857064764, 2.9640706279447318, 0.17451250826225634, 0.5538487286351177, 7.597408949214924, 0.6473992353638894, 1.7329180221000564, 0.7189532086956002, 1.1620358667906252, 0.1332182274311604, 0.09199963182429603, 0.0034174643238435395, 0.9911653601320767, 0.0022102100760266314, 0.0012230592595502336, 2.408311267020082, 0.2427239857622152, 0.42992406377658965, 0.42992406377658954, 0.047594898481148146], "bias": null, "scaled_weights": [13.433893590242524, 0.5908754159377336, 1.90858185603566, 0.2614355198403172, 1.2314237452802996, 2.4163950704929147, 0.06857476617189481, 0.6128054857870137, 0.950376929450566, 1.3410351211874054, 0.8854299160717959, 4.867940636724032, 0.8594087992936171, 30.9543478995042, 90.7834507395536, -0.07288879083798705, -0.29475396077065, 0.18110560538620096, -0.0003828936007324281, 7.668416688864851, 5.794877978406899, 12.910280832880963, 0.23208913988419091, 1.2875117563944276, 1.3465076736207118, 0.009808227721629896, 0.22640263869687904, 0.5583079576172533, 4.914320708115395, 0.6840968904125653, 4.367022558593507, 0.441128380823994, -218.1224473195188, 0.1470845697462601, 97.65017263689963, -303.05162684216856, -0.2346795689123371, -0.5696800709465076, 0.11549579881086147, -0.1802949897406731, -13.122114137651586], "columns": ["rsg_mean_1_first", "rlg_norm_2v", "rc_mean_1_penalty_removed", "rc_wmean_1v", "rth_mean_1", "rth_mean_1_penalty_removed", "rth_norm_2v", "ge_distances_mean", "-log_p_abs_final", "-log_p_abs_mean", "-log_p_abs_min", "-log_p_compt_mean", "-log_p_compt_max", "klein-nishina_rel_sum_mean", "klein-nishina_rel_sum_min", "final_r", "first_energy_ratio", "first_is_not_largest", "first_is_not_closest", "rsg_mean_1_first_tango", "rsl_wmean_1v_tango", "rlg_wmean_1v_tango", "rc_mean_1_tango", "rc_cap_norm_2_tango", "rth_mean_1_penalty_removed_tango", "rth_mean_1v_penalty_removed_tango", "rth_wmean_1v_penalty_removed_tango", "ge_distances_mean_tango", "cross_compt_ge_dist_mean_tango", "cross_compt_dist_min_tango", "p_compt_mean_tango", "p_compt_mean_nonfinal_tango", "klein-nishina_rel_geo_min_tango", "-log_klein-nishina_rel_geo_max_tango", "klein-nishina_sum_min_tango", "klein-nishina_geo_min_tango", "final_r_tango", "first_energy_ratio_tango", "first_is_not_largest_tango", "first_is_not_closest_tango", "escape_probability_tango"]}