{"model": "linear", "weights": [4.995318719950375, 0.20204248886826567, 0.21131777724504344, 1.9521161209203317, 4.985000016579847, 1.1590992103755484, 0.02094353653527538, 1.5092995311156119, 0.027692919295305214, 4.943080402366236, 0.7154605098162522, 0.3737286467401115, 1.4314240580953623, 0.028332033030622254, 1.3586124336070635, 1.7657973193478889, 3.509006599220295, 0.29405053154822774, 0.41378053401550935, 1.5021153019016884, 1.6223024378402149, 0.10783175645894087, 0.8782610304711279, 4.719941098627623, 26.53720844093091, 1.8228152279659235, 1.6159900395946047, 0.24804341156745333, 0.7951390742136677, 0.28984003171835687], "scale": [2.9640252896503516, 13.973363326582698, 200.82250330110892, 1.1976369516195147, 0.5370611863368625, 0.5538487286351177, 3.977608728955865, 1.3489986976977582, 0.4238674140321679, 8.678771301320403, 0.5402900929110258, 11.755027968701482, 0.543664319034312, 0.4235973599444964, 0.17451250826225634, 0.5532506452051402, 0.4383888077173667, 0.42992406377658965, 623.2785034999596, 2.5825886301091328, 3.26053824141153, 0.6434928479912737, 200.82964186738758, 22.71963640955836, 33.6385215388613, 4.337194179849161, 40.20285830429307, 1.2603161809186687, 0.6985752978261425, 1.7106710466758084], "bias": null, "scaled_weights": [1.6853158228415936, 0.014459116545256027, 0.0010522614436699763, 1.6299731886867437, 9.2819964343003, 2.092808289425861, 0.005265358651999219, 1.1188294945661756, 0.06533391900044376, 0.5695599331686718, 1.3242154894261096, 0.031793088688107596, 2.6329188949496274, 0.06688434751891413, 7.785186558463471, 3.191676927359294, 8.004325241538975, 0.683959229835135, 0.0006638774347133186, 0.5816316560792004, 0.4975566356608346, 0.16757257954855026, 0.004373164351162185, 0.2077472109827383, 0.7888934241736364, 0.42027521765910825, 0.040195899191128925, 0.1968104633764598, 1.138229589119479, 0.16943060577401872], "columns": ["c_penalty_ell_mean_1_tango", "rth_mean_1v", "rc_mean_1v_penalty_removed_tango", "rth_mean_1", "rsl_wmean_1v_tango", "rth_mean_1_penalty_removed_tango", "rth_sum_1", "rth_mean_2_penalty_removed_tango", "rc_mean_1_penalty_removed_tango", "ge_distances_sum", "rsl_wmean_1v", "c_penalty_ell_sum_1", "rc_cap_wmean_1v", "rc_mean_1_penalty_removed", "rc_cap_norm_2_tango", "rth_mean_1_penalty_removed", "rsl_norm_2_tango", "first_is_not_largest", "rc_norm_2v", "rc_norm_2", "rc_wmean_1v_tango", "rth_wmean_1v_penalty_removed", "rc_cap_mean_1v_tango", "distances_sum", "rsl_norm_2v", "rc_wmean_1v", "rth_sum_1v", "rth_wmean_1v", "rsl_mean_1_tango", "tango_v_sigma"]}