{"model": "linear", "weights": [1.2111144964533593, 19.58626937891301, 6.654258867193286, 0.6299523040174554, 3.377296358018173, 0.014169453223022349, 10.490949634385244, 0.02316606276390475, 7.677847589478706, 1.8585521815842159, 0.3918482191753836, 17.64537549512978, 4.141102705193072, 0.7400525898292034, 0.7288905130333831, 27.154355210866466, 3.6223495220802553, 5.719060456503208, 4.425640600300325, 3.3164076012409662, 0.31851986790113757], "scale": [0.19622567410861258, 1.7329180221000564, 0.6084299906471051, 1.2603161809186687, 1.601432716260378, 13.973363326582698, 5.3131816655420545, 0.36723169067093364, 1.127203775778837, 1.1681864888448454, 7.473447370602289, 0.4658563832822701, 0.5532506452051402, 0.1696726764555906, 1.601432716260378, 33.6385215388613, 4.337194179849161, 0.21375083461180985, 0.6287701388537806, 0.4235973599444964, 0.42992406377658965], "bias": null, "columns": ["rsg_norm_2", "ge_distances_mean", "-log_p_compt_mean", "rth_wmean_1v", "-log_p_abs_min", "rth_mean_1v", "distances_mean", "p_abs_final", "-log_p_abs_mean", "cross_compt_dist_min", "rth_norm_2v", "rsg_wmean_1v", "rth_mean_1_penalty_removed", "rc_cap_norm_2", "-log_p_abs_final", "rsl_norm_2v", "rc_wmean_1v", "rsg_mean_1_first", "rth_norm_2", "rc_mean_1_penalty_removed", "first_is_not_largest"]}