{"model": "linear", "weights": [2.6599931136164523, 11.876270784778844, 2.060029073309449, 0.06885266877548582, 0.17744937903234706, 1.8233341369245002, 13.972047269601243, 0.8755744395073232, 1.576677910011349, 0.4732703168201016, 1.0015743964761477, 4.124319271349714, 0.44853263326809356, 5.437382229423348, 4.4305788623231805, 0.458153593164632, 17.428111835913274, 4.373978914744788, 35.698725338699326, 5.727268154018508, 2.8574499211749584, 4.662797893569052, 1.0573161481855398, 5.593000414484536], "scale": [1.7329180221000564, 2.9640706279447318, 40.20285830429307, 1.2603161809186687, 0.5457937966516953, 3.26053824141153, 8.678771301320403, 0.5538487286351177, 0.5402900929110258, 13.973363326582698, 0.6434928479912737, 5.3131816655420545, 7.597408949214924, 1.1976369516195147, 0.6985752978261425, 0.5532506452051402, 0.5370611863368625, 2.5825886301091328, 33.6385215388613, 4.337194179849161, 0.4238674140321679, 0.4235973599444964, 0.42992406377658965, 22.71963640955836], "bias": null, "columns": ["ge_distances_mean", "rc_mean_1_tango", "rth_sum_1v", "rth_wmean_1v", "rc_wmean_1v_penalty_removed", "rc_wmean_1v_tango", "ge_distances_sum", "rth_mean_1_penalty_removed_tango", "rsl_wmean_1v", "rth_mean_1v", "rth_wmean_1v_penalty_removed", "distances_mean", "rth_mean_1v_penalty_removed_tango", "rth_mean_1", "rsl_mean_1_tango", "rth_mean_1_penalty_removed", "rsl_wmean_1v_tango", "rc_norm_2", "rsl_norm_2v", "rc_wmean_1v", "rc_mean_1_penalty_removed_tango", "rc_mean_1_penalty_removed", "first_is_not_largest", "distances_sum"]}