{"model": "linear", "weights": [3.2848614283965816, 1.188830634306816, 4.524252668723866, 15.967170099343445, -2.459210268801748, -1.2312812564161333, 12.117461147525088, 1.5571666262685038, 1.6974631492994856, -0.725231020589729, 0.8674917587087172, 5.545627358733604, 3.071308921458076, -1.7514042366159164, 3.43569983773845, 0.3286679362385173, -3.290125396640047, 1.0834869452880898, -0.1795099253886641, 0.7515400778521403, 14.195877116341245, 0.9525694975494082, -0.8866774177425073, 1.3643366393339518, 0.39222986289934164, 1.8065626235326038, 1.2949166314484335, 3.887098788147344, 34.81878578171625, 6.129268670372427, 0.39555449379130664, 0.44283898689991763, -0.27268702225488733, 0.7879645480708348, -3.3183840074425786, 4.655943059299787, -2.569751400801536], "scale": [1.7329180221000564, 13.973363326582698, 1.1976369516195147, 0.5370611863368625, 0.6006366548505075, 1.6097439548761938, 8.678771301320403, 0.5402900929110258, 3.7724945378172055, 9.00016079759795, 0.4235973599444964, 5.3131816655420545, 0.17451250826225634, 233.22198261665196, 0.5532506452051402, 0.6490486776966623, 0.21719403031199278, 0.42992406377658965, 0.42992406377658954, 7.597408949214924, 2.9640706279447318, 0.66646472279015, 1.7374066601320535, 2.5825886301091328, 0.5457937966516953, 0.6434928479912737, 1.333418967849009, 22.71963640955836, 33.6385215388613, 4.337194179849161, 40.20285830429307, 1.2603161809186687, 1.3328099433111336, 0.5487734901001236, 1.5608084364073767, 0.6985752978261425, 0.7871009719888403], "bias": null, "scaled_weights": [1.8955665452747643, 0.08507834560096238, 3.7776495311086613, 29.730634991984523, -4.0943393130308054, -0.7648926108319082, 1.3962185114477572, 2.882093613596827, 0.4499577487212615, -0.08057978483932039, 2.0479158765823846, 1.0437488698530761, 17.599362659108262, -0.007509601869283083, 6.2100240957957205, 0.5063841088235337, -15.14832333059007, 2.5201821358181165, -0.4175386783698309, 0.09892057711725527, 4.7893181027823815, 1.429287200020854, -0.5103453544233072, 0.5282826011962651, 0.7186411155743636, 2.80743232682689, 0.9711251022154836, 0.17108983251651008, 1.0350866860034689, 1.4131875162171297, 0.009838964453655953, 0.3513713412590829, -0.2045955791547023, 1.4358648190660066, -2.126067446867944, 6.66491224895635, -3.264830678976687], "columns": ["ge_distances_mean", "rth_mean_1v", "rth_mean_1", "rsl_wmean_1v_tango", "rth_norm_2_tango", "rc_sum_1_penalty_removed_tango", "ge_distances_sum", "rsl_wmean_1v", "c_penalty_ell_mean_1", "rth_wmean_2v_tango", "rc_mean_1_penalty_removed", "distances_mean", "rc_cap_norm_2_tango", "rc_mean_2", "rth_mean_1_penalty_removed", "c_penalty_sum_1_tango", "rth_cap_norm_2", "first_is_not_largest", "first_is_not_closest", "rth_mean_1v_penalty_removed_tango", "rc_mean_1_tango", "c_penalty_sum_1", "rth_cap_wmean_2v", "rc_norm_2", "rc_wmean_1v_penalty_removed", "rth_wmean_1v_penalty_removed", "rth_cap_mean_2_tango", "distances_sum", "rsl_norm_2v", "rc_wmean_1v", "rth_sum_1v", "rth_wmean_1v", "rth_cap_mean_2", "rc_wmean_1v_penalty_removed_tango", "rc_cap_sum_1", "rsl_mean_1_tango", "tango_sigma"]}