{"model": "linear", "weights": [1.6406418696644312, 0.027540775980252317, 1.1956224278328917, 1.8577708289195676, 2.8766017632158127, 0.8111167320336711, 1.6657943695581903, 0.4000588542492749, 2.9072573633655785, 0.2528792310685583, 1.8568204209253816, 1.1523909585469967, 0.7626651608100294, 2.5888541413071224, 0.9581239036178658, 0.5538177019700405, 0.09553432080844312, 0.3970508423344346, 0.7631857519676709, 1.583435706984562, 0.9754748277805917, 1.5590561313117783, 0.8373554844514093, 0.23571557573543694, 5.706036882058949, 0.633675609964305], "scale": [0.5538487286351177, 2.164621584344692, 1.601432716260378, 2.9640252896503516, 0.6084299906471051, 0.4235973599444964, 7.597408949214924, 0.09199963182429603, 0.21409776147376652, 0.1332182274311604, 1.127203775778837, 4.337194179849161, 1.1620358667906252, 0.4658563832822701, 1.1976369516195147, 7.473447370602289, 0.6434928479912737, 1.2603161809186687, 0.5532506452051402, 0.7189532086956002, 5.3131816655420545, 0.5370611863368625, 1.601432716260378, 0.42992406377658965, 1.7329180221000564, 33.6385215388613], "bias": null, "scaled_weights": [2.96225627114386, 0.012723136542403965, 0.7465954802177869, 0.626772934565183, 4.727909221168336, 1.9148295261801231, 0.2192582208873098, 4.3484832092950185, 13.57911144587939, 1.8982329666503925, 1.6472801642652581, 0.2656996460755821, 0.6563180901777156, 5.557193663564105, 0.8000119755174844, 0.0741047169407454, 0.14846213303949363, 0.3150406607054879, 1.3794575001077292, 2.202418304603433, 0.18359523336213143, 2.9029394992135718, 0.5228789670332069, 0.5482725801966896, 3.2927333026082923, 0.018837796103263454], "columns": ["rth_mean_1_penalty_removed_tango", "-log_p_compt_max", "-log_p_abs_final", "c_penalty_ell_mean_1_tango", "-log_p_compt_mean", "rc_mean_1_penalty_removed", "rth_mean_1v_penalty_removed_tango", "p_compt_mean_nonfinal_tango", "rsg_mean_1_first_tango", "p_compt_mean_tango", "-log_p_abs_mean", "rc_wmean_1v", "cross_compt_dist_min_tango", "rsg_wmean_1v", "rth_mean_1", "rth_norm_2v", "rth_wmean_1v_penalty_removed", "rth_wmean_1v", "rth_mean_1_penalty_removed", "cross_compt_ge_dist_mean_tango", "distances_mean", "rsl_wmean_1v_tango", "-log_p_abs_min", "first_is_not_largest", "ge_distances_mean", "rsl_norm_2v"]}