{"model": "linear", "weights": [0.24566283851536838, 2.9752051661257317, 1.0366015640248651, 0.34391706561975677, 4.406473594213802, 0.17744645522855523, 1.1061103261374674, 1.0117129675828962, 0.4890177994381825, 0.7228764753728903, 1.2236828347445055, 0.7073304613511897, 12.724011920378734, 4.149197545867355, 0.8408695064300213, 0.966222176561027, 1.0408425509932593, 8.630918952978266, 14.667062756097806, 1.1814158230584961, 0.9077853613905507, 0.48916777651109616, 1.9057868516213112, 2.783754600131728, 0.1193018926319889, 3.7154260275046935, 2.486807777860366, 0.15936238959648383, 9.343630506678931, 0.16505585758851846], "scale": [163.05354084554054, 0.5249672634021163, 0.1965424031359967, 8.708497176862368, 1.7329180221000564, 0.09108687608333699, 0.6084299906471051, 1.601432716260378, 10140.214462295236, 0.36723169067093364, 9.042306375338375, 0.09199963182429603, 35.96140016475422, 5.3131816655420545, 0.36723169067093364, 1.127203775778837, 0.42363632227642195, 0.4658563832822701, 64.04918323177633, 0.08972618057006633, 766.6718400272076, 10140.49932626295, 1.601432716260378, 0.21375083461180985, 0.3520591394200337, 0.7189532086956002, 1.0853101433917658, 2279.705619879433, 0.4261549263658497, 2279.4260227014133], "bias": null, "columns": ["cross_total_mean_tango", "-log_p_compt_mean_tango", "-log_p_compt_mean_nonfinal_tango", "cross_abs_dist_min", "ge_distances_mean", "cross_compt_mean_nonfinal", "-log_p_compt_mean", "-log_p_abs_min", "cross_abs_dist_final", "p_abs_max", "cross_total_dist_min", "p_compt_mean_nonfinal_tango", "rsg_norm_2v", "distances_mean", "p_abs_final", "-log_p_abs_mean", "rsg_mean_1", "rsg_wmean_1v", "rsg_mean_1v", "cross_compt_mean_nonfinal_tango", "cross_total_ge_dist_mean_tango", "cross_abs_dist_max", "-log_p_abs_final", "rsg_mean_1_first", "p_compt_min_tango", "cross_compt_ge_dist_mean_tango", "cross_abs_ge_dist_min_tango", "cross_total_dist_mean", "rsg_mean_1_tango", "cross_abs_dist_mean"]}