{"model": "linear", "weights": [0.25779326354200516, 1.0916847969003949, 0.30717340132227, 1.1347004532465241, 1.8801310402997016, 3.3721809567744967, 0.6884255270827221, 1.4981156642301994, 0.8485897287132994, 0.29057792537126603, 1.3120237159504229, 0.1474587617546368, 0.29429383400156206, 55.86190444217155, 0.5500575019688277, 0.5372144104147094, 0.2593741697344702, 0.7167299317798451, 0.25743356843660825, 2.0782058560227723, 0.6348527090034715, 3.6974643992909595, 1.2307518092914531, 1.0051348764539225], "scale": [1.3475951441098866, 1.7329180221000564, 13.973363326582698, 1.1976369516195147, 8.678771301320403, 0.5402900929110258, 0.1696726764555906, 0.543664319034312, 0.4235973599444964, 2476.5963756571095, 0.5532506452051402, 720.368414096746, 0.7017887753092958, 99.69769740657071, 143.33932827752028, 0.21719403031199278, 0.42992406377658965, 1.6100771955661388, 0.5893559489137365, 2.5825886301091328, 0.6434928479912737, 22.71963640955836, 4.337194179849161, 0.7871009719888403], "bias": null, "scaled_weights": [0.19129874774985386, 0.6299690943126232, 0.02198278210786292, 0.9474494350830741, 0.21663562444762835, 6.241426598451108, 4.057374124483194, 2.755589454336895, 2.00329324248973, 0.00011732954478469172, 2.3714815831148948, 0.00020469909405943632, 0.41934816337274616, 0.5603128848037958, 0.0038374499767702104, 2.4734308288446827, 0.6033022842593295, 0.44515252669473837, 0.43680490357498464, 0.8046987552698059, 0.9865730613560457, 0.16274311492658405, 0.2837668221103848, 1.2770088110984743], "columns": ["rth_mean_2_penalty_removed", "ge_distances_mean", "rth_mean_1v", "rth_mean_1", "ge_distances_sum", "rsl_wmean_1v", "rc_cap_norm_2", "rc_cap_wmean_1v", "rc_mean_1_penalty_removed", "rc_sum_1v", "rth_mean_1_penalty_removed", "c_penalty_ell_sum_2", "rsl_mean_1", "rsl_mean_1v", "rc_cap_norm_2v", "rth_cap_norm_2", "first_is_not_largest", "rc_sum_1_penalty_removed", "rth_cap_wmean_1v", "rc_norm_2", "rth_wmean_1v_penalty_removed", "distances_sum", "rc_wmean_1v", "tango_sigma"]}