{"model": "linear", "weights": [3.0130376844743355e-09, 1.5471482407531643e-11, 8.912912633018094e-05, 6.10694298824102e-11, 7.156319647407495e-11, 3.0692464210248754e-12, 1.8076484015199623e-10, 1.2002625346626656e-11, 1.7660208627499244e-06, 2.0778441617613138e-10, 9.983251082309166e-05, 1.1962248895357359e-11, 9.641900230695051e-07, 6.657596502235364e-07, 1.04595027218679e-06, 0.1586017449294097, 9.544204163167952e-11, 5.015383734513136e-10, 2.3653451641445375e-05, 7.301660234920651e-10, 0.00010773257593061194, 8.030433949473047e-11, 5.950391629936338e-06, 3.050303272919991e-05, 2.977487604628938e-10, 8.672652018451398e-06, 1.1376333983977669e-11, 3.119878963255679e-06, 2.468980694597898e-07, 2.3722276530294073e-10, 3.780286660729324e-10, 3.695380435900162e-07, 5.5439280237593345e-11, 1.681297748910872e-09, 2.974049292928064e-09, 0.001398901487610909, 2.3947887122990775e-11, 4.035087445934677e-10, 6.512019216893133e-09, 8.121973306070662e-06, 6.592863861584675e-06, 1.9742794537692238e-10, 8.127181434908515e-11, 1.5968137489674861e-06, 1.2440535595386582e-05, 9.414009421123815e-11, 2.3124396319098046e-10, 1.5594688480157146e-11, 0.836752321887828, 0.0027066364560665917, 1.916481953282081e-11, 7.622732430775092e-06, 8.040621454640925e-13, 1.0526517200834318e-10, 7.925843036292189e-10, 6.787050089276699e-07, 1.9981276847787553e-10, 2.192507103060796e-10, 2.0777983964321287e-10, 6.932631537836984e-05, 1.4322833733964095e-10, 1.765047368027818e-05, 9.785959817216832e-06, 2.1626242300251804e-10, 2.3954555928046195e-09, 2.286801315925373e-05, 1.0044763506428166e-05], "scale": [238.27417713172204, 649.8851714283896, 2.9640252896503516, 841.4849764931672, 200.8005382687225, 182.10585878306313, 200.82250330110892, 99.76567685617142, 304020918.855084, 1.1976369516195147, 0.5370611863368625, 0.5538487286351177, 6101106.625306113, 21036899.499552067, 21036899.35737111, 638366286.2120825, 330.61578168981686, 97213.84783898831, 0.4238674140321679, 295567.36106955266, 8.678771301320403, 143.3601004509824, 0.5402900929110258, 3.7724945378172055, 2134.953064058175, 0.4235973599444964, 330.8081014512841, 290993301.3966436, 6101106.645181805, 887.0601153654164, 2476.5963756571095, 21036873.461330827, 0.5532506452051402, 356.9655052095232, 1070.893488978808, 99.69769740657071, 143.33932827752028, 688.2178717350724, 356.9618608240511, 0.2206275929590759, 0.42992406377658965, 530.412602629557, 179.5360029276394, 6101112.302332298, 1070.892271366495, 688.1632898444103, 623.2785034999596, 220.5670572264869, 593823596.2896891, 6101112.27388476, 200.80334788715354, 0.6434928479912737, 1.1274503063303907, 200.82964186738758, 295557.1589603487, 21036873.33102735, 688.2556848410459, 640.4787245176883, 759.0206829420099, 22.71963640955836, 33.6385215388613, 4.337194179849161, 1.2603161809186687, 688.1331106483699, 97210.69359732965, 0.6985752978261425, 1.7106710466758084], "bias": null, "scaled_weights": [1.2645254810002666e-11, 2.3806486265145434e-14, 3.0070298874101366e-05, 7.257340485971953e-14, 3.5638946534249364e-13, 1.6854188226207318e-14, 9.001224323997263e-13, 1.2030816333687996e-13, 5.808879433035738e-15, 1.7349532835902662e-10, 0.0001858866612648366, 2.159840454059837e-11, 1.580352684003664e-13, 3.164723253242296e-14, 4.971979256155447e-14, 2.4844943781495055e-10, 2.8867963030640525e-13, 5.159124801663987e-15, 5.580389258149078e-05, 2.470387869790004e-15, 1.2413344261557085e-05, 5.60158225629788e-13, 1.1013327299555425e-05, 8.085639998527129e-06, 1.3946384371416816e-13, 2.047381036460607e-05, 3.438952653840307e-14, 1.0721480351202561e-14, 4.0467751806104115e-14, 2.6742580485113904e-13, 1.5264040187922465e-13, 1.75662055613581e-14, 1.0020644479689123e-10, 4.7099726006411274e-12, 2.7771662854763307e-12, 1.4031432259725514e-05, 1.6707129446445502e-13, 5.863095992787547e-13, 1.824289912053924e-11, 3.6813044085456715e-05, 1.533494962731526e-05, 3.722157889879685e-13, 4.52676972996002e-13, 2.617250215763223e-13, 1.1616981397682547e-08, 1.3679906440885951e-13, 3.710122551836018e-13, 7.070270908199999e-14, 1.4090924091194742e-09, 4.436300029507891e-10, 9.544073709164929e-14, 1.1845869700914629e-05, 7.131685901803891e-13, 5.241515696067028e-13, 2.681661667127983e-15, 3.2262637049140075e-14, 2.903176433973411e-13, 3.4232317470215123e-13, 2.737472697553454e-13, 3.0513831352161794e-06, 4.257866600176667e-12, 4.069560399735672e-06, 7.764686326635637e-06, 3.1427411304006597e-13, 2.4641893850970546e-14, 3.273521584633099e-05, 5.87182645427199e-06], "columns": ["tango_variance", "rc_sum_2_tango", "c_penalty_ell_mean_1_tango", "tango_v_variance", "rc_mean_1v_penalty_removed", "rc_mean_2_tango", "rc_mean_1v_penalty_removed_tango", "rsl_mean_1v_tango", "rc_mean_2v", "rth_mean_1", "rsl_wmean_1v_tango", "rth_mean_1_penalty_removed_tango", "rc_mean_2v_penalty_removed", "rc_cap_sum_2v_tango", "rc_sum_2v_penalty_removed_tango", "rc_sum_2v", "rsl_sum_1v", "rsl_mean_2v_tango", "rc_mean_1_penalty_removed_tango", "rsl_sum_2v_tango", "ge_distances_sum", "rc_cap_norm_2v_tango", "rsl_wmean_1v", "c_penalty_ell_mean_1", "rc_sum_1v_tango", "rc_mean_1_penalty_removed", "rsl_sum_1v_tango", "rc_mean_2v_tango", "rc_cap_mean_2v", "rc_mean_1v", "rc_sum_1v", "rc_cap_sum_2v", "rth_mean_1_penalty_removed", "rsl_mean_2", "rsl_sum_2", "rsl_mean_1v", "rc_cap_norm_2v", "rc_sum_1v_penalty_removed_tango", "rsl_mean_2_tango", "c_penalty_mean_1", "first_is_not_largest", "rc_norm_2v_tango", "c_penalty_ell_mean_2_tango", "rc_cap_mean_2v_tango", "rsl_sum_2_tango", "rc_cap_sum_1v", "rc_norm_2v", "rc_wmean_2v_tango", "rc_sum_2v_tango", "rc_mean_2v_penalty_removed_tango", "rc_cap_mean_1v", "rth_wmean_1v_penalty_removed", "rsl_wmean_2v_tango", "rc_cap_mean_1v_tango", "rsl_sum_2v", "rc_sum_2v_penalty_removed", "rc_cap_sum_1v_tango", "c_penalty_ell_sum_2_tango", "rc_mean_1v_tango", "distances_sum", "rsl_norm_2v", "rc_wmean_1v", "rth_wmean_1v", "rc_sum_1v_penalty_removed", "rsl_mean_2v", "rsl_mean_1_tango", "tango_v_sigma"]}