{"model": "linear", "weights": [0.9995745235917255, 1.115487433442911e-11, 0.0001912612804173653, 0.00021608270600011848, 1.8133658124784854e-05], "scale": [238.27417713172204, 841.4849764931672, 22.71963640955836, 8.678771301320403, 0.42992406377658965], "bias": null, "columns": ["tango_variance", "tango_v_variance", "distances_sum", "ge_distances_sum", "first_is_not_largest"]}