{"model": "linear", "weights": [2.198522357739428, -1.618788085063623, 5.672672909021782, 1.4094128519958147, 8.00424675746169, 1.053526465001759, 8.418144216083732, 76.1673246388937, 1.3173409098023248, 4.91972415042556, 2.990630681847299, -1.2721240805261247, 0.6323339572877494, 1.4222192232814783, -1.3141410435311827, -1.52357191113474, 2.976530100830984, -0.3257118596645752, 2.922723247392392, -1.7420496859755628, 0.07949026162419236, 0.5204785620300445, 0.04225007561519101, -1.7847945539849053, -2.7094929390125757, 2.7725266848177426], "scale": [0.7871009719888403, 1.7106710466758084, 22.71963640955836, 8.678771301320403, 1.7329180221000564, 0.42992406377658965, 0.5402900929110258, 33.6385215388613, 0.66646472279015, 4.337194179849161, 2.5825886301091328, 233.22198261665196, 0.543664319034312, 0.1696726764555906, 0.7608165262998224, 1.6100771955661388, 0.4235973599444964, 1.2176681725039065, 1.1976369516195147, 0.6287701388537806, 25.37585494580248, 13.973363326582698, 1929.7669813595455, 1.3328099433111336, 1.7374066601320535, 0.6434928479912737], "bias": null, "columns": ["tango_sigma", "tango_v_sigma", "distances_sum", "ge_distances_sum", "ge_distances_mean", "first_is_not_largest", "rsl_wmean_1v", "rsl_norm_2v", "c_penalty_sum_1", "rc_wmean_1v", "rc_norm_2", "rc_mean_2", "rc_cap_wmean_1v", "rc_cap_norm_2", "rc_cap_mean_2", "rc_sum_1_penalty_removed", "rc_mean_1_penalty_removed", "rc_wmean_2v_penalty_removed", "rth_mean_1", "rth_norm_2", "rth_sum_2", "rth_mean_1v", "rth_mean_2v", "rth_cap_mean_2", "rth_cap_wmean_2v", "rth_wmean_1v_penalty_removed"]}