{"model": "linear", "weights": [3.02904859453468e-10, 2.4720733388607358e-05, 3.510439539303843e-07, 2.918640073429357e-11, 3.9889745531847516e-07, 2.474792088343256e-10, 4.2665228480231654e-05, 6.351056997484923e-10, 4.3439318529231815e-05, 5.228444244662375e-11, 1.447076935866896e-10, 2.668915914924869e-08, 0.9980060091374656, 3.698122891838314e-12, 6.086000783929182e-06, 2.3138651973862787e-05, 1.5426542828641132e-11, 5.447988266232076e-06, 6.584558600839722e-07, 0.0017319407289114411, 7.298285754613374e-11, 3.0562648271031316e-10, 9.612745423614106e-06, 1.1166132754178323e-05, 1.7246754178837646e-11, 3.7807727695606244e-10, 5.501274688664975e-08, 1.3444248426895939e-05, 2.5254339704366736e-11, 4.513632256533296e-08, 2.506667393089523e-07, 1.7499215065148367e-11, 6.537002616157803e-10, 2.2581312168956408e-05, 4.505954879421403e-11, 6.084321025486989e-06, 2.0851010675582113e-11, 8.675391661322379e-12, 1.1707864857089605e-05, 4.016942794599954e-05], "scale": [356.9655052095232, 1.7329180221000564, 304020918.855084, 40.20285830429307, 1.2603161809186687, 623.2785034999596, 8.678771301320403, 1070.893488978808, 0.5402900929110258, 13.973363326582698, 887.0601153654164, 97210.69359732965, 638366286.2120825, 688.1632898444103, 0.6434928479912737, 3.7724945378172055, 688.1331106483699, 238.27417713172204, 21036873.33102735, 99.69769740657071, 7.473447370602289, 2476.5963756571095, 0.7017887753092958, 0.7871009719888403, 3.977608728955865, 33.6385215388613, 6101106.625306113, 4.337194179849161, 5011.190796000346, 6101106.645181805, 21036873.461330827, 25.37585494580248, 295557.1589603487, 0.4235973599444964, 1929.7669813595455, 0.42992406377658965, 0.66646472279015, 841.4849764931672, 0.2206275929590759, 22.71963640955836], "bias": null, "columns": ["rsl_mean_2", "ge_distances_mean", "rc_mean_2v", "rth_sum_1v", "rth_wmean_1v", "rc_norm_2v", "ge_distances_sum", "rsl_sum_2", "rsl_wmean_1v", "rth_mean_1v", "rc_mean_1v", "rsl_mean_2v", "rc_sum_2v", "rc_cap_sum_1v", "rth_wmean_1v_penalty_removed", "c_penalty_ell_mean_1", "rc_sum_1v_penalty_removed", "tango_variance", "rc_sum_2v_penalty_removed", "rsl_mean_1v", "rth_norm_2v", "rc_sum_1v", "rsl_mean_1", "tango_sigma", "rth_sum_1", "rsl_norm_2v", "rc_mean_2v_penalty_removed", "rc_wmean_1v", "rth_sum_2v", "rc_cap_mean_2v", "rc_cap_sum_2v", "rth_sum_2", "rsl_sum_2v", "rc_mean_1_penalty_removed", "rth_mean_2v", "first_is_not_largest", "c_penalty_sum_1", "tango_v_variance", "c_penalty_mean_1", "distances_sum"]}