{"model": "linear", "weights": [8.51167982949716e-06, 5.545543193561883e-05, 1.2225930989729153e-07, 2.987400180335642e-11, 5.981964384713507e-05, 4.712115589133144e-09, 6.527560007435115e-06, 1.2046819646054741e-05, 0.0002887663976504996, 0.9245051417484558, 1.211522757183522e-11, 3.012777526588152e-05, 1.6274329626715985e-05, 2.2656714592643397e-11, 7.818457975215016e-11, 1.1196458960669409e-07, 3.036081673743727e-06, 0.07485329179234036, 4.41748194155527e-05, 1.7774135964046912e-09, 2.0177026978244177e-06, 8.84120697919809e-06, 1.1872242832013618e-07, 1.7697007068246345e-05, 2.3414545980055357e-11, 6.494072463156675e-08, 3.7311175650428107e-07, 1.5520807857690277e-05, 4.214010491327764e-06, 1.8397877450593802e-05, 4.934536172063249e-05], "scale": [11.755027968701482, 1.7329180221000564, 304020918.855084, 200.8005382687225, 7.595329527219522, 623.2785034999596, 8.678771301320403, 13.973363326582698, 887.0601153654164, 638366286.2120825, 688.1632898444103, 0.6434928479912737, 3.7724945378172055, 5.3131816655420545, 688.1331106483699, 1.1976369516195147, 238.27417713172204, 21036873.33102735, 0.5532506452051402, 2476.5963756571095, 0.42992406377658954, 0.7871009719888403, 6101106.625306113, 4.337194179849161, 592.1601781106464, 6101106.645181805, 21036873.461330827, 0.42992406377658965, 1.7106710466758084, 0.2206275929590759, 22.71963640955836], "bias": null, "columns": ["c_penalty_ell_sum_1", "ge_distances_mean", "rc_mean_2v", "rc_mean_1v_penalty_removed", "rth_mean_1v_penalty_removed", "rc_norm_2v", "ge_distances_sum", "rth_mean_1v", "rc_mean_1v", "rc_sum_2v", "rc_cap_sum_1v", "rth_wmean_1v_penalty_removed", "c_penalty_ell_mean_1", "distances_mean", "rc_sum_1v_penalty_removed", "rth_mean_1", "tango_variance", "rc_sum_2v_penalty_removed", "rth_mean_1_penalty_removed", "rc_sum_1v", "first_is_not_closest", "tango_sigma", "rc_mean_2v_penalty_removed", "rc_wmean_1v", "rth_cap_mean_2v", "rc_cap_mean_2v", "rc_cap_sum_2v", "first_is_not_largest", "tango_v_sigma", "c_penalty_mean_1", "distances_sum"]}