{"model": "linear", "weights": [0.3194617671999887, 0.7806331339043754, 0.9891123412906982, 3.4778283790141833, 0.8326767693706771, 0.8648501890066338, 4.630633055573181, 0.222176448281781, -0.0070865990461020725, 5.207223222186693, 0.7942793261932086, 0.6488445492401037, 16.8837007581788, 1.066383231747397, 7.062514423029262], "scale": [0.1975518750113046, 0.09199963182429603, 2.164621584344692, 0.4261549263658497, 1.601432716260378, 1.601432716260378, 0.21409776147376652, 0.42992406377658965, 0.42992406377658954, 0.6084299906471051, 1.1620358667906252, 1.7329180221000564, 0.46834287931577423, 33.00520700474345, 0.7189532086956002], "bias": null, "scaled_weights": [1.6171031896392174, 8.485176716742243, 0.45694469113876907, 8.160948434111267, 0.5199573862304506, 0.5400477836035524, 21.62859164756178, 0.5167806759410312, -0.016483373793620984, 8.558459152627355, 0.6835239332043107, 0.3744231065551468, 36.04987180085892, 0.0323095453270188, 9.823329721057663], "columns": ["rsg_norm_2_tango", "p_compt_mean_nonfinal_tango", "-log_p_compt_max", "rsg_mean_1_tango", "-log_p_abs_min", "-log_p_abs_final", "rsg_mean_1_first_tango", "first_is_not_largest", "first_is_not_closest", "-log_p_compt_mean", "cross_compt_dist_min_tango", "ge_distances_mean", "rsg_wmean_1v_tango", "rsg_mean_1v_first", "cross_compt_ge_dist_mean_tango"]}