{"model": "linear", "weights": [1.2829449755191018, 1.043403016320088, 0.5645141689321587, 4.319330320790053, 7.80239442728985, 0.6786354198864882, 0.7711565297025555, 0.804723463312731, 2.3194163993985892, 4.4595403881554665, 1.1206793618966875, 0.5141096009656233, 2.8006976632130334, 0.1904756310655136, 1.5052691774323057, 0.7690989685902985], "scale": [0.4238674140321679, 0.5538487286351177, 1.1976369516195147, 7.597408949214924, 1.3489986976977582, 0.6006366548505075, 7.473447370602289, 2.9640706279447318, 0.6434928479912737, 3.7724945378172055, 0.5532506452051402, 7.346704168032263, 4.337194179849161, 1.1324002276843517, 0.6473992353638894, 0.6287701388537806], "bias": null, "scaled_weights": [3.0267600977265436, 1.8839133546291746, 0.4713566729623611, 0.5685267634877532, 5.783841334024749, 1.1298601482378623, 0.10318618590076559, 0.27149267487958656, 3.6044167493685064, 1.1821197733889341, 2.025626850342217, 0.06997826361413463, 0.6457395143213155, 0.16820522144808972, 2.325101877184371, 1.2231798570974297], "columns": ["rc_mean_1_penalty_removed_tango", "rth_mean_1_penalty_removed_tango", "rth_mean_1", "rth_mean_1v_penalty_removed_tango", "rth_mean_2_penalty_removed_tango", "rth_norm_2_tango", "rth_norm_2v", "rc_mean_1_tango", "rth_wmean_1v_penalty_removed", "c_penalty_ell_mean_1", "rth_mean_1_penalty_removed", "rth_norm_2v_tango", "rc_wmean_1v", "rth_mean_1_tango", "rth_wmean_1v_penalty_removed_tango", "rth_norm_2"]}