{"model": "linear", "weights": [0.3421650872412293, 0.44717449623788924], "scale": [4.923794892770277, 11.755027968701482], "bias": null, "scaled_weights": [0.06949214877809762, 0.038041125672224695], "columns": ["rth_cap_sum_2", "c_penalty_ell_sum_1"]}