{"model": "linear", "weights": [0.2431964621696688, -3.6577688260626444, 2.0617502041388893, 2.2865606842129833, 16.242580931140505, -1.1936601258453308, -1.3946116926800969, 0.6706640195801961, -5.482474963758297, 2.085519863600909, 6.837456554968378, 3.983445645271594, 2.6246787964094653, 0.31337014869372587, -0.4621548587231576, 8.049481960044929, 4.095427958701061, -3.7365065906273576, 2.7472428094813446, 8.79297171704466, -1.5481449045026792, 4.009684544409373, -0.020485174288980546, 2.3653471692838193, 3.5159227604256684, 0.1053839186971462, -4.198515934804257, -2.3819751496639596, 0.5219962037958327, 2.1865473500982615, 1.4860546077215937, 7.479815918789333, 2.189497883703243, 0.12267397155129961, 2.2760595776596073, 6.345612114013321], "scale": [24.939169433900044, 233.22198261665196, 0.17451250826225634, 1.7329180221000564, 2.9640706279447318, 9.00016079759795, 0.6006366548505075, 1.2603161809186687, 2.8263429953457044, 3.26053824141153, 8.678771301320403, 0.5538487286351177, 13.973363326582698, 887.0601153654164, 2.1173337724974375, 1.3489986976977582, 0.6434928479912737, 0.21719403031199278, 3.7724945378172055, 7.597408949214924, 1.2204880747996123, 1.1976369516195147, 1.2176681725039065, 1.333418967849009, 0.5532506452051402, 0.42992406377658954, 1.6097439548761938, 2.0300590195458823, 0.7871009719888403, 0.6473992353638894, 2.5825886301091328, 4.337194179849161, 0.42992406377658965, 0.66646472279015, 1.7106710466758084, 22.71963640955836], "bias": null, "columns": ["rth_sum_2_tango", "rc_mean_2", "rc_cap_norm_2_tango", "ge_distances_mean", "rc_mean_1_tango", "rth_wmean_2v_tango", "rth_norm_2_tango", "rth_wmean_1v", "rc_sum_2_penalty_removed_tango", "rc_wmean_1v_tango", "ge_distances_sum", "rth_mean_1_penalty_removed_tango", "rth_mean_1v", "rc_mean_1v", "rth_sum_1_penalty_removed_tango", "rth_mean_2_penalty_removed_tango", "rth_wmean_1v_penalty_removed", "rth_cap_norm_2", "c_penalty_ell_mean_1", "rth_mean_1v_penalty_removed_tango", "rc_wmean_2v_penalty_removed_tango", "rth_mean_1", "rc_wmean_2v_penalty_removed", "rth_cap_mean_2_tango", "rth_mean_1_penalty_removed", "first_is_not_closest", "rc_sum_1_penalty_removed_tango", "rth_cap_sum_1", "tango_sigma", "rth_wmean_1v_penalty_removed_tango", "rc_norm_2", "rc_wmean_1v", "first_is_not_largest", "c_penalty_sum_1", "tango_v_sigma", "distances_sum"]}