{"model": "linear", "weights": [0.002521071790412518, 1.3939767015437363e-05, -0.00030415515363933066, 0.0004797050157834477, -0.00037175716491016176, 2.887645316747942e-05, -1.2038809951558472e-05, 1.641341893484103e-05, 0.0002589830555936704, 4.771308885827381e-05, 2.2505709079846e-07, 0.003787234330314461, -5.976140392948363e-05, -0.0015596490983509625, 0.534748325309271, 7.362619183311915e-05, -3.105689280325946e-05, 1.6846385586357766e-05, -4.8388548645347305e-05, -2.260698944837402e-05, 0.10953391474318039, 0.0015690402125809908, -0.0036178212676315664, -2.2334083945777138e-05, 7.612098087789958e-06, 3.218125046440709e-05, -0.0006267340905805235, 5.887442544811186e-05, 0.00042379852771548337, -0.0005200914087448004, -3.858263756080087e-06, 2.418636935494273e-05, -1.856920560886424e-06, -1.3186682351427215e-07, 0.0005759087878940718, 6.681703421152154e-05, -0.00021367205123494506, 3.6549240513759643e-05, 1.2956133941959602e-06, -0.0025570268116470326, -0.0005562263924970479, -0.0005086311190098262, 0.0023218472513330817, 2.0053950717917424e-06, 0.00032712851112476544, 2.582235766400826e-05, -0.0005226438960123897, 0.0001274801015517943, -0.004636972155111642, 0.0003805041601674275, 0.002118073562313362, 0.009085670666648794, -3.482528096409572e-05, 0.0018302502229041247, 3.7980074740202233e-07, -2.53183107411259e-05, 1.6351965051759913e-05, -1.8656996683408025e-06, 3.2107457287915183e-06, 0.00024001169007760356, -1.7402432288358296e-06, -0.00010706264117491417, -3.1093740119367504e-07, 0.0005463935281908728, -3.6695909116406256e-06, 0.008174506173280329, -0.00037157868872454984, -1.6666733177479695e-05, 0.00029011951568901187, 0.0007772699967202382, -0.0008364133332904615, -4.3589847962412844e-05, -0.00031407387180955716, 8.647121574648255e-05, -5.745718214375998e-05, -0.005418799670778693, 9.089448876717208e-05, -0.0005602928225530269, 0.0007839186046705864, 0.2801902913001474, 2.4206824679595675e-05, -6.260481534716893e-05, -0.0035701767730577463, 4.203175270049906e-05, 7.228366199067938e-05, -1.1912472104138903e-05, -2.4122662935368138e-05, 0.0003259487475999369, -0.007486191281991595, -0.0013379581348667898, -0.00034728781397697203, -1.5845618484816559e-06, -5.370773673929732e-05, -0.0002731495937203651, 5.214459252821701e-05, 0.0005422115651617949], "scale": [238.27417713172204, 1929.7669813595455, 1.3475951441098866, 4.9746442137544005, 2.8240662861582497, 1.7329180221000564, 5011.190796000346, 9.623400619381812, 0.7703065474657396, 841.4849764931672, 8.28284233511746, 200.8005382687225, 13.973363326582698, 1878.2357793468932, 304020918.855084, 1.1976369516195147, 3.977608728955865, 6101106.625306113, 11.73617963181699, 1.2068847869736086, 638366286.2120825, 1881.141068108714, 330.61578168981686, 730.3230570802035, 1.2176681725039065, 8.678771301320403, 592.1601781106464, 0.5402900929110258, 2.7973640163755675, 2.118218078284036, 3.7724945378172055, 0.1696726764555906, 11.755027968701482, 25.37585494580248, 7.674625597300401, 0.543664319034312, 0.4235973599444964, 5.3131816655420545, 6101106.645181805, 887.0601153654164, 233.22198261665196, 4.923794892770277, 2476.5963756571095, 21036873.461330827, 0.5532506452051402, 720.368414096746, 7.595329527219522, 0.7017887753092958, 356.9655052095232, 591.2025205456359, 1070.893488978808, 99.69769740657071, 1.828008201640765, 143.33932827752028, 0.2206275929590759, 0.6287701388537806, 0.21719403031199278, 3.737708991950296, 0.42992406377658965, 0.3979341355844085, 0.42992406377658954, 2.3133524204175604, 0.66646472279015, 2.0300590195458823, 1.7374066601320535, 688.1632898444103, 0.5066134782096677, 7.473447370602289, 1.6100771955661388, 24.362502108964613, 623.2785034999596, 0.5893559489137365, 0.7608165262998224, 2.5825886301091328, 0.5457937966516953, 200.80334788715354, 0.6434928479912737, 24.586307597671478, 295557.1589603487, 21036873.33102735, 22.71963640955836, 0.4397715460134327, 33.6385215388613, 4.337194179849161, 40.20285830429307, 1.2603161809186687, 294.62281748766827, 1.3328099433111336, 688.1331106483699, 97210.69359732965, 1.5608084364073767, 1.7106710466758084, 1.9652088674525527, 4.1406037639947915, 0.7871009719888403, 229.96953846920044], "bias": null, "scaled_weights": [1.0580549771529906e-05, 7.223549345639969e-09, -0.00022570217395687575, 9.643001492591383e-05, -0.0001316389656759388, 1.6663484826873208e-05, -2.402385070065019e-09, 1.7055736931271388e-06, 0.000336207781753522, 5.670105847535738e-08, 2.7171480717949516e-08, 1.886067817829339e-05, -4.276808849290744e-06, -8.3037982531314e-07, 1.7589195089702578e-09, 6.147621926123564e-05, -7.807930573254749e-06, 2.7612016345497857e-12, -4.123023859839798e-06, -1.873168813823848e-05, 1.715847423477346e-10, 8.340896061338413e-07, -1.0942675661580487e-05, -3.0581102060597307e-08, 6.251373124204359e-06, 3.7080422270732013e-06, -1.0583860815838532e-06, 0.0001089681750981268, 0.00015149924187005955, -0.0002455325134256834, -1.0227354121796844e-06, 0.00014254722598940772, -1.5796819589290594e-07, -5.1965470245598465e-09, 7.504063626200234e-05, 0.00012290126806593785, -0.0005044225281832312, 6.878974372511102e-06, 2.1235711315079835e-13, -2.882585709079805e-06, -2.3849655433695538e-06, -0.00010330063093340081, 9.375154038643181e-07, 9.532761964262335e-14, 0.0005912844638499594, 3.584604371693107e-08, -6.881122065071451e-05, 0.0001816502429746196, -1.2989972665257786e-05, 6.436105174522099e-07, 1.977856420000399e-06, 9.11322016756025e-05, -1.9050943498414063e-05, 1.2768653550270338e-05, 1.7214562435645633e-06, -4.0266401307288585e-05, 7.528735954791576e-05, -4.991559461581573e-07, 7.468169379930277e-06, 0.0006031442608589508, -4.047792099723333e-06, -4.628029876900008e-05, -4.6654742638430693e-07, 0.0002691515482703056, -2.112108233406746e-06, 1.1878730373903754e-05, -0.0007334559870725898, -2.2301265200635936e-06, 0.00018018981728823221, 3.190435831442075e-05, -1.3419576138013168e-06, -7.396183586974032e-05, -0.00041281157933967775, 3.3482380716137715e-05, -0.00010527269180456984, -2.6985604213252077e-05, 0.00014125174669914076, -2.278881529189406e-05, 2.6523417921193214e-09, 1.3319008337940307e-08, 1.0654582777306965e-06, -0.00014235758523871547, -0.00010613358167163375, 9.69100090002446e-06, 1.7979732048793294e-06, -9.451971088283316e-06, -8.187642471506069e-08, 0.00024455755993999727, -1.087898716999388e-05, -1.3763487177747522e-08, -0.00022250508510599098, -9.262808601108851e-07, -2.7329276612168563e-05, -6.596854209899924e-05, 6.624892406937128e-05, 2.3577538519711933e-06],