{"model": "linear", "weights": [1.4133276899280713, 1.710798408055375, 1.815758434282853, 1.4889266957882894, 1.4798544036566466, 0.5275557863926549, 0.5732484437395499, 5.439951317141124, 0.3917119882300324, 0.6281677052231941, 0.10408974993706711, 0.38855148056256955, 2.2192072969897034, 0.14215454347404738, 0.9361004920832737, 1.307940784733487, 1.5969830135354839, 0.13559784245406484, 3.05553259857572, 1.7316146007004376], "scale": [0.4235973599444964, 0.4238674140321679, 5.3131816655420545, 1.1976369516195147, 7.597408949214924, 0.6985752978261425, 0.6434928479912737, 0.5370611863368625, 3.7724945378172055, 13.973363326582698, 1.2603161809186687, 0.42992406377658965, 2.9640252896503516, 0.5532506452051402, 2.5825886301091328, 4.337194179849161, 1.7329180221000564, 0.5457937966516953, 8.678771301320403, 33.6385215388613], "bias": null, "scaled_weights": [3.3364884288071543, 4.036164025398612, 0.3417459722972992, 1.2432204047936861, 0.19478409199093683, 0.7551881494154264, 0.8908388733907476, 10.129109039224083, 0.10383367936078709, 0.04495465340317732, 0.08259018769495928, 0.9037676959726558, 0.7487140223596035, 0.2569441982690102, 0.3624659696746658, 0.30156380611461914, 0.9215571614865901, 0.24844152367784825, 0.3520697219099259, 0.0514771316182838], "columns": ["rc_mean_1_penalty_removed", "rc_mean_1_penalty_removed_tango", "distances_mean", "rth_mean_1", "rth_mean_1v_penalty_removed_tango", "rsl_mean_1_tango", "rth_wmean_1v_penalty_removed", "rsl_wmean_1v_tango", "c_penalty_ell_mean_1", "rth_mean_1v", "rth_wmean_1v", "first_is_not_largest", "c_penalty_ell_mean_1_tango", "rth_mean_1_penalty_removed", "rc_norm_2", "rc_wmean_1v", "ge_distances_mean", "rc_wmean_1v_penalty_removed", "ge_distances_sum", "rsl_norm_2v"]}