{"model": "linear", "weights": [53.74662209044801, -1.4303758479741014e-09, 0.014514329453992907, -0.006753267617088984, 0.27536432690074175, 0.014193274174923269], "scale": [155383.850037125, 53502.88413678559, 2.703992927097108, 0.7869990139718835, 4110.831970396861, 1.601432716260378], "bias": null, "scaled_weights": [0.0003458958062733458, -2.673455592257792e-14, 0.005367739430285743, -0.00858103694819909, 6.698506017363633e-05, 0.008862860131936741], "columns": ["rsg_sum_2v", "rsg_sum_2v_first", "cross_compt_ge_dist_sum_nonfinal", "-log_p_compt_sum_nonfinal", "cross_abs_ge_dist_final", "-log_p_abs_final"]}