{"model": "linear", "weights": [5.793992250842702e-10, 6.175833477024137e-10, 0.2124802397531381, 1.1797085812326816e-09, 1.2357484658691365e-09, 2.2169280105834477, 6.238343357788829e-10, 1.6766954058377786e-09, 1.2843697363081182e-09, 2.4976859135255914e-10, 1.585700854866928e-09, 4.764093591397113e-10, 0.686254119673301, 2.335495134363625e-10, 4.922277962103478e-10, 0.5251249827730129, 1.362632423610181e-09, 7.280615770795258e-10, 1.2716507021869804e-09, 7.345641219500218e-10, 4.914486034112227e-10, 2.336925798937173e-10, 1.206897273531568e-09, 1.7341899351883362e-09, 5.070521787222587e-10, 2.4084073684586453e-10, 9.312334882813424e-10, 1.0997787400466268e-09, 0.7628184201879178, 1.2069317840850327e-09, 0.46910082316226803, 3.0571940818782715e-10, 1.1303445194563508e-09, 9.776228408294562e-10, 2.2474621042075368e-09, 0.35516693970879, 7.277238702547373e-10, 11.459872421186144, 1.0491929773122735e-09, 1.179660198820793e-09, 1.3668436620529944e-09, 7.508479278133714e-10, 1.6491776444761126, 8.284518221015408e-10, 2.754264000258185, 2.6913694090362283e-10, 3.7847997360789175e-10, 3.242781882086494e-10, 1.0118617773877758e-09, 6.206445284409397e-10, 1.1911637935156975e-09, 1.3543847372848285e-09, 0.6992135284547608, 1.122472164720653e-09, 0.13892089350785813, 0.13576814243732616, 5.515540325105219e-10, 1.320698173870267e-09, 3.614054128132052e-10, 9.420298417189452e-10, 4.5900295321617756e-10, 1.0525359209867621e-09, 3.004497060625269e-10, 3.515978643432672e-09, 1.3312116495830018e-09, 9.7063601550076e-10, 4.612188188368381e-10, 8.945569900438508e-10, 2.869417734546633e-10, 1.3807022778181361, 8.089435179004058e-10, 7.509834159254747e-10, 1.9331284070788406, 1.3097134083482749, 3.262325038502611e-10, 6.07804643149707e-10, 1.7030907900315451e-09, 9.920442566579438e-10, 4.69265443833228e-10, 4.358401462785974e-10, 0.15790785310136887, 1.489608664771152e-09, 0.3429091445070388, 1.3783971612743061e-09], "scale": [238.27417713172204, 1929.7669813595455, 1.3475951441098866, 4.9746442137544005, 2.8240662861582497, 1.7329180221000564, 5011.190796000346, 9.623400619381812, 0.7703065474657396, 841.4849764931672, 8.28284233511746, 200.8005382687225, 13.973363326582698, 1878.2357793468932, 304020918.855084, 1.1976369516195147, 3.977608728955865, 6101106.625306113, 11.73617963181699, 1.2068847869736086, 638366286.2120825, 1881.141068108714, 730.3230570802035, 1.2176681725039065, 8.678771301320403, 592.1601781106464, 2.7973640163755675, 2.118218078284036, 3.7724945378172055, 0.1696726764555906, 11.755027968701482, 25.37585494580248, 7.674625597300401, 0.543664319034312, 0.4235973599444964, 5.3131816655420545, 6101106.645181805, 887.0601153654164, 233.22198261665196, 4.923794892770277, 2476.5963756571095, 21036873.461330827, 0.5532506452051402, 720.368414096746, 7.595329527219522, 591.2025205456359, 1.828008201640765, 143.33932827752028, 0.2206275929590759, 0.6287701388537806, 0.21719403031199278, 3.737708991950296, 0.42992406377658965, 0.3979341355844085, 0.42992406377658954, 0.66646472279015, 2.0300590195458823, 1.7374066601320535, 688.1632898444103, 0.5066134782096677, 7.473447370602289, 1.6100771955661388, 24.362502108964613, 623.2785034999596, 0.5893559489137365, 0.7608165262998224, 2.5825886301091328, 0.5457937966516953, 200.80334788715354, 0.6434928479912737, 24.586307597671478, 21036873.33102735, 22.71963640955836, 4.337194179849161, 40.20285830429307, 1.2603161809186687, 294.62281748766827, 1.3328099433111336, 688.1331106483699, 1.5608084364073767, 1.7106710466758084, 4.1406037639947915, 0.7871009719888403, 229.96953846920044], "bias": null, "scaled_weights": [2.431649254060663e-12, 3.2003001070487707e-13, 0.15767364603668524, 2.371443123451731e-10, 4.3757771265001034e-10, 1.2793034536606862, 1.244882426501886e-13, 1.7423107196232324e-10, 1.6673488503162986e-09, 2.9681883614066783e-13, 1.9144404670651516e-10, 2.3725502095126543e-12, 0.0491115920794661, 1.243451519795737e-13, 1.6190589715472024e-18, 0.4384675857428315, 3.4257578270346275e-10, 1.193327082761804e-16, 1.0835303668491175e-10, 6.08644776931872e-10, 7.698536310984791e-19, 1.242291627435842e-13, 1.6525526091928214e-12, 1.424189261366912e-09, 5.842441989975182e-11, 4.0671552351644783e-13, 3.328967852699787e-10, 5.19199959306152e-10, 0.20220530806369053, 7.113294899906468e-09, 0.039906397875979466, 1.2047649580310885e-11, 1.4728334367919612e-10, 1.7982104151436062e-09, 5.305656542576233e-09, 0.06684637606355129, 1.192773561546312e-16, 0.012918935506941774, 4.498688183424102e-12, 2.395835375987971e-10, 5.519040871931878e-13, 3.5691992405314e-17, 2.980886979109826, 1.1500390715219213e-12, 0.36262600462398353, 4.552364571369375e-13, 2.070450084787254e-10, 2.262311342640117e-12, 4.586288432088662e-09, 9.870769778799395e-10, 5.484330263610957e-09, 3.6235692511153076e-10, 1.6263651825223433, 2.820748622312041e-09, 0.3231289085973297, 0.20371392182459974, 2.716935947181983e-10, 7.601548930230795e-10, 5.251739204149016e-13, 1.8594646258682354e-09, 6.141783442828826e-11, 6.537176750812045e-10, 1.2332465061212704e-11, 5.641103653806504e-12, 2.25875661734917e-09, 1.2757819815263214e-09, 1.785877988695971e-10, 1.639001754017228e-09, 1.4289690708539252e-12, 2.1456373324554177, 3.29021962605324e-11, 3.5698433132543844e-17, 0.08508623871575496, 0.30197250896288536, 8.114659444883904e-12, 4.822636195201957e-10, 5.780580080505236e-12, 7.443253718481294e-10, 6.819399278594205e-13, 2.7923999903652593e-10, 0.09230754995720356, 3.597563905351813e-10, 0.435660933870503, 5.9938249667745164e-12], "columns": ["tango_variance", "rth_mean_2v", "rth_mean_2_penalty_removed", "rth_sum_2_penalty_removed", "rc_sum_2_penalty_removed", "ge_distances_mean", "rth_sum_2v", "rth_wmean_2v", "rc_mean_2_penalty_removed", "tango_v_variance", "rth_mean_2", "rc_mean_1v_penalty_removed", "rth_mean_1v", "rth_sum_2v_penalty_removed", "rc_mean_2v", "rth_mean_1", "rth_sum_1", "rc_mean_2v_penalty_removed", "rc_sum_1", "rc_cap_wmean_2v", "rc_sum_2v", "rth_cap_sum_2v", "rc_sum_2", "rc_wmean_2v_penalty_removed", "ge_distances_sum", "rth_cap_mean_2v", "rc_cap_sum_2", "rth_sum_1_penalty_removed", "c_penalty_ell_mean_1", "rc_cap_norm_2", "c_penalty_ell_sum_1", "rth_sum_2", "rth_cap_mean_1v", "rc_cap_wmean_1v", "rc_mean_1_penalty_removed", "distances_mean", "rc_cap_mean_2v", "rc_mean_1v", "rc_mean_2", "rth_cap_sum_2", "rc_sum_1v", "rc_cap_sum_2v", "rth_mean_1_penalty_removed", "c_penalty_ell_sum_2", "rth_mean_1v_penalty_removed", "rth_mean_2v_penalty_removed", "rth_wmean_2v_penalty_removed", "rc_cap_norm_2v", "c_penalty_mean_1", "rth_norm_2", "rth_cap_norm_2", "rc_mean_1", "first_is_not_largest", "rc_cap_mean_1", "first_is_not_closest", "c_penalty_sum_1", "rth_cap_sum_1", "rth_cap_wmean_2v", "rc_cap_sum_1v", "rth_cap_mean_1", "rth_norm_2v", "rc_sum_1_penalty_removed", "rth_sum_1v_penalty_removed", "rc_norm_2v", "rth_cap_wmean_1v", "rc_cap_mean_2", "rc_norm_2", "rc_wmean_1v_penalty_removed", "rc_cap_mean_1v", "rth_wmean_1v_penalty_removed", "rth_cap_sum_1v", "rc_sum_2v_penalty_removed", "distances_sum", "rc_wmean_1v", "rth_sum_1v", "rth_wmean_1v", "rc_wmean_2v", "rth_cap_mean_2", "rc_sum_1v_penalty_removed", "rc_cap_sum_1", "tango_v_sigma", "rth_cap_norm_2v", "tango_sigma", "c_penalty_ell_mean_2"]}