{"model": "linear", "weights": [-2.980470062516389e-05, -3.0031924097539078e-05, 7.1793029492391035e-06, -5.994612417223195e-06, -7.854276345819242e-06, 1.9942538104146246e-05, -1.7181528922482046e-05, 1.9568220659400335e-05, 7.108209759847661e-06, 5.48261436286438e-06], "scale": [238.27417713172204, 841.4849764931672, 0.7871009719888403, 1.7106710466758084, 22.71963640955836, 5.3131816655420545, 8.678771301320403, 1.7329180221000564, 0.42992406377658965, 0.42992406377658954], "bias": null, "columns": ["tango_variance", "tango_v_variance", "tango_sigma", "tango_v_sigma", "distances_sum", "distances_mean", "ge_distances_sum", "ge_distances_mean", "first_is_not_largest", "first_is_not_closest"]}