{"model": "linear", "weights": [0.9144407182854709, 2.3255494653780695, 0.23104673342999285, 2.4046391390981703, 4.085958949303954, 1.1844631569853312, -0.32082841068757617, -0.0012694114194944036, 0.9309983435789513, -0.9988753882902437, 1.3686327139223728, -0.3121186164057001, 1.4797526305314743, 1.936072302593434, 1.2686977415433527, -1.4756265218992113, 0.24161346957281454, 0.15085331490142753, 0.5161292416790927], "scale": [1.1976369516195147, 7.597408949214924, 0.17451250826225634, 1.3489986976977582, 2.9640706279447318, 0.6434928479912737, 0.543664319034312, 233.22198261665196, 3.7724945378172055, 0.21719403031199278, 40.20285830429307, 9.00016079759795, 0.5532506452051402, 4.337194179849161, 1.333418967849009, 1.5608084364073767, 0.6473992353638894, 0.7644269497396028, 0.66646472279015], "bias": null, "scaled_weights": [0.7635374952725955, 0.30609770790584856, 1.3239551464286858, 1.782536293920817, 1.378495812745573, 1.8406780443368556, -0.5901222490698859, -5.442932116656177e-06, 0.24678586920304307, -4.599000197451969, 0.034043169357841976, -0.034679226674372454, 2.6746514321421095, 0.44638819990779544, 0.9514621976541547, -0.9454244912308172, 0.3732062943154524, 0.19734170145730048, 0.7744284491432962], "columns": ["rth_mean_1", "rth_mean_1v_penalty_removed_tango", "rc_cap_norm_2_tango", "rth_mean_2_penalty_removed_tango", "rc_mean_1_tango", "rth_wmean_1v_penalty_removed", "rc_cap_wmean_1v", "rc_mean_2", "c_penalty_ell_mean_1", "rth_cap_norm_2", "rth_sum_1v", "rth_wmean_2v_tango", "rth_mean_1_penalty_removed", "rc_wmean_1v", "rth_cap_mean_2_tango", "rc_cap_sum_1", "rth_wmean_1v_penalty_removed_tango", "rc_cap_mean_2_tango", "c_penalty_sum_1"]}