{"model": "linear", "weights": [-0.10241107396329284, 15.066972943837179, -16.772172987954924, -1.2714541032064899, 1.8669588168774933, -3.43140796663219e-12, 2.020162379889457e-10, 1.1517190791398487e-09, 8.740529474809042e-11, -1.1752657301162834, -1.0139961449938035, 3.7748644432932035, -1.9721391699347892, 0.7110878922945798, 4.265461876016055, 4.562956433805327, 1.1207385781883809e-09, -4.623956685188347, 0.38050930908155983, 0.35506340220891797, 2.7146968868813386, 4.36454413564132, -3.743031213193224e-12, -0.20975970024804697, 1.038524512264539e-09, 1.0208375290441483e-10, 2.8294480303682668, 2.4132345200277375e-10, 7.631827898975237e-10, 4.1175209497192433e-10, 4.018884543057132e-10, 1.0490726421116357e-10, -1.724291529860445e-10, 4.200042510345352e-11, 2.6514423027525194, -2.6361851571861548e-11, 1.0696596032966485e-10, 1.4962687356928646e-10, 8.152923593632132e-11, 2.0926658389291735, -3.663269285908711e-10, 4.324538219915223e-11, -0.23238761367773966, -0.9740302520739635, 7.006492084489667e-11, 1.9185334786306363, 4.582636012316945, 4.269050977615533e-10, 0.10553825440431273, -2.1370940728870256e-09, 4.804103277522234e-10, -2.7609107948992615, 3.5198500173917857e-11, 1.2219202513211365, -0.5346744695797938, 7.847822842288464e-09, 0.48977439277486234, -5.756905406809207, 2.2250806283053694e-10, 2.6419574807098187, -1.0833819120621386, -0.9497389911993385, 9.398658448316974e-11, 2.651332747311621, 3.158104390855865e-10, 2.0362918254198172, 9.395845493018877e-11, -0.9574372185393394, 1.0695254760868068e-10, 0.22017995972110938, -1.4910001351988594e-10, -0.5907762000804136, 0.6132516894888461, -1.2742864058585214e-09, 2.8061776243319234e-09, -0.20632391375486622, 5.1679980124558787e-11, 0.3795154517051937, -2.8221575451236807, -0.9737816268162652, -7.820724926788725e-11, 2.0515334880267637e-10, 0.5691207548388937, 2.180349133721137], "scale": [1.6100771955661388, 229.96953846920044, 233.22198261665196, 11.755027968701482, 1.7329180221000564, 304020918.855084, 24.362502108964613, 40.20285830429307, 200.8005382687225, 294.62281748766827, 1.2603161809186687, 1.3475951441098866, 0.5457937966516953, 720.368414096746, 7.595329527219522, 24.586307597671478, 623.2785034999596, 2.118218078284036, 8.678771301320403, 4.923794892770277, 13.973363326582698, 887.0601153654164, 638366286.2120825, 2.8240662861582497, 7.674625597300401, 688.1632898444103, 0.6434928479912737, 0.21719403031199278, 3.7724945378172055, 5.3131816655420545, 8.28284233511746, 688.1331106483699, 2.7973640163755675, 4.9746442137544005, 1.1976369516195147, 238.27417713172204, 21036873.33102735, 0.5893559489137365, 143.33932827752028, 0.543664319034312, 1878.2357793468932, 591.2025205456359, 1.2176681725039065, 7.473447370602289, 200.80334788715354, 1.5608084364073767, 0.5532506452051402, 2476.5963756571095, 0.42992406377658954, 1.828008201640765, 3.737708991950296, 0.5066134782096677, 1881.141068108714, 0.1696726764555906, 0.7608165262998224, 2.0300590195458823, 0.7871009719888403, 4.1406037639947915, 3.977608728955865, 2.5825886301091328, 1.7374066601320535, 0.3979341355844085, 6101106.625306113, 4.337194179849161, 5011.190796000346, 592.1601781106464, 6101106.645181805, 0.6287701388537806, 21036873.461330827, 25.37585494580248, 0.4235973599444964, 1929.7669813595455, 0.42992406377658965, 11.73617963181699, 0.66646472279015, 1.2068847869736086, 1.3328099433111336, 1.7106710466758084, 0.7703065474657396, 841.4849764931672, 730.3230570802035, 0.2206275929590759, 9.623400619381812, 22.71963640955836], "bias": null, "columns": ["rc_sum_1_penalty_removed", "c_penalty_ell_mean_2", "rc_mean_2", "c_penalty_ell_sum_1", "ge_distances_mean", "rc_mean_2v", "rth_sum_1v_penalty_removed", "rth_sum_1v", "rc_mean_1v_penalty_removed", "rc_wmean_2v", "rth_wmean_1v", "rth_mean_2_penalty_removed", "rc_wmean_1v_penalty_removed", "c_penalty_ell_sum_2", "rth_mean_1v_penalty_removed", "rth_cap_sum_1v", "rc_norm_2v", "rth_sum_1_penalty_removed", "ge_distances_sum", "rth_cap_sum_2", "rth_mean_1v", "rc_mean_1v", "rc_sum_2v", "rc_sum_2_penalty_removed", "rth_cap_mean_1v", "rc_cap_sum_1v", "rth_wmean_1v_penalty_removed", "rth_cap_norm_2", "c_penalty_ell_mean_1", "distances_mean", "rth_mean_2", "rc_sum_1v_penalty_removed", "rc_cap_sum_2", "rth_sum_2_penalty_removed", "rth_mean_1", "tango_variance", "rc_sum_2v_penalty_removed", "rth_cap_wmean_1v", "rc_cap_norm_2v", "rc_cap_wmean_1v", "rth_sum_2v_penalty_removed", "rth_mean_2v_penalty_removed", "rc_wmean_2v_penalty_removed", "rth_norm_2v", "rc_cap_mean_1v", "rc_cap_sum_1", "rth_mean_1_penalty_removed", "rc_sum_1v", "first_is_not_closest", "rth_wmean_2v_penalty_removed", "rc_mean_1", "rth_cap_mean_1", "rth_cap_sum_2v", "rc_cap_norm_2", "rc_cap_mean_2", "rth_cap_sum_1", "tango_sigma", "rth_cap_norm_2v", "rth_sum_1", "rc_norm_2", "rth_cap_wmean_2v", "rc_cap_mean_1", "rc_mean_2v_penalty_removed", "rc_wmean_1v", "rth_sum_2v", "rth_cap_mean_2v", "rc_cap_mean_2v", "rth_norm_2", "rc_cap_sum_2v", "rth_sum_2", "rc_mean_1_penalty_removed", "rth_mean_2v", "first_is_not_largest", "rc_sum_1", "c_penalty_sum_1", "rc_cap_wmean_2v", "rth_cap_mean_2", "tango_v_sigma", "rc_mean_2_penalty_removed", "tango_v_variance", "rc_sum_2", "c_penalty_mean_1", "rth_wmean_2v", "distances_sum"]}