{"model": "linear", "weights": [3.20511540970319, 2.157137103247646, 0.5909191419417708, 0.41826370126940643, -1.319138757065674, 0.3708716733236481, 30.262403622042335, -9.9962863912494, 0.9261475476924634, 0.990875660454289, 0.9825671258837724, -0.17446997522975713, 0.5237461461767343, -0.9305592015920622, 0.8622915683128927, 0.0009950365950487155, 0.6392384969785859, 5.803490277818175, 0.7568195826722244, 4.816208092418194, 2.745346625804657, -0.2655723015815118, 1.610806981504526, -0.1342471852323448, -0.28222664802208314, 0.6853235881594274, -0.4984706759795446, -1.6923710844354383, 0.991438518514643, 0.026778888794868474, 0.8768589090102719, 1.4625180872274148, 0.17753386122624093, -0.17465699104580007, -0.2691886749467014, 0.4524444165531416], "scale": [0.42363632227642195, 0.4658563832822701, 0.6364397517941597, 1.261123429568616, 0.7475731653346568, 1.2611234295686164, 64.04918323177633, 33.00520700474345, 199.57784037656205, 10140.214462295236, 1.8466765957072728, 8.708497176862368, 0.36723169067093364, 0.14601883105541327, 0.36723169067093364, 5.720865135808337, 1.601432716260378, 1.127203775778837, 0.48044382949640846, 0.088015715360907, 0.7192865363769918, 1.4662094072160536, 2.43107446391819, 0.4054090912781989, 1.1681864888448454, 0.09108687608333699, 7.303358237366297, 2.703992927097108, 0.7074632003475282, 0.4885169611233239, 0.14191435089513352, 0.6084299906471051, 0.2261573231269946, 0.22351434936122025, 1.948750417011882, 9.042306375338375], "bias": null, "columns": ["rsg_mean_1", "rsg_wmean_1v", "rsg_wmean_1v_first", "rsg_sum_2_first", "rsg_mean_2", "rsg_wmean_2v_first", "rsg_mean_1v", "rsg_mean_1v_first", "cross_abs_mean", "cross_abs_dist_final", "cross_abs_ge_dist_min", "cross_abs_dist_min", "p_abs_final", "p_abs_mean", "p_abs_max", "-log_p_abs_sum", "-log_p_abs_final", "-log_p_abs_mean", "cross_compt_sum", "cross_compt_mean", "cross_compt_ge_dist_mean", "cross_compt_ge_dist_max", "cross_compt_dist_mean", "cross_compt_ge_dist_min", "cross_compt_dist_min", "cross_compt_mean_nonfinal", "cross_compt_dist_sum_nonfinal", "cross_compt_ge_dist_sum_nonfinal", "cross_compt_ge_dist_mean_nonfinal", "cross_compt_ge_dist_min_nonfinal", "p_compt_mean", "-log_p_compt_mean", "-log_p_compt_mean_nonfinal", "p_compt_min_nonfinal", "cross_total_ge_dist_min", "cross_total_dist_min"]}