{"model": "linear", "weights": [7.3948012108500185, 2.029802483503618, 9.542308519632885, 0.44334756789692337, 0.8656464348813991, 3.2002830107911424, 0.6088524100055064, 4.211046441534773, 0.8902924266549508, 2.1779991870464266, 4.140270055758239, 72.18014282933389, 4.2436976072382055, 0.20511997814800667, 2.2919828261165205, 1.0256192495446959, 6.676782158555843], "scale": [1.7329180221000564, 8.678771301320403, 0.5402900929110258, 13.973363326582698, 0.6434928479912737, 1.1976369516195147, 0.543664319034312, 0.5532506452051402, 0.1696726764555906, 0.7871009719888403, 2.5825886301091328, 33.6385215388613, 4.337194179849161, 0.6287701388537806, 0.4235973599444964, 0.42992406377658965, 22.71963640955836], "bias": null, "columns": ["ge_distances_mean", "ge_distances_sum", "rsl_wmean_1v", "rth_mean_1v", "rth_wmean_1v_penalty_removed", "rth_mean_1", "rc_cap_wmean_1v", "rth_mean_1_penalty_removed", "rc_cap_norm_2", "tango_sigma", "rc_norm_2", "rsl_norm_2v", "rc_wmean_1v", "rth_norm_2", "rc_mean_1_penalty_removed", "first_is_not_largest", "distances_sum"]}