{"model": "linear", "weights": [-0.00012775009209342836, 1.7933249668542116e-05, 0.00015068619533881923, -2.399463240349539e-05, 4.735575479808078e-05, 1.7933249589693317e-05, 1.5179475588643735e-05, 0.0003288832683167616, -5.879633658566181e-05, -0.000335759228548388, 0.00011472246207916362, 1.7841765058992403e-05, -5.879633693313401e-05, 0.00018690903465424957, 0.00032006747264727304, 0.001828254786816603, -0.0005736198638373664, -0.0007662067719138052, 0.00017579590682720588, -0.00011705344289665222, -0.0006902689558015826, 0.0002974301168814961, 9.051282502265101e-06, -9.332310269063093e-06, 5.382960282188964e-06, -9.332310270232453e-06, -2.635385225265055e-06, 0.0006161606851740604, -0.4891558044768963, -0.0018304113960115323, -0.0002779985929857287, -0.0010866074397998203, -3.9223404608622216e-07, -0.0010056787239301236, 1.3025591776959473e-16, 2.384801895939966e-05, -5.2579541072123155e-06, -0.000489391101497611, -0.00014630505642139295, 0.000357669750173351, -0.00014630505847420557, -2.002821295094785e-05, 4.1026341541850084e-06, 0.00017125211278614652, -5.154042611232939e-17, 1.2492935885266713e-15, 4.102634157366244e-06, 0.00010211243516771721, 0.00016352773624087025, -3.747523464513969e-05, -3.4584323726997696e-05, -0.00031013152573796814, -5.403217463125383e-06, 6.153976707681944e-05, -4.948033456028676e-06, -8.247895069284933e-06, -2.1648261667436024e-05, -5.2282736623235504e-06, -9.909861697637304e-06, -8.160758511819259e-05, -5.601886856095512e-06, 4.211946528759707e-05, -4.551006424209152e-06, -1.1618250466414157e-05, 7.636394533779089e-07, -3.6756667661505555e-05, 2.560033383968063e-05, 2.117394291672436e-06, -0.0017749902347804073, 0.000392753166275294, -0.00044718806020468233, 0.000973659668313195, -1.3511392874236173e-05, -1.4376946382305668e-07, 3.6019994996398406e-05, -3.4497913240767758e-06, 1.0323597223866773e-05, -5.716616707969255e-06, 8.620455750649437e-05, -2.9495688167042775e-06, -0.0006547064362688077, -1.3744366981504681e-05, 4.2588289363233705e-05, 1.4076591031280538e-05, -7.376987121066317e-06, 5.018167373702326e-05, 0.48914269502560537, 0.001195702581089731, 4.6462813116617717e-08, 2.90660386321446e-05, 0.0023788140367270887, 4.622308565460341e-16, -2.9857457130185345e-06, 4.337988161644976e-06], "scale": [1.5283808388405522, 0.6364397517941597, 0.42363632227642195, 0.21375083461180985, 0.4658563832822701, 0.6364397517941597, 0.19622567410861258, 2.656477160739345, 1.261123429568616, 0.7475731653346568, 0.3998970272255298, 0.8662048025870851, 1.2611234295686164, 214.3195371648319, 85.07289438663827, 64.04918323177633, 33.00520700474345, 35.96140016475422, 155383.850037125, 53502.88413678559, 47827.30742610575, 23379.244046614956, 871.8361771041352, 868.5048888508767, 199.57784037656205, 868.5048888508767, 4123.263963202542, 4110.831970396861, 899.5732515964763, 4110.848512554627, 10167.71999916096, 10140.214462295236, 2279.4260227014133, 10140.49932626295, 0.37644606025452726, 1.8466765957072728, 8.708497176862368, 0.6349777491789669, 0.36723169067093364, 0.14601883105541327, 0.36723169067093364, 5.720865135808337, 1.601432716260378, 1.127203775778837, 0.992565385308932, 0.047970882542836234, 1.601432716260378, 0.48044382949640846, 0.088015715360907, 0.12232437491732263, 3.477627568708073, 0.7192865363769918, 1.4662094072160536, 10.077907951487141, 2.43107446391819, 4.327960860341336, 0.08060055641253036, 0.4054090912781989, 1.1681864888448454, 0.41524305767843556, 0.09108687608333699, 0.08199323041843305, 7.303358237366297, 2.5177842244844952, 2.2140630440843605, 2.703992927097108, 0.7074632003475282, 0.4885169611233239, 0.9386358757472293, 0.14191435089513352, 0.04801670574719098, 0.8483633223693582, 0.09859629005797582, 2.644232767414133, 0.6084299906471051, 2.164621584344692, 0.7869990139718835, 0.2261573231269946, 0.35912053623971346, 0.22351434936122025, 0.07636650353370997, 0.0765136846367669, 871.8586365301849, 199.5796602185848, 868.4800892234279, 4123.577734449815, 899.6286752819528, 4110.816211922031, 10169.046489361092, 2279.705619879433, 10140.539943522452, 0.39248741072373394, 1.948750417011882, 9.042306375338375], "bias": null, "scaled_weights": [-8.358524841906621e-05, 2.817745060390598e-05, 0.00035569706235079806, -0.00011225515187845574, 0.00010165311992599045, 2.8177450480015542e-05, 7.735723501829718e-05, 0.00012380428982315341, -4.662219034799304e-05, -0.00044913226439593086, 0.00028688000727363156, 2.059762888141994e-05, -4.662219062351895e-05, 8.721045086547519e-07, 3.762273224096905e-06, 2.8544544903885085e-05, -1.73796778112898e-05, -2.1306366504182023e-05, 1.1313653689569664e-09, -2.187796878340112e-09, -1.4432528046201711e-08, 1.272197322926532e-08, 1.0381861569830204e-08, -1.0745259340348356e-08, 2.697173329480083e-08, -1.0745259341694761e-08, -6.391502578501303e-10, 1.4988710061885018e-07, -0.0005437642833519, -4.4526364579512316e-07, -2.7341291165440156e-08, -1.0715823061141321e-07, -1.7207579547651838e-10, -9.917447766359091e-08, 3.460148252887134e-16, 1.291402025391778e-05, -6.037728439738362e-07, -0.0007707216546255346, -0.0003983998661828261, 0.0024494768762915067, -0.000398399871772792, -3.5009063271892593e-06, 2.561852341674003e-06, 0.00015192648966050575, -5.19264794795233e-17, 2.6042747648244703e-14, 2.561852343660496e-06, 0.00021253771804031577, 0.0018579379326785844, -0.0003063595025150849, -9.944803761676427e-06, -0.00043116548142286133, -3.6851608211849305e-06, 6.106402973023619e-06, -2.035327806476925e-06, -1.9057231189088067e-06, -0.00026858700027622304, -1.289629111631297e-05, -8.483116173888138e-06, -0.00019652967968796132, -6.15004828024868e-05, 0.0005136944241939284, -6.23138873419184e-07, -4.614474248202481e-06, 3.4490411436938855e-07, -1.3593477739220994e-05, 3.618609961211402e-05, 4.334331170003961e-06, -0.0018910317415338222, 0.0027675366430384186, -0.00931317659647743, 0.0011476918469246194, -0.00013703753829166706, -5.437095614076848e-08, 5.9201544220541764e-05, -1.5937156632950928e-06, 1.3117674915200841e-05, -2.527716825140874e-05, 0.00024004351967483336, -1.3196328670323964e-05, -0.008573214773147299, -0.0001796327944047298, 4.884770027940102e-08, 7.053119048235423e-08, -8.494134998146735e-09, 1.2169450164062135e-08, 0.0005437162114383504, 2.9086743835007764e-07, 4.569043239720396e-12, 1.2749908750798193e-08, 2.345845536801639e-07, 1.1776960073539571e-15, -1.532133456882965e-06, 4.797435501053394e-07],