{"model": "linear", "weights": [2.499511528658244, 3.036547276165871, 3.727697535649026, 6.4823843600310465, 0.4423392232891655, 0.4216233621682911, 0.37496073222011367, 0.2961809216210251, 0.8410298989540945, 3.096174297423395, 0.7385689103885378, 0.01498747442556903, 0.0523421336279086, 0.8296235250225706, 0.1839569272577119, 1.159373385546695], "scale": [0.42363632227642195, 0.4658563832822701, 64.04918323177633, 35.96140016475422, 0.36723169067093364, 0.36723169067093364, 1.601432716260378, 1.127203775778837, 1.601432716260378, 0.7192865363769918, 2.43107446391819, 0.7074632003475282, 0.4885169611233239, 0.14191435089513352, 0.09859629005797582, 0.6084299906471051], "bias": null, "scaled_weights": [5.900135085742995, 6.518204719599124, 0.058200547572316685, 0.18025950965013965, 1.2045235597205952, 1.148112684387297, 0.2341407968083178, 0.2627572121255361, 0.5251734215334657, 4.304507509647909, 0.30380349156322345, 0.02118481133464852, 0.10714496689644122, 5.845945246479085, 1.8657591188222495, 1.9055164988064206], "columns": ["rsg_mean_1", "rsg_wmean_1v", "rsg_mean_1v", "rsg_norm_2v", "p_abs_final", "p_abs_max", "-log_p_abs_final", "-log_p_abs_mean", "-log_p_abs_min", "cross_compt_ge_dist_mean", "cross_compt_dist_mean", "cross_compt_ge_dist_mean_nonfinal", "cross_compt_ge_dist_min_nonfinal", "p_compt_mean", "p_compt_mean_nonfinal", "-log_p_compt_mean"]}