{"model": "linear", "weights": [1.019331055099842e-05, 0.999989806689449], "scale": [4.923794892770277, 11.755027968701482], "bias": null, "scaled_weights": [2.070214290600426e-06, 0.08506911334894193], "columns": ["rth_cap_sum_2", "c_penalty_ell_sum_1"]}