{"model": "linear", "weights": [3.9213066899167646, 25.939394586129012, 0.28822288765368914, 3.877471314205631, 1.9200933327520815, 3.5252652503090647, -1.0890188793454376, 3.223893017143661, 3.864475413964467, 1.4710693581945127, 1.5477818921959585, 0.02387423793391148, 2.7301218480565086, 3.0609792209089393, 2.020839823799361, 6.791170402508738, 7.2119666417742705, 0.6163356697997416, 10.650152972164829, 4.174422366979455, 1.68840089526086, 4.8315179855422254, -0.23988868091436624, 0.21366680594371637, -0.2949669870728231, 11.808298620070492, 0.7527103544327806, 9.304058812490084, 10.073725449410516, 1.4998681091210275, -0.8126703846691853, -1.11913538764727, 2.0054199720298698, 7.194963859853405, 5.839972464872543, 10.48104252848613, 1.4046663818757559, -0.5925477209552691, 1.4485204604063895, -2.319231437550214, 0.823418613340292, 1.4080795175900565, 0.48454489616918217, 2.728931457561091, -1.8616873474011704, -0.16420569137450658, 0.1719506571939599, -0.5298808200763596, -1.7155663790157025], "scale": [0.21375083461180985, 0.4658563832822701, 33.6385215388613, 2.3616681510432023, 0.4235973599444964, 4.337194179849161, 0.7608165262998224, 1.1976369516195147, 0.5532506452051402, 1.2603161809186687, 13.973363326582698, 5.3131816655420545, 1.7329180221000564, 0.7192865363769918, 1.1681864888448454, 1.601432716260378, 1.127203775778837, 1.601432716260378, 0.6084299906471051, 2.164621584344692, 0.010574343179804935, 0.009608066564835288, 2.408311267020082, 0.42992406377658965, 0.42992406377658954, 0.21409776147376652, 0.1975518750113046, 0.5370611863368625, 2.9640706279447318, 0.17451250826225634, 7.554401770805783, 9.00016079759795, 7.597408949214924, 5.3131816655420545, 1.7329180221000564, 0.7189532086956002, 1.1620358667906252, 0.13723654301068527, 0.1332182274311604, 0.0034174643238435395, 0.5466373347610649, 0.0022102100760266314, 0.002247852235737195, 1.0779927855001366, 2.408311267020082, 0.2427239857622152, 0.42992406377658965, 0.42992406377658954, 0.047594898481148146], "bias": null, "scaled_weights": [18.345222824688378, 55.68109725870581, 0.008568238866286566, 1.6418357983499352, 4.532826486462687, 0.8127985753295617, -1.4313817348866016, 2.6918783799916364, 6.985035530381632, 1.1672224640662965, 0.11076659613161877, 0.004493397635684985, 1.5754477783940288, 4.255576972602504, 1.7298948781693724, 4.240684190820888, 6.398103694064714, 0.3848651670105703, 17.504319536973668, 1.9284767356892085, 159.669576308569, 502.860586252095, -0.09960866944379325, 0.49698731461272305, -0.6860908981966243, 55.15376965544484, 3.8101908898091086, 17.324020147406948, 3.3986118125652, 8.59461664986807, -0.10757574316602737, -0.12434615478714067, 0.2639610405909635, 1.3541723797090175, 3.3700223498139317, 14.578198416419797, 1.208797785007481, -4.3177109241897265, 10.873290302221612, -678.6410091742613, 1.5063343847529334, 637.0794943263529, 215.55905164303346, 2.5314932476983123, -0.7730260506170885, -0.6765120095521621, 0.3999558798442001, -1.232498631087821, -36.04517361656357], "columns": ["rsg_mean_1_first", "rsg_wmean_1v", "rsl_norm_2v", "rlg_norm_2v", "rc_mean_1_penalty_removed", "rc_wmean_1v", "rc_cap_mean_2", "rth_mean_1", "rth_mean_1_penalty_removed", "rth_wmean_1v", "rth_mean_1v", "distances_mean", "ge_distances_mean", "cross_compt_ge_dist_mean", "cross_compt_dist_min", "-log_p_abs_final", "-log_p_abs_mean", "-log_p_abs_min", "-log_p_compt_mean", "-log_p_compt_max", "klein-nishina_rel_sum_mean", "klein-nishina_rel_sum_min", "final_r", "first_is_not_largest", "first_is_not_closest", "rsg_mean_1_first_tango", "rsg_norm_2_tango", "rsl_wmean_1v_tango", "rc_mean_1_tango", "rc_cap_norm_2_tango", "rth_mean_2_tango", "rth_wmean_2v_tango", "rth_mean_1v_penalty_removed_tango", "distances_mean_tango", "ge_distances_mean_tango", "cross_compt_ge_dist_mean_tango", "cross_compt_dist_min_tango", "p_abs_mean_tango", "p_compt_mean_tango", "klein-nishina_rel_geo_min_tango", "-log_klein-nishina_rel_geo_mean_tango", "klein-nishina_sum_min_tango", "klein-nishina_geo_max_tango", "-log_klein-nishina_geo_max_tango", "final_r_tango", "first_energy_ratio_tango", "first_is_not_largest_tango", "first_is_not_closest_tango", "escape_probability_tango"]}