{"model": "linear", "weights": [7.350231221438117, 2.0251361095912883, 8.01575178935371, 1.815920009004724, 1.8143321098222729, 3.1241612318075407, 3.8101612727939504, 1.8825704290577934, 10.682026140781275, 0.2532265824853367, 0.9344546943601041, 1.4006056398599713, 5.752858260757491, 6.437621538676525, 2.146548043287183, 0.87251210574437, 6.483642550002491], "scale": [1.7329180221000564, 1.3475951441098866, 7.595329527219522, 13.973363326582698, 887.0601153654164, 0.6434928479912737, 1.1976369516195147, 0.5893559489137365, 0.5532506452051402, 0.42992406377658954, 0.1696726764555906, 0.7871009719888403, 2.5825886301091328, 4.337194179849161, 0.42992406377658965, 1.7106710466758084, 22.71963640955836], "bias": null, "columns": ["ge_distances_mean", "rth_mean_2_penalty_removed", "rth_mean_1v_penalty_removed", "rth_mean_1v", "rc_mean_1v", "rth_wmean_1v_penalty_removed", "rth_mean_1", "rth_cap_wmean_1v", "rth_mean_1_penalty_removed", "first_is_not_closest", "rc_cap_norm_2", "tango_sigma", "rc_norm_2", "rc_wmean_1v", "first_is_not_largest", "tango_v_sigma", "distances_sum"]}