{"model": "linear", "weights": [0.4656077759225366, 4.531618526050994, 3.5564261610548606, 0.6496778448478722, 0.6439422593967777, 1.0991577279645597, 0.05390821086962445, 0.5832567769471942, 0.19213099711775206, 0.3189230165639158, 2.1380500725005023, 0.39456570801012625, 1.367093760610969, 3.7365861803023335, 2.9901055211407144, 3.896838274895831], "scale": [0.09199963182429603, 35.96140016475422, 0.4261549263658497, 1.601432716260378, 1.601432716260378, 2.420221909623704, 0.09859629005797582, 0.1332182274311604, 9.042306375338375, 1.127203775778837, 0.6084299906471051, 1.1620358667906252, 1.9936171909616018, 0.46834287931577423, 0.4658563832822701, 0.7189532086956002], "bias": null, "scaled_weights": [5.0609743396774665, 0.12601340618801699, 8.34538319522254, 0.40568538300190476, 0.40210384917106856, 0.4541557629876413, 0.5467569909367357, 4.37820550681466, 0.021248007880131384, 0.28293288526607113, 3.514044516817039, 0.3395469273249367, 0.6857353391658729, 7.978313208821069, 6.418513577239018, 5.420155620371847], "columns": ["p_compt_mean_nonfinal_tango", "rsg_norm_2v", "rsg_mean_1_tango", "-log_p_abs_min", "-log_p_abs_final", "cross_compt_dist_mean_tango", "p_compt_mean_nonfinal", "p_compt_mean_tango", "cross_total_dist_min", "-log_p_abs_mean", "-log_p_compt_mean", "cross_compt_dist_min_tango", "-log_p_compt_max_tango", "rsg_wmean_1v_tango", "rsg_wmean_1v", "cross_compt_ge_dist_mean_tango"]}