{"model": "linear", "weights": [0.37551117566555875, 4.285603368864417, 1.082769933705547, 0.8992814954399515, 14.907269803986926, 2.964864776626569, 1.225301876226883, 0.13502713294490987, 1.095660335185877, 0.7627028929771131, 9.269050970184564, 0.7831475712944191, 0.9630001846190801, 1.0354331546363487, 3.8788268688766956, 0.9078472362225546, 0.46415918312245646, 0.3580964956864914, 4.130367694908953, 0.6893396348897569, 2.476332415755319, 12.609892924346385, 1.6332567474845237, 2.823716419329157, 1.3922578105632175, 8.718857198350609, 0.13040462725496188, 0.9901470042519278, 0.2589071027673432], "scale": [2279.4260227014133, 1.7329180221000564, 0.1965424031359967, 0.36723169067093364, 64.04918323177633, 0.5249672634021163, 9.042306375338375, 766.6233344965004, 0.6084299906471051, 0.09199963182429603, 0.4261549263658497, 766.6718400272076, 0.42363632227642195, 1.127203775778837, 0.7189532086956002, 10140.539943522452, 0.09108687608333699, 8.708497176862368, 5.3131816655420545, 0.36723169067093364, 1.0853101433917658, 35.96140016475422, 1.601432716260378, 0.21375083461180985, 1.601432716260378, 0.4658563832822701, 0.3520591394200337, 0.08972618057006633, 163.05354084554054], "bias": null, "scaled_weights": [0.00016473935627905558, 2.4730560327780884, 5.509090742908689, 2.4488123391446988, 0.2327472272369443, 5.647713644870712, 0.13550767087130805, 0.00017613230235627043, 1.8007993557657642, 8.2902820136688, 21.7504254831192, 0.001021489939250445, 2.2731766233933177, 0.9185855981727176, 5.395103355772022, 8.952651843775507e-05, 5.0957855080877845, 0.04112035502955883, 0.777381229348116, 1.8771245848372478, 2.281681813104951, 0.3506507774050841, 1.0198722249776813, 13.210317632009588, 0.8693826449445718, 18.715762005707475, 0.3704054593492007, 11.03520731587066, 0.0015878655650453126], "columns": ["cross_abs_dist_mean", "ge_distances_mean", "-log_p_compt_mean_nonfinal_tango", "p_abs_max", "rsg_mean_1v", "-log_p_compt_mean_tango", "cross_total_dist_min", "cross_abs_ge_dist_mean_tango", "-log_p_compt_mean", "p_compt_mean_nonfinal_tango", "rsg_mean_1_tango", "cross_total_ge_dist_mean_tango", "rsg_mean_1", "-log_p_abs_mean", "cross_compt_ge_dist_mean_tango", "cross_total_dist_max", "cross_compt_mean_nonfinal", "cross_abs_dist_min", "distances_mean", "p_abs_final", "cross_abs_ge_dist_min_tango", "rsg_norm_2v", "-log_p_abs_final", "rsg_mean_1_first", "-log_p_abs_min", "rsg_wmean_1v", "p_compt_min_tango", "cross_compt_mean_nonfinal_tango", "cross_total_mean_tango"]}