{"model": "linear", "weights": [-0.15193616633554707, 0.1547246022443379, 0.9465540740015101, 1.913014112615589, 3.285772968565208, 2.281161907901563, 0.6740484814551674, 0.2786934411428002, 0.2891866368168074, 1.0845349447061974, -0.0693136355242636, 0.8998862960930615, 0.28771807139189504, 0.35167705624925216, 0.22256982474630543, 1.4018527932034452, -0.232357469017576, 0.39962113489779033, 1.76561921585995, 3.519314594593461, 0.49627698757773275, -0.41242751506258496, 2.6855789294745516, 3.699440959663394], "scale": [0.4885169611233239, 0.09199963182429603, 2.164621584344692, 35.96140016475422, 0.4261549263658497, 64.04918323177633, 1.601432716260378, 1.601432716260378, 0.21409776147376652, 2.420221909623704, 1.4662094072160536, 0.1332182274311604, 0.08972618057006633, 9.042306375338375, 1.127203775778837, 0.6084299906471051, 0.7074632003475282, 1.1620358667906252, 1.9936171909616018, 0.46834287931577423, 2.4218667523384307, 0.0407740817417473, 0.4658563832822701, 0.7189532086956002], "bias": null, "scaled_weights": [-0.3110151303368799, 1.6817958852252377, 0.43728385637809564, 0.05319631893784089, 7.710278035702926, 0.035615784508081345, 0.4209034039401836, 0.17402756813511186, 1.35072237479812, 0.4481138445998205, -0.04727403547073947, 6.754978755126219, 3.2066234131878453, 0.03889240661081802, 0.19745305110650618, 2.304049462966944, -0.32843753414090615, 0.3438974185895708, 0.8856360307609109, 7.5143975707178585, 0.20491506689975947, -10.114943058063117, 5.764821575595573, 5.145593503053287], "columns": ["cross_compt_ge_dist_min_nonfinal", "p_compt_mean_nonfinal_tango", "-log_p_compt_max", "rsg_norm_2v", "rsg_mean_1_tango", "rsg_mean_1v", "-log_p_abs_min", "-log_p_abs_final", "rsg_mean_1_first_tango", "cross_compt_dist_mean_tango", "cross_compt_ge_dist_max", "p_compt_mean_tango", "cross_compt_mean_nonfinal_tango", "cross_total_dist_min", "-log_p_abs_mean", "-log_p_compt_mean", "cross_compt_ge_dist_mean_nonfinal", "cross_compt_dist_min_tango", "-log_p_compt_max_tango", "rsg_wmean_1v_tango", "-log_p_compt_sum_tango", "p_abs_min_tango", "rsg_wmean_1v", "cross_compt_ge_dist_mean_tango"]}