{"model": "linear", "weights": [0.008923574332150968, -0.0008767085507649639, 9.114778204146136e-07, -4.284728499729564e-07, 1.0123544486755671e-05, 1.0141266115397334e-06], "scale": [155383.850037125, 53502.88413678559, 2.703992927097108, 0.7869990139718835, 4110.831970396861, 1.601432716260378], "bias": null, "columns": ["rsg_sum_2v", "rsg_sum_2v_first", "cross_compt_ge_dist_sum_nonfinal", "-log_p_compt_sum_nonfinal", "cross_abs_ge_dist_final", "-log_p_abs_final"]}