{"model": "linear", "weights": [5.786450403271821, 1.7283450582151563, 0.981712871097947, 5.099449053548509, 2.913196961896035, 2.120801669634837, 2.3471028995128247, 0.5695806635169438, 0.49594515166432773, 1.6543704426005854, 0.863895540931536, 0.16557238915417377, 35.077013051740394, 0.43627443105663044, 1.860957683082919, 18.358156398444788, 1.4169852846079414, 2.9414028475284413, 4.733724317718647, 13.39857557640534, 0.5728274154457135, 9.520322377850189], "scale": [0.5249672634021163, 0.1332182274311604, 1.9936171909616018, 0.6084299906471051, 2.420221909623704, 1.601432716260378, 10.103315074256233, 1.1620358667906252, 0.36723169067093364, 9.042306375338375, 0.09199963182429603, 0.21409776147376652, 35.96140016475422, 0.36723169067093364, 1.127203775778837, 0.4658563832822701, 0.08972618057006633, 1.601432716260378, 0.46834287931577423, 0.7189532086956002, 1.0853101433917658, 0.4261549263658497], "bias": null, "columns": ["-log_p_compt_mean_tango", "p_compt_mean_tango", "-log_p_compt_max_tango", "-log_p_compt_mean", "cross_compt_dist_mean_tango", "-log_p_abs_min", "cross_compt_dist_sum_tango", "cross_compt_dist_min_tango", "p_abs_max", "cross_total_dist_min", "p_compt_mean_nonfinal_tango", "rsg_mean_1_first_tango", "rsg_norm_2v", "p_abs_final", "-log_p_abs_mean", "rsg_wmean_1v", "cross_compt_mean_nonfinal_tango", "-log_p_abs_final", "rsg_wmean_1v_tango", "cross_compt_ge_dist_mean_tango", "cross_abs_ge_dist_min_tango", "rsg_mean_1_tango"]}