{"model": "linear", "weights": [1.2973698602112558, 8.571233636383711, 0.1428111634272178, 0.4581179614294328, 0.058061447131217796], "scale": [155383.850037125, 53502.88413678559, 2.703992927097108, 4110.831970396861, 1.601432716260378], "bias": null, "scaled_weights": [8.349451116710537e-06, 0.00016020133820207668, 0.05281491752292925, 0.00011144166551405067, 0.036255939161029066], "columns": ["rsg_sum_2v", "rsg_sum_2v_first", "cross_compt_ge_dist_sum_nonfinal", "cross_abs_ge_dist_final", "-log_p_abs_final"]}