{"model": "linear", "weights": [5.204569250142192, 0.2517391091982365, 0.20700920962937489, 3.6202429265626486, 0.36552254840881254, 1.6729611158886075, 0.04782388357834762, 0.8811086684538053, 0.02737336851117798, 1.5832907041022752, 0.26156945554004646, 6.954430485268344, 1.284017913566059, 0.4746526525587036, 2.0568505671870776, 0.8224039788113834, 0.25739591907383236, 1.9851003007922743, 16.029897948586722, 6.70137640589552, 0.9614458719816773, 0.6402081442309924, 2.4206268179281527, 0.28837102338658177, 0.007394995571417637, 0.18340090038393514, 0.2345813250051666, 6.2476811220580935, 2.9981397009142396, 3.6582425401419334, 0.6287086472520858, 0.31186399928784575, 1.9365985605679077, 0.46756833913715184, 3.084079861738783, 4.950150497169656, 1.4229458223810276, 2.9585335244663207, 1.2061699033599615, 0.6259144971175011, 0.39443001068688616, 0.9825691118095984], "scale": [1.7329180221000564, 0.36723169067093364, 200.82250330110892, 0.7189532086956002, 0.5402900929110258, 0.21409776147376652, 0.42992406377658965, 1.1620358667906252, 0.48082475646658024, 40.20285830429307, 1.2603161809186687, 2.9640252896503516, 8.678771301320403, 0.543664319034312, 5.3131816655420545, 0.17451250826225634, 0.36723169067093364, 1.0853101433917658, 33.6385215388613, 0.46834287931577423, 0.5538487286351177, 0.6006366548505075, 0.09108687608333699, 0.058966902303657226, 0.7166259968023543, 1.601432716260378, 0.22391579856011207, 0.4658563832822701, 3.26053824141153, 22.71963640955836, 2279.4260227014133, 0.1965424031359967, 1.1976369516195147, 9.042306375338375, 0.6084299906471051, 1.127203775778837, 0.12322559836652847, 0.5532506452051402, 0.1975518750113046, 1.601432716260378, 623.2785034999596, 4.337194179849161], "bias": null, "scaled_weights": [3.0033557177938373, 0.6855048613541719, 0.0010308068380115237, 5.0354360795341195, 0.6765301700044429, 7.814005641033272, 0.11123797807046998, 0.7582456735068771, 0.05693003145748085, 0.03938254071684259, 0.20754272578598765, 2.346279065010514, 0.14794927403729446, 0.8730619905345436, 0.3871221984609548, 4.712578983596291, 0.7009087875928384, 1.8290626996155421, 0.47653396211447624, 14.308697114571057, 1.735935865287667, 1.065882574866054, 26.574924094591612, 4.890387863713446, 0.010319184071488798, 0.11452301337530303, 1.0476318621269203, 13.411174229360125, 0.91952293729771, 0.16101677307665352, 0.00027581884254659206, 1.586751735563408, 1.617016373742582, 0.051708968898950276, 5.068914927186055, 4.39153115305116, 11.54748559750179, 5.347546451336399, 6.105585701431283, 0.39084657804364054, 0.0006328310834915739, 0.22654487465068263], "columns": ["ge_distances_mean", "p_abs_max", "rc_mean_1v_penalty_removed_tango", "cross_compt_ge_dist_mean_tango", "rsl_wmean_1v", "rsg_mean_1_first_tango", "first_is_not_largest", "cross_compt_dist_min_tango", "cross_compt_ge_dist_min_nonfinal_tango", "rth_sum_1v", "rth_wmean_1v", "c_penalty_ell_mean_1_tango", "ge_distances_sum", "rc_cap_wmean_1v", "distances_mean", "rc_cap_norm_2_tango", "p_abs_final", "cross_abs_ge_dist_min_tango", "rsl_norm_2v", "rsg_wmean_1v_tango", "rth_mean_1_penalty_removed_tango", "rth_norm_2_tango", "cross_compt_mean_nonfinal", "-log_p_compt_min_tango", "-log_p_compt_sum_nonfinal_tango", "-log_p_abs_final", "rth_cap_norm_2_tango", "rsg_wmean_1v", "rc_wmean_1v_tango", "distances_sum", "cross_abs_dist_mean", "-log_p_compt_mean_nonfinal_tango", "rth_mean_1", "cross_total_dist_min", "-log_p_compt_mean", "-log_p_abs_mean", "cross_compt_max_tango", "rth_mean_1_penalty_removed", "rsg_norm_2_tango", "-log_p_abs_min", "rc_norm_2v", "rc_wmean_1v"]}