{"model": "linear", "weights": [4.828520534657722e-10, 4.676235829606076e-10, 2.560944812137888e-10, 8.418938271605115e-11, 1.101956173228114e-10, 6.56486735715824e-11, 1.7305463868765902, 8.424243873426098e-11, 7.859452380571764e-11, 3.533455672847477e-10, 0.02910630072933199, 9.127944165940326e-11, 1.4938542774195555e-09, 1.5303423402166912e-10, 6.259354047104474e-11, 7.766007776083687e-11, 2.457573839586204e-10, 1.0428988589260997e-10, 6.857809488159237e-11, 4.749229346744319e-08, 0.22499059841634103, 1.773670763036698e-10, 16.089215806477917, 7.175425682995308e-11, 0.19814503210192308, 7.705151546478875e-11, 0.6690492810910994, 0.6882329321842292, 1.7369494697923535e-10, 3.2151751992162987e-10, 6.564867356933219e-11, 4.891955393004299e-10, 5.5708831711328137e-11, 6.259354048303428e-11, 0.14227905539412647, 4.217809733729576e-11, 4.2418297437840986e-11, 0.2584687257027081, 6.758647913354793e-11, 1.774277136017568e-10, 1.2246216567688426e-10, 7.705151546478872e-11, 2.5513791543539125e-10, 7.511266299222938e-11, 4.634770419175189e-11, 4.7193521984933065e-11, 4.878938282467107e-10, 5.961020605653043e-11, 6.707382986686606e-11, 7.015669764996113e-11, 4.819641462472265e-10, 7.901818222712721e-11, 7.471323611139559e-11, 0.01042985866530612, 0.59526665080913, 6.164563860857772e-11, 0.17366739922744573, 1.6620767041092307e-09, 1.6932627165482135e-06, 2.618114793121853e-10, 1.5019304055141465e-10, 1.8844732736621594e-10, 1.340004457029796e-10, 4.1297139331834274e-11, 0.5222868994869404, 0.013669359756439622, 3.2160506518558126e-10, 1.2800429238369584e-10, 7.705151546478834e-11, 6.706546235564006e-11, 1.7736707630369122e-10, 0.3662167780518818, 8.912600244772733e-11, 6.8566400733216e-11, 0.7223555156248143, 1.1672256652793482e-10, 0.11288613251295426, 6.574553473023958e-10, 3.230247934363696e-10, 3.7301554975172033, 4.676582871835914e-10, 3.409846336126153, 5.2393013719114507e-11, 1.816580280047814e-10, 7.318766465292459e-11, 4.7383303281386064e-11, 2.324839290297993e-10, 1.6789079085692906e-09, 9.479512199160222e-11, 5.7066377692158175e-11, 2.1656325946625628e-10, 7.514076245101047e-11, 1.1491735904386381e-10, 1.7380074760721256e-10, 9.44636527184381e-11, 3.0453055585062893e-10, 7.19888719659199e-11, 2.536795322982644e-10, 7.837393329127746e-11, 2.449723455567466e-10, 3.962654344984283, 6.141379684545213e-11, 3.569769045388649e-10, 7.705151546478858e-11], "scale": [10140.539943522452, 10167.71999916096, 4110.816211922031, 5.720865135808337, 0.7869990139718835, 1.2611234295686164, 5.3131816655420545, 4.327960860341336, 238.27417713172204, 0.48044382949640846, 0.4885169611233239, 10.077907951487141, 0.14191435089513352, 22.71963640955836, 0.6364397517941597, 0.08199323041843305, 4123.263963202542, 2.164621584344692, 0.8662048025870851, 35.96140016475422, 0.36723169067093364, 868.5048888508767, 64.04918323177633, 47827.30742610575, 0.2261573231269946, 0.992565385308932, 1.601432716260378, 1.601432716260378, 871.8361771041352, 899.5732515964763, 1.261123429568616, 10140.49932626295, 0.7871009719888403, 0.6364397517941597, 0.21375083461180985, 0.3998970272255298, 0.14601883105541327, 0.09859629005797582, 1.4662094072160536, 868.4800892234279, 8.708497176862368, 0.37644606025452726, 4110.848512554627, 7.303358237366297, 2.656477160739345, 1.1681864888448454, 10140.214462295236, 2.2140630440843605, 0.08060055641253036, 53502.88413678559, 214.3195371648319, 0.0765136846367669, 85.07289438663827, 0.42992406377658965, 1.8466765957072728, 841.4849764931672, 9.042306375338375, 2279.4260227014133, 199.5796602185848, 0.22351434936122025, 0.7192865363769918, 2.43107446391819, 0.12232437491732263, 0.35912053623971346, 1.127203775778837, 0.42992406377658954, 899.6286752819528, 0.41524305767843556, 0.39248741072373394, 23379.244046614956, 868.5048888508767, 0.36723169067093364, 0.9386358757472293, 2.5177842244844952, 0.6084299906471051, 0.7074632003475282, 199.57784037656205, 1.7106710466758084, 1.5283808388405522, 1.7329180221000564, 10169.046489361092, 0.42363632227642195, 8.678771301320403, 0.8483633223693582, 0.7475731653346568, 3.477627568708073, 2.703992927097108, 2279.705619879433, 0.07636650353370997, 0.4054090912781989, 0.088015715360907, 155383.850037125, 2.644232767414133, 871.8586365301849, 33.00520700474345, 0.09108687608333699, 0.6349777491789669, 4110.831970396861, 1.948750417011882, 4123.577734449815, 0.4658563832822701, 0.04801670574719098, 0.19622567410861258, 0.047970882542836234], "bias": null, "scaled_weights": [4.761601020803702e-14, 4.59909972933161e-14, 6.229772094190771e-14, 1.4716197763357254e-11, 1.400200195508101e-10, 5.2055708451977913e-11, 0.32570811536519123, 1.946469514227931e-11, 3.298491038845105e-13, 7.354565624354409e-10, 0.059580942005377446, 9.05737997397899e-12, 1.0526449707143623e-08, 6.7357695018959995e-12, 9.834951430137732e-11, 9.471523120203588e-10, 5.960263183532409e-14, 4.817926913732694e-11, 7.917076270735382e-11, 1.3206463944635394e-09, 0.6126666192813653, 2.0422116050301697e-13, 0.2512009520598488, 1.500277993713424e-15, 0.8761380324202824, 7.762865460073119e-11, 0.4177816990360013, 0.42976075435212285, 1.9922888214638586e-13, 3.574111606264764e-13, 5.205570845019364e-11, 4.8241760446002786e-14, 7.077723658575025e-11, 9.834951432021577e-11, 0.6656304086602405, 1.0547239530617614e-10, 2.904988153325477e-10, 2.621485306908864, 4.609606158637114e-11, 2.0429681210125154e-13, 1.4062376457129062e-11, 2.0468142344932956e-10, 6.206453841735936e-14, 1.0284674604612598e-11, 1.7447055399810965e-11, 4.0398962353690726e-11, 4.811474452151538e-14, 2.692344566059211e-11, 8.321757671692525e-10, 1.3112694536354032e-15, 2.2488110632515536e-12, 1.0327326752364614e-09, 8.782260983367954e-13, 0.02425976944320568, 0.32234482864669883, 7.32581571039828e-14, 0.019206095438338525, 7.291645736936247e-13, 8.484144700385342e-09, 1.171340811274149e-09, 2.088083579430376e-10, 7.751606549414093e-11, 1.0954517102053345e-09, 1.1499520401770724e-10, 0.46334736514351044, 0.03179482357038502, 3.574864541581969e-13, 3.0826353389108897e-10, 1.9631589029239909e-10, 2.8685898578209315e-15, 2.0422116050304164e-13, 0.997236315261361, 9.495269118791768e-11, 2.7232834357461533e-11, 1.1872450844451994, 1.6498747421858412e-10, 0.0005656245818672129, 3.8432599217714535e-10, 2.1135098349009663e-10, 2.152528538538004, 4.598841077901039e-14, 8.048994283122953, 6.036916044917942e-12, 2.1412763047963502e-10, 9.790033677862364e-11, 1.3625180484461366e-11, 8.597800929878326e-11, 7.364582049230036e-13, 1.2413180858772383e-09, 1.4076245185384412e-10, 2.4605067240349317e-09, 4.835815461713524e-16, 4.345962294244036e-11, 1.993451005989953e-13, 2.862083328393061e-12, 3.343297837682001e-09, 1.133722749482203e-10, 6.171002223517642e-14, 4.0217532531155116e-11, 5.940771857170576e-14, 8.506171616807588, 1.2790089592734064e-09, 1.8192160947362838e-09, 1.6062142570753085e-09],