{"model": "linear", "weights": [-0.787837169427063, 8.859213251866091, 1.3191419003679887, 0.20664901895584167, 5.051961705226862, 4.849606466696741, 2.249759975504992, 2.0979192582572286, 1.0070247706095175, 1.3649348689739398, 0.9478790509599785, -0.27606262167778467, 3.076134621918495, 3.1692377468970845, 0.5334899234853308], "scale": [1.7106710466758084, 1.7329180221000564, 0.42992406377658965, 0.42992406377658954, 0.5402900929110258, 33.6385215388613, 3.7724945378172055, 4.337194179849161, 0.4235973599444964, 1.1976369516195147, 7.473447370602289, 1.3328099433111336, 0.5532506452051402, 0.6434928479912737, 7.595329527219522], "bias": null, "scaled_weights": [-0.4605427624194584, 5.11230949120718, 3.068313712845536, 0.4806639971267741, 9.350461486360832, 0.14416824060160244, 0.5963587098542813, 0.48370425008967205, 2.3773159746356, 1.1396900096712907, 0.12683290641593004, -0.20712827291185665, 5.560110319939876, 4.925055121887015, 0.07023920707764596], "columns": ["tango_v_sigma", "ge_distances_mean", "first_is_not_largest", "first_is_not_closest", "rsl_wmean_1v", "rsl_norm_2v", "c_penalty_ell_mean_1", "rc_wmean_1v", "rc_mean_1_penalty_removed", "rth_mean_1", "rth_norm_2v", "rth_cap_mean_2", "rth_mean_1_penalty_removed", "rth_wmean_1v_penalty_removed", "rth_mean_1v_penalty_removed"]}