{"model": "linear", "weights": [0.4646441667768689, 0.849055531274884, 1.0563663248036947, 0.056200078730408054, -0.05627065193351744, 2.020281317879624, 0.6380605392635031, 0.15762766722645097, 1.4680418297827744, 0.1456975818684084, -0.08400880537132108, 2.945319320163825, 1.8253492609620263, 1.3804639575194313, -0.11402769284949976, 0.6997840480087482, 1.3963582496201916, 1.2148016148430065, 0.42154953838424014, -0.04744744963861203, 1.4921496269458547, 1.655910506041457, 1.0012060631759183, 0.1593379331255982, 1.944478782835226, 1.7843838224203037, 1.3981547629341344, 0.2506472186220427, 5.6151728219592085, 0.5754780302628217], "scale": [0.5538487286351177, 2.164621584344692, 1.601432716260378, 13.973363326582698, 0.42992406377658954, 0.6084299906471051, 0.6473992353638894, 0.4235973599444964, 7.597408949214924, 0.09199963182429603, 1.3328099433111336, 0.21409776147376652, 1.127203775778837, 4.337194179849161, 1.7106710466758084, 1.1620358667906252, 0.4658563832822701, 1.1976369516195147, 7.473447370602289, 9.00016079759795, 0.5532506452051402, 0.7189532086956002, 5.3131816655420545, 0.17451250826225634, 2.9640706279447318, 0.5370611863368625, 1.601432716260378, 0.42992406377658965, 1.7329180221000564, 33.6385215388613], "bias": null, "scaled_weights": [0.8389369565258715, 0.392242014685409, 0.659638281444938, 0.004021943566263245, -0.13088509500775128, 3.3204827982442526, 0.9855750584951847, 0.3721167366272179, 0.19322927587496447, 1.583675705862242, -0.0630313465118784, 13.75688984270261, 1.619360492028878, 0.3182850248976958, -0.06665670356149385, 0.6022052055427948, 2.9974007005805374, 1.0143321089085309, 0.05640630320653041, -0.00527184465985044, 2.6970589910339453, 2.3032243072477305, 0.18843813861459122, 0.9130459169502403, 0.6560163460691608, 3.3224963334086097, 0.8730649428713229, 0.5830034644264335, 3.2402991661165816, 0.017107708779590506], "columns": ["rth_mean_1_penalty_removed_tango", "-log_p_compt_max", "-log_p_abs_final", "rth_mean_1v", "first_is_not_closest", "-log_p_compt_mean", "rth_wmean_1v_penalty_removed_tango", "rc_mean_1_penalty_removed", "rth_mean_1v_penalty_removed_tango", "p_compt_mean_nonfinal_tango", "rth_cap_mean_2", "rsg_mean_1_first_tango", "-log_p_abs_mean", "rc_wmean_1v", "tango_v_sigma", "cross_compt_dist_min_tango", "rsg_wmean_1v", "rth_mean_1", "rth_norm_2v", "rth_wmean_2v_tango", "rth_mean_1_penalty_removed", "cross_compt_ge_dist_mean_tango", "distances_mean", "rc_cap_norm_2_tango", "rc_mean_1_tango", "rsl_wmean_1v_tango", "-log_p_abs_min", "first_is_not_largest", "ge_distances_mean", "rsl_norm_2v"]}