{"model": "linear", "weights": [-0.20245553604793962, 1.161564768307936, -0.5425887187723191, 1.348905600705991, 0.5842193718746507, -0.2867954095404504, 2.43102528320722, 1.1320984762011015, 0.7272823703569483, 0.3930905811515394, 0.5252161935991836, 0.411307374451552, 0.029086473932201817, 0.21420101061285055, 0.4101682316282123, 1.0062585840508422, -0.5782359366691908, 2.9759048896028286, 0.08776229028838214, 9.485092954300073, 0.33203244763175715], "scale": [0.7608165262998224, 0.4235973599444964, 1.7374066601320535, 5.3131816655420545, 1.1976369516195147, 1.3328099433111336, 0.5402900929110258, 0.6434928479912737, 3.7724945378172055, 13.973363326582698, 0.7871009719888403, 0.42992406377658965, 0.42992406377658954, 0.5532506452051402, 2.5825886301091328, 4.337194179849161, 1.7106710466758084, 1.7329180221000564, 0.5457937966516953, 33.6385215388613, 0.66646472279015], "bias": null, "scaled_weights": [-0.26610296838919606, 2.7421435498562476, -0.3122980538885922, 0.2538790663707477, 0.48781007556975853, -0.21518102485637022, 4.499481510218174, 1.7593023445949063, 0.19278553303824253, 0.028131422046668627, 0.6672793101399324, 0.9566977266601392, 0.06765491021064741, 0.38716811714413235, 0.15882058290130388, 0.23200680954658986, -0.3380170242507022, 1.7172796702734066, 0.16079752248336507, 0.2819711604549061, 0.49819958398053776], "columns": ["rc_cap_mean_2", "rc_mean_1_penalty_removed", "rth_cap_wmean_2v", "distances_mean", "rth_mean_1", "rth_cap_mean_2", "rsl_wmean_1v", "rth_wmean_1v_penalty_removed", "c_penalty_ell_mean_1", "rth_mean_1v", "tango_sigma", "first_is_not_largest", "first_is_not_closest", "rth_mean_1_penalty_removed", "rc_norm_2", "rc_wmean_1v", "tango_v_sigma", "ge_distances_mean", "rc_wmean_1v_penalty_removed", "rsl_norm_2v", "c_penalty_sum_1"]}