{"model": "linear", "weights": [1.5269986608755488, 0.9301729687820701, 4.209278949349634, 2.3678007556967358, 0.09057282177114406, 0.07217876981130869, 2.726309815631562, 1.8238274802956664, 0.2522394011998129, 5.452854704495789, 2.964951297332134, 7.027623575098], "scale": [1.1976369516195147, 7.473447370602289, 0.6434928479912737, 3.7724945378172055, 13.973363326582698, 1.2603161809186687, 7.595329527219522, 0.42992406377658965, 0.42992406377658954, 0.5532506452051402, 4.337194179849161, 1.7329180221000564], "bias": null, "scaled_weights": [1.2750096419542265, 0.12446370766468742, 6.541298730031441, 0.6276485577277373, 0.006481819706129004, 0.05727036667790474, 0.35894556067136196, 4.242208412980157, 0.586706868613173, 9.856029544211234, 0.6836104574490712, 4.055369893713434], "columns": ["rth_mean_1", "rth_norm_2v", "rth_wmean_1v_penalty_removed", "c_penalty_ell_mean_1", "rth_mean_1v", "rth_wmean_1v", "rth_mean_1v_penalty_removed", "first_is_not_largest", "first_is_not_closest", "rth_mean_1_penalty_removed", "rc_wmean_1v", "ge_distances_mean"]}