{"model": "linear", "weights": [0.8582137025831156, 1.6250633152702625, 1.1433318694601595, 2.677896597717644, 0.6457252491476495, 0.014410594492447136, 0.37707270560942197, 0.543541235595388, 0.03475740835545875, 0.38059504101376146, 1.8617478142120605, 1.2083467565880397, 1.2729986017885777, 2.9384471118814774, 8.0875239652337], "scale": [0.4235973599444964, 5.3131816655420545, 1.1976369516195147, 0.5402900929110258, 0.6434928479912737, 0.543664319034312, 13.973363326582698, 0.7871009719888403, 1.2603161809186687, 0.42992406377658965, 0.5532506452051402, 2.5825886301091328, 4.337194179849161, 1.7329180221000564, 33.6385215388613], "bias": null, "scaled_weights": [2.026012869144337, 0.30585502577662615, 0.9546564740792937, 4.956405147629898, 1.0034691934235858, 0.026506419472302443, 0.02698510707812807, 0.6905610016234289, 0.027578324298053052, 0.88526107999281, 3.3651073529643, 0.4678820089659337, 0.2935074034044863, 1.695664234780412, 0.24042447751131074], "columns": ["rc_mean_1_penalty_removed", "distances_mean", "rth_mean_1", "rsl_wmean_1v", "rth_wmean_1v_penalty_removed", "rc_cap_wmean_1v", "rth_mean_1v", "tango_sigma", "rth_wmean_1v", "first_is_not_largest", "rth_mean_1_penalty_removed", "rc_norm_2", "rc_wmean_1v", "ge_distances_mean", "rsl_norm_2v"]}