{"model": "linear", "weights": [2.6394297533171684, 2.5777552630235907, -0.675932370434161, 0.2182295474161321, 1.2043586106989743, 0.41140489119132784, 0.4926046300787293, 0.6924764711252817, -0.3510369606098761, 2.628057047752683, 4.1187302248634134, 2.0935722141871134, 5.357523059664389], "scale": [3.7724945378172055, 4.337194179849161, 0.3979341355844085, 0.7703065474657396, 0.6287701388537806, 25.37585494580248, 13.973363326582698, 7.473447370602289, 0.21719403031199278, 0.5532506452051402, 1.3475951441098866, 0.6434928479912737, 7.595329527219522], "bias": null, "scaled_weights": [0.6996510470348787, 0.5943370658846637, -1.698603638115847, 0.28330221018384655, 1.9154195409064199, 0.016212454400846895, 0.03525311827694384, 0.09265823880010474, -1.6162366898649192, 4.750210542959644, 3.0563557926619844, 3.2534506338685896, 0.7053707203176024], "columns": ["c_penalty_ell_mean_1", "rc_wmean_1v", "rc_cap_mean_1", "rc_mean_2_penalty_removed", "rth_norm_2", "rth_sum_2", "rth_mean_1v", "rth_norm_2v", "rth_cap_norm_2", "rth_mean_1_penalty_removed", "rth_mean_2_penalty_removed", "rth_wmean_1v_penalty_removed", "rth_mean_1v_penalty_removed"]}