{"model": "linear", "weights": [2.2049491478449648, -1.6281394489444494, 5.667568569670946, 1.4172952737793916, 8.013285808096827, 1.0524215951330027, 8.430068304245227, 76.09476607033163, 1.435502896431242, 4.925715301643049, 2.9798485575928253, -1.2625862381174469, 0.6220916681117418, 1.4152391520467547, -1.4936445787156543, -1.54813468971617, 3.054037003573554, -0.2958601424492365, 2.9209636060280983, -1.7649456240112023, 0.5319546892580753, 0.034179279965925236, -1.603875945019032, -2.7074505662244945, 2.732714832499298], "scale": [0.7871009719888403, 1.7106710466758084, 22.71963640955836, 8.678771301320403, 1.7329180221000564, 0.42992406377658965, 0.5402900929110258, 33.6385215388613, 0.66646472279015, 4.337194179849161, 2.5825886301091328, 233.22198261665196, 0.543664319034312, 0.1696726764555906, 0.7608165262998224, 1.6100771955661388, 0.4235973599444964, 1.2176681725039065, 1.1976369516195147, 0.6287701388537806, 13.973363326582698, 1929.7669813595455, 1.3328099433111336, 1.7374066601320535, 0.6434928479912737], "bias": null, "scaled_weights": [2.8013548786168023, -0.9517548403641161, 0.2494568340577206, 0.1633059824452065, 4.624157464982582, 2.447924375035435, 15.602855604523324, 2.2621317046417233, 2.1539067970792494, 1.1356916700958857, 1.1538223791633844, -0.0054136673736830615, 1.1442569363697381, 8.340996214656716, -1.9632125842217039, -0.9615282385089688, 7.209764017352993, -0.24297271549839028, 2.4389391142935266, -2.8069806674162643, 0.03806919471177662, 1.771160989698637e-05, -1.2033793363174365, -1.5583286448428324, 4.246690295051043], "columns": ["tango_sigma", "tango_v_sigma", "distances_sum", "ge_distances_sum", "ge_distances_mean", "first_is_not_largest", "rsl_wmean_1v", "rsl_norm_2v", "c_penalty_sum_1", "rc_wmean_1v", "rc_norm_2", "rc_mean_2", "rc_cap_wmean_1v", "rc_cap_norm_2", "rc_cap_mean_2", "rc_sum_1_penalty_removed", "rc_mean_1_penalty_removed", "rc_wmean_2v_penalty_removed", "rth_mean_1", "rth_norm_2", "rth_mean_1v", "rth_mean_2v", "rth_cap_mean_2", "rth_cap_wmean_2v", "rth_wmean_1v_penalty_removed"]}