{"model": "linear", "weights": [14.56651286185062, 1.0358296839092747, 44.21763970260573, 0.4633284142059241, 1.7463220644066486, 0.8682137658635111, 1.4735870940250981, 0.1445111036848816, 0.3255540325548967, 10.951829614226906, 4.383623098398833, 2.5633813064511313, 0.11951433684407592, 6.138777027382413, 0.7571028945163694, 6.282444978674059, 1.0688348708498232, 0.665969544960655, 0.49577910163332634, 1.8621897508111231, 14.382086418446168, 0.2503530537013249, 0.00849294248470309], "scale": [1.7329180221000564, 0.36723169067093364, 64.04918323177633, 2279.705619879433, 1.8466765957072728, 9.042306375338375, 0.6084299906471051, 199.5796602185848, 0.2261573231269946, 0.42363632227642195, 1.127203775778837, 0.09108687608333699, 199.57784037656205, 5.3131816655420545, 0.36723169067093364, 35.96140016475422, 1.601432716260378, 0.21375083461180985, 0.7074632003475282, 1.601432716260378, 0.4658563832822701, 0.09859629005797582, 0.4885169611233239], "bias": null, "scaled_weights": [8.405771465287218, 2.820643507146156, 0.6903700792341768, 0.00020324045796335237, 0.9456566831821526, 0.09601684900120644, 2.421950128490283, 0.0007240773109174017, 1.439502502300523, 25.851960840791307, 3.8889357830353135, 28.142158526831555, 0.0005988357055000551, 1.1553862476027592, 2.0616491271032182, 0.1746996765946696, 0.6674241508851756, 3.115634828608336, 0.7007842971758588, 1.1628273432302905, 30.87236095621303, 2.5391731631495893, 0.01738515376246903], "columns": ["ge_distances_mean", "p_abs_max", "rsg_mean_1v", "cross_total_dist_mean", "cross_abs_ge_dist_min", "cross_total_dist_min", "-log_p_compt_mean", "cross_total_mean", "-log_p_compt_mean_nonfinal", "rsg_mean_1", "-log_p_abs_mean", "cross_compt_mean_nonfinal", "cross_abs_mean", "distances_mean", "p_abs_final", "rsg_norm_2v", "-log_p_abs_final", "rsg_mean_1_first", "cross_compt_ge_dist_mean_nonfinal", "-log_p_abs_min", "rsg_wmean_1v", "p_compt_mean_nonfinal", "cross_compt_ge_dist_min_nonfinal"]}