{"model": "linear", "weights": [0.7667273637620468, 1.773911856809265, 4.285869461864449, 0.9371407271599699, 0.5388672717566569], "scale": [0.7871009719888403, 5.3131816655420545, 1.7329180221000564, 0.42992406377658965, 0.42992406377658954], "bias": null, "scaled_weights": [0.9741156357928085, 0.3338699800749782, 2.4732095847618742, 2.1797819803986496, 1.2534010472060477], "columns": ["tango_sigma", "distances_mean", "ge_distances_mean", "first_is_not_largest", "first_is_not_closest"]}