{"model": "linear", "weights": [0.2807785853978521, -0.1803236130232239, 0.6225828850188236, 0.3877148071768377, 0.39002755254992516, 0.3063549839951258], "scale": [0.7871009719888403, 1.7106710466758084, 5.3131816655420545, 1.7329180221000564, 0.42992406377658965, 0.42992406377658954], "bias": null, "scaled_weights": [0.3567249887754338, -0.105411039354194, 0.11717703707676769, 0.22373522707495483, 0.9072010278368676, 0.7125792897099229], "columns": ["tango_sigma", "tango_v_sigma", "distances_mean", "ge_distances_mean", "first_is_not_largest", "first_is_not_closest"]}