{"model": "linear", "weights": [5.3434997444198455e-12, 2.6743775395528397e-12, 0.27540229454334697, 0.6254223356360599, 0.24551712319461844, 0.4000453425957163, 0.33598744608566533], "scale": [238.27417713172204, 841.4849764931672, 0.7871009719888403, 5.3131816655420545, 1.7329180221000564, 0.42992406377658965, 0.42992406377658954], "bias": null, "scaled_weights": [2.242584491841878e-14, 3.178164333602402e-15, 0.34989449174159026, 0.11771145332600892, 0.14167844067839153, 0.9305023289033668, 0.7815041640941074], "columns": ["tango_variance", "tango_v_variance", "tango_sigma", "distances_mean", "ge_distances_mean", "first_is_not_largest", "first_is_not_closest"]}