{"model": "linear", "weights": [-2.980470062516389e-05, -3.0031924097539078e-05, 7.1793029492391035e-06, -5.994612417223195e-06, -7.854276345819242e-06, 1.9942538104146246e-05, -1.7181528922482046e-05, 1.9568220659400335e-05, 7.108209759847661e-06, 5.48261436286438e-06], "scale": [238.27417713172204, 841.4849764931672, 0.7871009719888403, 1.7106710466758084, 22.71963640955836, 5.3131816655420545, 8.678771301320403, 1.7329180221000564, 0.42992406377658965, 0.42992406377658954], "bias": null, "scaled_weights": [-1.250857351977648e-07, -3.568919818710861e-08, 9.121196904507054e-06, -3.5042461429811303e-06, -3.457043151674239e-07, 3.753407912528377e-06, -1.979719055376885e-06, 1.1292063680938792e-05, 1.6533640144277775e-05, 1.275251800214055e-05], "columns": ["tango_variance", "tango_v_variance", "tango_sigma", "tango_v_sigma", "distances_sum", "distances_mean", "ge_distances_sum", "ge_distances_mean", "first_is_not_largest", "first_is_not_closest"]}