{"model": "linear", "weights": [63.823354657750805, 62.769464369598644, 0.8671947943734057], "scale": [155383.850037125, 53502.88413678559, 4110.831970396861], "bias": null, "columns": ["rsg_sum_2v", "rsg_sum_2v_first", "cross_abs_ge_dist_final"]}