{"model": "linear", "weights": [1.1334020486948542, 0.685475865360495, 1.7286202672207154, 25.936890558442116, 0.39550820801654096, 3.2475553581160246, 1.308683677253217, 1.136188411715995, 0.5049665198140169, 6.782803479739988, 1.2307995097059414, 0.13712704840481044, 4.613609491998099, 1.1310492274399548, 0.7735751323811386, 0.8316308093500636, 0.7738315598888819, 1.5956227880494591, 0.9935439926684236, 4.836447557795712, 1.918453227471629, 1.2946894256927504, 0.9385739804865205, 1.9427218297073399, 6.716774601718852, 0.04283812664059425, 0.7775847491534863], "scale": [0.1965424031359967, 0.36723169067093364, 10.103315074256233, 64.04918323177633, 2279.705619879433, 0.5249672634021163, 9.042306375338375, 0.6084299906471051, 0.09199963182429603, 0.4261549263658497, 766.6718400272076, 1.127203775778837, 0.7189532086956002, 10140.539943522452, 0.09108687608333699, 0.12322559836652847, 0.36723169067093364, 1.0853101433917658, 2.43107446391819, 35.96140016475422, 1.601432716260378, 0.21375083461180985, 0.7074632003475282, 1.601432716260378, 0.4658563832822701, 0.3520591394200337, 0.09859629005797582], "bias": null, "scaled_weights": [5.76670494819686, 1.866603244693093, 0.17109436402961725, 0.40495271367604585, 0.00017349091240888298, 6.186205473213385, 0.1447289687974374, 1.8674102677081783, 5.488788485354146, 15.916285510488315, 0.001605379831952955, 0.12165240336430123, 6.417120664039584, 0.00011153737707649814, 8.49271778377141, 6.748847807388354, 2.107202563251251, 1.4701998297582344, 0.4086851338428843, 0.13448996801119872, 1.1979605561896778, 6.057002902674131, 1.3266753380606418, 1.2131148626986532, 14.418122929634833, 0.121678780193475, 7.886551803280397], "columns": ["-log_p_compt_mean_nonfinal_tango", "p_abs_max", "cross_compt_dist_sum_tango", "rsg_mean_1v", "cross_total_dist_mean", "-log_p_compt_mean_tango", "cross_total_dist_min", "-log_p_compt_mean", "p_compt_mean_nonfinal_tango", "rsg_mean_1_tango", "cross_total_ge_dist_mean_tango", "-log_p_abs_mean", "cross_compt_ge_dist_mean_tango", "cross_total_dist_max", "cross_compt_mean_nonfinal", "cross_compt_max_tango", "p_abs_final", "cross_abs_ge_dist_min_tango", "cross_compt_dist_mean", "rsg_norm_2v", "-log_p_abs_final", "rsg_mean_1_first", "cross_compt_ge_dist_mean_nonfinal", "-log_p_abs_min", "rsg_wmean_1v", "p_compt_min_tango", "p_compt_mean_nonfinal"]}