{"model": "linear", "weights": [2.929026331433608e-13, 2.0680615014357388e-12, 0.6680870530780428, -0.5063725275522788, 1.220917537258832, 0.26819084708662366, 3.4026146920585487e-10, 2.7370502041117373, 0.3338859287968983, 0.019348516100497284, -7.380942338342194e-12, 2.0758517860947676e-10, 1.2634436709284302e-13, 6.417656185850866e-14, 6.752091612213551e-11, 1.5897250572675656e-11, 6.822884592934907e-11, 2.4083029655490855, -1.617615678370683e-13, -1.3171754482210175e-12, 17.764538176102516, -2.0551861553365336e-10, 0.7126939481211283, 1.803251505389727e-11, 3.0102093145034505e-11, 0.7108075661966461, -9.332908012816456e-12, -5.813631778102375e-11, 3.2013202340490606e-11, 4.461763869132019e-10, 1.2736841714930298, 0.17943681878104176, -1.487534515129057e-11, -0.17056712285089465, -4.8357865893432264e-11, 3.765115748684728e-11, 4.578020948992353e-11, 4.4603409800198966e-11, 6.497350215773227e-12, 5.010180547211637e-12, 3.668213491104365e-12, -1.578705178389721e-11, 0.2648214671731887, 0.6560553919674126, 1.6621049870284553e-11, -0.4971591745692459, -2.610913727091047e-11, -0.855330202050426, 1.0244368848942051, -5.6754070900666597e-11, 6.687119911204961e-12, 3.9636846250646776e-11, -6.406366283950067e-11, 8.818386128071641e-12, 9.683101929482714e-12, 9.578833227340046e-12, 4.600381859312497e-12, 4.947650953613266e-12, 8.685645769434704e-12, 1.0017053913397132e-11, 4.600368838847403e-12, 4.947898464285788e-12, 2.5717562199610018e-11, 0.7635633650746115, -7.31567401767055e-11, -0.30655813418527306, 2.2649616719967373e-10, 2.490963273118703e-11, -0.02943142097486054, 2.878782351180951e-11, 0.27167122670638816, 7.410660046541052e-12, 3.476662489606722e-11, 0.01636422084983613, 3.795405095161524e-12, -5.930639466316737e-11, 4.826286642014899e-12, 2.6397372798580958e-11, 5.612140663645329e-11, -0.5701587337303067, -0.9276844283837617, -1.5343447310663493e-10, 0.305084863875815, -2.24337571487887e-11, 1.823805029876202e-11, 0.9266581652696402, -5.8677213804459305e-12, 9.100359111987529e-12, -5.125907460293533e-12, -2.3056005316346e-11, -1.9295720305429888e-12, -8.344838921923006e-12, 6.430048483144427e-12, -4.204350116114194e-12, -3.646389282735925e-12, -1.1397337339244738e-11], "scale": [238.27417713172204, 841.4849764931672, 0.7871009719888403, 1.7106710466758084, 22.71963640955836, 5.3131816655420545, 8.678771301320403, 1.7329180221000564, 0.42992406377658965, 0.42992406377658954, 2.3133524204175604, 0.7017887753092958, 1070.893488978808, 356.9655052095232, 0.4397715460134327, 330.61578168981686, 99.69769740657071, 0.5402900929110258, 295557.1589603487, 97210.69359732965, 33.6385215388613, 1.9652088674525527, 0.66646472279015, 0.2206275929590759, 11.755027968701482, 3.7724945378172055, 720.368414096746, 229.96953846920044, 11.73617963181699, 3.737708991950296, 4.337194179849161, 2.5825886301091328, 730.3230570802035, 233.22198261665196, 294.62281748766827, 2476.5963756571095, 887.0601153654164, 623.2785034999596, 638366286.2120825, 304020918.855084, 1.5608084364073767, 0.3979341355844085, 0.543664319034312, 0.1696726764555906, 2.7973640163755675, 0.7608165262998224, 1.2068847869736086, 1.6100771955661388, 0.4235973599444964, 2.8240662861582497, 0.7703065474657396, 0.5457937966516953, 1.2176681725039065, 688.1632898444103, 200.80334788715354, 143.33932827752028, 21036873.461330827, 6101106.645181805, 688.1331106483699, 200.8005382687225, 21036873.33102735, 6101106.625306113, 3.977608728955865, 1.1976369516195147, 1.2603161809186687, 0.6287701388537806, 25.37585494580248, 8.28284233511746, 9.623400619381812, 40.20285830429307, 13.973363326582698, 7.473447370602289, 5011.190796000346, 1929.7669813595455, 2.0300590195458823, 0.5066134782096677, 0.5893559489137365, 0.21719403031199278, 4.923794892770277, 1.3328099433111336, 1.7374066601320535, 2.118218078284036, 0.5532506452051402, 4.9746442137544005, 1.3475951441098866, 0.6434928479912737, 1.828008201640765, 24.586307597671478, 7.674625597300401, 4.1406037639947915, 1881.141068108714, 592.1601781106464, 24.362502108964613, 7.595329527219522, 1878.2357793468932, 591.2025205456359], "bias": null, "scaled_weights": [1.2292672108628841e-15, 2.457633302087279e-15, 0.8487945979661617, -0.29600812414301775, 0.05373842764249435, 0.05047650616314145, 3.920617992942007e-11, 1.5794458648394758, 0.7766160513648345, 0.04500449667909671, -3.190582754792689e-12, 2.9579438416920927e-10, 1.1798032987699234e-16, 1.7978365114253774e-16, 1.5353634570999075e-10, 4.808376203768285e-14, 6.843572891268435e-13, 4.457425736928479, -5.473106061990868e-19, -1.3549697049555872e-17, 0.5281010390299058, -1.0457851017131914e-10, 1.069364849706433, 8.173281869254726e-11, 2.560784476666773e-12, 0.1884184480775749, -1.2955742964547914e-14, -2.528000802541502e-13, 2.727736226335719e-12, 1.1937162252976572e-10, 0.29366547096522344, 0.06947944271459883, -2.036817132785248e-14, -0.0007313509684516173, -1.6413482942629292e-13, 1.5202783084448868e-14, 5.1608914319256464e-14, 7.156256721470879e-14, 1.0178091099276243e-20, 1.647972306010894e-20, 2.3502009635133394e-12, -3.967252460187224e-11, 0.48710474074072013, 3.866594231152626, 5.941682874658473e-12, -0.6534547520768831, -2.163349604926407e-11, -0.5312355236170356, 2.4184213164794897, -2.0096578886564535e-11, 8.68111524328226e-12, 7.262238320370926e-11, -5.2611757690739135e-11, 1.2814380334157939e-14, 4.8221815180712897e-14, 6.682627400621272e-14, 2.1868182397772853e-19, 8.109432011847472e-19, 1.2622043082988625e-14, 4.988559293596988e-14, 2.186812063968795e-19, 8.109837719870263e-19, 6.465583709225457e-12, 0.6375582884630242, -5.8046338914239874e-11, -0.487551992758617, 8.925656600868117e-12, 3.0073773860907114e-12, -0.0030583181703549567, 7.160640990726621e-13, 0.01944207850013928, 9.915986129362176e-13, 6.937797084839796e-15, 8.479894727138158e-06, 1.869603326119328e-12, -1.1706438382324828e-10, 8.189086155676216e-12, 1.2153820600254028e-10, 1.1397998466357251e-11, -0.42778697487343686, -0.5339477795677681, -7.243563572591727e-11, 0.5514405930113148, -4.509620424062001e-12, 1.3533775613898204e-11, 1.4400442338439268, -3.209898826044238e-12, 3.701393174162275e-13, -6.679032605964002e-13, -5.5682713513504414e-12, -1.0257455239563542e-15, -1.4092198750257325e-14, 2.6393218785103267e-13, -5.535441353856981e-13, -1.9413905979385937e-15, -1.927822859876484e-14],