{"model": "linear", "weights": [0.706931199176683, 0.9307647133493051], "scale": [4.923794892770277, 11.755027968701482], "bias": null, "scaled_weights": [0.14357446127877638, 0.07918013600882329], "columns": ["rth_cap_sum_2", "c_penalty_ell_sum_1"]}