{"model": "linear", "weights": [4.96198407473821, 0.2899335598008458, 1.9053055028578108, 5.009084709171141, 0.9711330952527297, 0.15664412974912162, 1.6262353420042055, 0.22818656952367875, 4.93807330304288, 0.7077192244827945, 0.2658565736919962, 1.436836453129445, 0.02222528085074463, 1.2687619917141812, 1.66901341686105, 3.4552243506558846, 0.29301964537150355, 0.4110918376513836, 1.6798252871955395, 1.5916485301543253, 0.0876437508498261, 1.0946539773645145, 4.770769617026324, 26.53265326494969, 1.7736073193097086, 1.4219062226557937, 0.25415680408365904, 0.8395303606373875, 0.2874647250557581], "scale": [2.9640252896503516, 13.973363326582698, 1.1976369516195147, 0.5370611863368625, 0.5538487286351177, 3.977608728955865, 1.3489986976977582, 0.4238674140321679, 8.678771301320403, 0.5402900929110258, 11.755027968701482, 0.543664319034312, 0.4235973599444964, 0.17451250826225634, 0.5532506452051402, 0.4383888077173667, 0.42992406377658965, 623.2785034999596, 2.5825886301091328, 3.26053824141153, 0.6434928479912737, 200.82964186738758, 22.71963640955836, 33.6385215388613, 4.337194179849161, 40.20285830429307, 1.2603161809186687, 0.6985752978261425, 1.7106710466758084], "bias": null, "scaled_weights": [1.6740694123171753, 0.020749017471640555, 1.5908873722385948, 9.3268417763284, 1.7534266037694999, 0.039381482801160585, 1.205512907299012, 0.5383442132363621, 0.5689829967395953, 1.3098874729863696, 0.022616413538092503, 2.6428742936112437, 0.052467939964632435, 7.270321218508266, 3.016740118291584, 7.881643622807769, 0.6815613966743936, 0.0006595636386349561, 0.6504424543697286, 0.4881551487233224, 0.1362000387780761, 0.005450659410563206, 0.20998441748914687, 0.7887580087102678, 0.4089296549252935, 0.03536828679924867, 0.2016611449822054, 1.201775045939751, 0.16804208244148527], "columns": ["c_penalty_ell_mean_1_tango", "rth_mean_1v", "rth_mean_1", "rsl_wmean_1v_tango", "rth_mean_1_penalty_removed_tango", "rth_sum_1", "rth_mean_2_penalty_removed_tango", "rc_mean_1_penalty_removed_tango", "ge_distances_sum", "rsl_wmean_1v", "c_penalty_ell_sum_1", "rc_cap_wmean_1v", "rc_mean_1_penalty_removed", "rc_cap_norm_2_tango", "rth_mean_1_penalty_removed", "rsl_norm_2_tango", "first_is_not_largest", "rc_norm_2v", "rc_norm_2", "rc_wmean_1v_tango", "rth_wmean_1v_penalty_removed", "rc_cap_mean_1v_tango", "distances_sum", "rsl_norm_2v", "rc_wmean_1v", "rth_sum_1v", "rth_wmean_1v", "rsl_mean_1_tango", "tango_v_sigma"]}