{"model": "linear", "weights": [8.669775643836777e-13, 1.1889733909213385, 1.2405400521990793, -0.29613414806729066, 2.6695144040593273, 2.2026381035171488e-09, 0.4689016959855622, 1.9432701317404797, 0.2254313025806336, -0.0057008320342320845, -2.25384608473842, 1.730042150468981, 3.635681062928625e-13, -2.727843053666197e-11, -0.15412200534622852, 1.676184428709604e-10, 58.20316684573368, 2.8336211461963594, -4.159460402776178e-10, -2.057216313170706e-07, 6.7284060483151194e-09, -2.458165331316597, 0.5248935224555908, 2.9931970070932564e-10, -1.4558246348120667, -2.516501927439996e-11, 0.8874199492708291, 3.963889100504288e-09, -2.3833726310717185e-09, -7.154377242853904e-11, 1.7358820797050052, 2.0900165075666255, -1.0890035850385799e-10, -1.0774190513470674, -0.5105405697841814, 0.5108589136499836, 1.0392510136036618e-09, 2.9392477069221198e-09, 4.0046796360085765e-10, 2.6918510237374006e-10, 1.0872760559126398e-09, -2.2978640915921866e-09, 1.3619765380949893, 1.2044602054070446, 0.9152348831790833, -1.0158305335937998, -9.037098538365831e-10, -1.3814220682895315, 0.12288863496443682, -7.860794515566969e-10, 0.08037517510218432, -0.3684635028510963, -1.2786959988348114, 5.706248754275888e-10, 1.1120194411470385, 1.867678823020116e-09, 1.1842103525236787e-10, 1.2569906202187743e-10, 5.216648585164977e-10, 7.234484479171117e-09, 1.1842405425135953e-10, 1.257108909702329e-10, 3.5054265401588415e-10, 2.438406902475225, -1.3282415186562224, -1.241977956101296, 1.378667005711607e-09, 5.699551796862839e-10, 0.9087331594509692, 3.0251076174830526e-10, 0.21396961694791353, -2.7895499919707887e-09, 6.504836908194812e-10, -0.3532024428075575, 1.6066842011251033e-09, -0.5669975019756183, -0.4426573657395254, 7.381774010741492e-09, 0.785207245248883, -1.8255841335900054, -0.7652237004114499, -0.9686841422962805, 1.2168759218908147, -1.104641503061204, 0.9570394355669634, 1.9363667038835983, 8.352221249501409e-11, 6.773898736422944, 1.911634244478535, -6.971796937877455, -4.2285441271479516e-11, -2.8403655373611627e-11, 1.1432546661463852e-11, -2.751583830524517, -6.571582104314269e-10, -2.073983332262175], "scale": [238.27417713172204, 841.4849764931672, 0.7871009719888403, 1.7106710466758084, 22.71963640955836, 5.3131816655420545, 8.678771301320403, 1.7329180221000564, 0.42992406377658965, 0.42992406377658954, 2.3133524204175604, 0.7017887753092958, 1070.893488978808, 356.9655052095232, 0.4397715460134327, 330.61578168981686, 99.69769740657071, 0.5402900929110258, 295557.1589603487, 97210.69359732965, 33.6385215388613, 1.9652088674525527, 0.66646472279015, 0.2206275929590759, 11.755027968701482, 3.7724945378172055, 720.368414096746, 229.96953846920044, 11.73617963181699, 3.737708991950296, 4.337194179849161, 2.5825886301091328, 730.3230570802035, 233.22198261665196, 294.62281748766827, 2476.5963756571095, 887.0601153654164, 623.2785034999596, 638366286.2120825, 304020918.855084, 1.5608084364073767, 0.3979341355844085, 0.543664319034312, 0.1696726764555906, 2.7973640163755675, 0.7608165262998224, 1.2068847869736086, 1.6100771955661388, 0.4235973599444964, 2.8240662861582497, 0.7703065474657396, 0.5457937966516953, 1.2176681725039065, 688.1632898444103, 200.80334788715354, 143.33932827752028, 21036873.461330827, 6101106.645181805, 688.1331106483699, 200.8005382687225, 21036873.33102735, 6101106.625306113, 3.977608728955865, 1.1976369516195147, 1.2603161809186687, 0.6287701388537806, 25.37585494580248, 8.28284233511746, 9.623400619381812, 40.20285830429307, 13.973363326582698, 7.473447370602289, 5011.190796000346, 1929.7669813595455, 2.0300590195458823, 0.5066134782096677, 0.5893559489137365, 0.21719403031199278, 4.923794892770277, 1.3328099433111336, 1.7374066601320535, 2.118218078284036, 0.5532506452051402, 4.9746442137544005, 1.3475951441098866, 0.6434928479912737, 1.828008201640765, 24.586307597671478, 7.674625597300401, 4.1406037639947915, 1881.141068108714, 592.1601781106464, 24.362502108964613, 7.595329527219522, 1878.2357793468932, 591.2025205456359], "bias": null, "columns": ["tango_variance", "tango_v_variance", "tango_sigma", "tango_v_sigma", "distances_sum", "distances_mean", "ge_distances_sum", "ge_distances_mean", "first_is_not_largest", "first_is_not_closest", "rsl_sum_1", "rsl_mean_1", "rsl_sum_2", "rsl_mean_2", "rsl_norm_2", "rsl_sum_1v", "rsl_mean_1v", "rsl_wmean_1v", "rsl_sum_2v", "rsl_mean_2v", "rsl_norm_2v", "rsl_wmean_2v", "c_penalty_sum_1", "c_penalty_mean_1", "c_penalty_ell_sum_1", "c_penalty_ell_mean_1", "c_penalty_ell_sum_2", "c_penalty_ell_mean_2", "rc_sum_1", "rc_mean_1", "rc_wmean_1v", "rc_norm_2", "rc_sum_2", "rc_mean_2", "rc_wmean_2v", "rc_sum_1v", "rc_mean_1v", "rc_norm_2v", "rc_sum_2v", "rc_mean_2v", "rc_cap_sum_1", "rc_cap_mean_1", "rc_cap_wmean_1v", "rc_cap_norm_2", "rc_cap_sum_2", "rc_cap_mean_2", "rc_cap_wmean_2v", "rc_sum_1_penalty_removed", "rc_mean_1_penalty_removed", "rc_sum_2_penalty_removed", "rc_mean_2_penalty_removed", "rc_wmean_1v_penalty_removed", "rc_wmean_2v_penalty_removed", "rc_cap_sum_1v", "rc_cap_mean_1v", "rc_cap_norm_2v", "rc_cap_sum_2v", "rc_cap_mean_2v", "rc_sum_1v_penalty_removed", "rc_mean_1v_penalty_removed", "rc_sum_2v_penalty_removed", "rc_mean_2v_penalty_removed", "rth_sum_1", "rth_mean_1", "rth_wmean_1v", "rth_norm_2", "rth_sum_2", "rth_mean_2", "rth_wmean_2v", "rth_sum_1v", "rth_mean_1v", "rth_norm_2v", "rth_sum_2v", "rth_mean_2v", "rth_cap_sum_1", "rth_cap_mean_1", "rth_cap_wmean_1v", "rth_cap_norm_2", "rth_cap_sum_2", "rth_cap_mean_2", "rth_cap_wmean_2v", "rth_sum_1_penalty_removed", "rth_mean_1_penalty_removed", "rth_sum_2_penalty_removed", "rth_mean_2_penalty_removed", "rth_wmean_1v_penalty_removed", "rth_wmean_2v_penalty_removed", "rth_cap_sum_1v", "rth_cap_mean_1v", "rth_cap_norm_2v", "rth_cap_sum_2v", "rth_cap_mean_2v", "rth_sum_1v_penalty_removed", "rth_mean_1v_penalty_removed", "rth_sum_2v_penalty_removed", "rth_mean_2v_penalty_removed"]}