{"model": "linear", "weights": [3.398506710958805, 0.3074245083032716, 2.4749512865832495, 35.519532406988276, 0.63430510377874, 1.0831236559691078, 0.20267643959003734, 0.8860039460028176, 0.31032693418362206, 0.5352905063662584, 4.68484416244333, 0.7428461867188197, 1.207973406654648, 4.5290650185977235, 3.042683228428262, 0.8947001406602911, 1.6278204393223188, 1.7561592643492376, 1.1406105268709605, 0.7419929223965861, 0.32560532969647243, 1.3160196341842676, 0.3929217129287578, 0.32541938365388434, 1.468065495473234, 0.44326224178359613], "scale": [0.42363632227642195, 0.21375083461180985, 0.4658563832822701, 64.04918323177633, 199.57784037656205, 1.8466765957072728, 0.36723169067093364, 0.36723169067093364, 5.720865135808337, 1.601432716260378, 1.127203775778837, 1.601432716260378, 0.48044382949640846, 0.088015715360907, 0.7192865363769918, 10.077907951487141, 2.43107446391819, 0.7074632003475282, 0.14191435089513352, 0.8483633223693582, 0.09859629005797582, 0.6084299906471051, 0.2261573231269946, 199.5796602185848, 10140.539943522452, 9.042306375338375], "bias": null, "scaled_weights": [8.022226924964393, 1.438237697932648, 5.312691583499534, 0.5545665161482682, 0.0031782341295102587, 0.5865259019835435, 0.5519034569694863, 2.41265655582198, 0.054244756136831045, 0.33425725659973665, 4.156164362744754, 0.463863501211274, 2.5142864420192916, 51.4574584780271, 4.230140666547293, 0.08877836004924665, 0.6695888848664645, 2.48233302239121, 8.037316308579712, 0.8746169274790255, 3.3024095481180127, 2.162976274040329, 1.7373822235600112, 0.0016305237883333234, 0.0001447719257208785, 0.04902092711573364], "columns": ["rsg_mean_1", "rsg_mean_1_first", "rsg_wmean_1v", "rsg_mean_1v", "cross_abs_mean", "cross_abs_ge_dist_min", "p_abs_final", "p_abs_max", "-log_p_abs_sum", "-log_p_abs_final", "-log_p_abs_mean", "-log_p_abs_min", "cross_compt_sum", "cross_compt_mean", "cross_compt_ge_dist_mean", "cross_compt_dist_sum", "cross_compt_dist_mean", "cross_compt_ge_dist_mean_nonfinal", "p_compt_mean", "p_compt_sum_nonfinal", "p_compt_mean_nonfinal", "-log_p_compt_mean", "-log_p_compt_mean_nonfinal", "cross_total_mean", "cross_total_dist_max", "cross_total_dist_min"]}