{"model": "linear", "weights": [8.964297435869655, 2.277742926958183, 0.1342653172455656, 8.808596273114377, 3.393756817849917, 2.485122884471431, 3.488181357293076, 4.4522721855588845, 3.6345562242085956, 0.579854562516373, 3.2318897719330755, 9.910174950601393, 3.1082245449078747, 6.949139046580491, 20.683706395406574, 0.08940778733410543, 0.009093942781121878, 6.952166941185471, 3.539240786840998, 0.4680225308482992, 0.6642074468725973, 0.2976305604817155, 1.335464843957223, 19.502783890836376, 5.968170580297941, 1.365802074102019, 2.073182427783351, 1.1639239084996753, 11.025096992157659, 14.159765778842527], "scale": [0.6084299906471051, 0.5538487286351177, 13.973363326582698, 0.21409776147376652, 0.5532506452051402, 1.601432716260378, 4.337194179849161, 0.7189532086956002, 0.4235973599444964, 1.0853101433917658, 1.1620358667906252, 5.3131816655420545, 7.597408949214924, 2.9640252896503516, 0.46834287931577423, 40.20285830429307, 0.1975518750113046, 1.127203775778837, 1.1976369516195147, 0.6287701388537806, 0.42992406377658965, 0.17451250826225634, 0.1332182274311604, 1.7329180221000564, 2.9640706279447318, 1.2603161809186687, 1.601432716260378, 7.473447370602289, 0.4658563832822701, 33.6385215388613], "bias": null, "columns": ["-log_p_compt_mean", "rth_mean_1_penalty_removed_tango", "rth_mean_1v", "rsg_mean_1_first_tango", "rth_mean_1_penalty_removed", "-log_p_abs_final", "rc_wmean_1v", "cross_compt_ge_dist_mean_tango", "rc_mean_1_penalty_removed", "cross_abs_ge_dist_min_tango", "cross_compt_dist_min_tango", "distances_mean", "rth_mean_1v_penalty_removed_tango", "c_penalty_ell_mean_1_tango", "rsg_wmean_1v_tango", "rth_sum_1v", "rsg_norm_2_tango", "-log_p_abs_mean", "rth_mean_1", "rth_norm_2", "first_is_not_largest", "rc_cap_norm_2_tango", "p_compt_mean_tango", "ge_distances_mean", "rc_mean_1_tango", "rth_wmean_1v", "-log_p_abs_min", "rth_norm_2v", "rsg_wmean_1v", "rsl_norm_2v"]}