{"model": "linear", "weights": [-3.4323557547513417, 7.557493974158475, -1.0220773890962178, 1.9312011115444807, 8.589897236558004, -5.860808669282498, 1.7279069421948825, 2.2134139442531024, 1.3449117858117257, -0.9416532717883844, 4.8428113779064175, 3.1673188213216634, 4.435680629474296, -1.0100617834739507, 8.742143425296105, 0.3378549614643666, -2.319335103422562, 1.2078450929389968, -2.564549595378684, 1.333653117160177, 4.19340842761833, -0.5019622964658901, 7.064775268243028, -1.7337569825974353, 0.21694765905514862, 2.1921702704178485, 0.19874485031246691, 0.6439060188786513, -0.5070792321796822, 1.8315545850578916], "scale": [233.22198261665196, 1.7329180221000564, 294.62281748766827, 1.3475951441098866, 7.595329527219522, 2.118218078284036, 4.923794892770277, 13.973363326582698, 887.0601153654164, 2.8240662861582497, 0.6434928479912737, 5.3131816655420545, 1.1976369516195147, 1.2176681725039065, 0.5532506452051402, 0.42992406377658954, 0.5066134782096677, 0.1696726764555906, 0.7608165262998224, 0.7871009719888403, 2.5825886301091328, 1.7374066601320535, 4.337194179849161, 0.6287701388537806, 25.37585494580248, 0.42992406377658965, 0.66646472279015, 1.7106710466758084, 9.623400619381812, 22.71963640955836], "bias": null, "columns": ["rc_mean_2", "ge_distances_mean", "rc_wmean_2v", "rth_mean_2_penalty_removed", "rth_mean_1v_penalty_removed", "rth_sum_1_penalty_removed", "rth_cap_sum_2", "rth_mean_1v", "rc_mean_1v", "rc_sum_2_penalty_removed", "rth_wmean_1v_penalty_removed", "distances_mean", "rth_mean_1", "rc_wmean_2v_penalty_removed", "rth_mean_1_penalty_removed", "first_is_not_closest", "rth_cap_mean_1", "rc_cap_norm_2", "rc_cap_mean_2", "tango_sigma", "rc_norm_2", "rth_cap_wmean_2v", "rc_wmean_1v", "rth_norm_2", "rth_sum_2", "first_is_not_largest", "c_penalty_sum_1", "tango_v_sigma", "rth_wmean_2v", "distances_sum"]}