{"model": "linear", "weights": [1.2015989491932614e-05, 2.671500866969346e-05, 0.0010705331417773384, 6.796071511242582e-10, 1.3641218067999619e-09, 0.963898013207618, 1.4234273279075613e-07, 2.1311030741400372e-07, 9.250090004710736e-08, 5.373835777612558e-11, 3.1361164962863373e-11, 1.666156706709053e-05, 0.034820100520396545, 5.694382628901295e-06, 1.991938900390413e-06, 1.0878042790473254e-05, 1.3920571079489994e-05, 3.4105863991760975e-05, 1.1698102096789912e-05, 9.300600574298469e-06, 2.282817162184764e-05, 4.5108154815156614e-05], "scale": [0.66646472279015, 3.7724945378172055, 2476.5963756571095, 887.0601153654164, 623.2785034999596, 638366286.2120825, 304020918.855084, 21036873.461330827, 6101106.645181805, 688.1331106483699, 200.8005382687225, 21036873.33102735, 6101106.625306113, 0.6287701388537806, 40.20285830429307, 13.973363326582698, 0.5532506452051402, 1.3475951441098866, 0.6434928479912737, 1.828008201640765, 24.362502108964613, 7.595329527219522], "bias": null, "columns": ["c_penalty_sum_1", "c_penalty_ell_mean_1", "rc_sum_1v", "rc_mean_1v", "rc_norm_2v", "rc_sum_2v", "rc_mean_2v", "rc_cap_sum_2v", "rc_cap_mean_2v", "rc_sum_1v_penalty_removed", "rc_mean_1v_penalty_removed", "rc_sum_2v_penalty_removed", "rc_mean_2v_penalty_removed", "rth_norm_2", "rth_sum_1v", "rth_mean_1v", "rth_mean_1_penalty_removed", "rth_mean_2_penalty_removed", "rth_wmean_1v_penalty_removed", "rth_wmean_2v_penalty_removed", "rth_sum_1v_penalty_removed", "rth_mean_1v_penalty_removed"]}