{"model": "linear", "weights": [1.9293924609801196, 0.7591272167211545, 0.6297847362261844, 1.9774178536073637, 3.8560726016279254, 1.545713252121346, 0.8299465833668529, 0.7768349611736246, 0.432021179881139, 0.06827728484607426, 0.090726888074568, 0.12139352058431947, 2.102533052232353, 0.18499646962367333, 0.4244787210736131, 4.073506447760748, 4.795754482906085, 3.7777757400694667], "scale": [5.3131816655420545, 0.09199963182429603, 0.5249672634021163, 35.96140016475422, 0.4261549263658497, 64.04918323177633, 1.601432716260378, 1.601432716260378, 0.21409776147376652, 0.1332182274311604, 0.42992406377658965, 9.042306375338375, 0.6084299906471051, 1.1620358667906252, 1.7329180221000564, 0.46834287931577423, 0.4658563832822701, 0.7189532086956002], "bias": null, "scaled_weights": [0.36313316246891053, 8.251415811869345, 1.1996647793707844, 0.0549872319917463, 9.048522879957337, 0.024133223471840947, 0.5182525465727473, 0.48508748028307325, 2.017868738595264, 0.5125220937304249, 0.21103002999551634, 0.013425061654115514, 3.4556696490193906, 0.15920030948322345, 0.24495026057793765, 8.697701251937339, 10.29449129604447, 5.2545502188153534], "columns": ["distances_mean", "p_compt_mean_nonfinal_tango", "-log_p_compt_mean_tango", "rsg_norm_2v", "rsg_mean_1_tango", "rsg_mean_1v", "-log_p_abs_min", "-log_p_abs_final", "rsg_mean_1_first_tango", "p_compt_mean_tango", "first_is_not_largest", "cross_total_dist_min", "-log_p_compt_mean", "cross_compt_dist_min_tango", "ge_distances_mean", "rsg_wmean_1v_tango", "rsg_wmean_1v", "cross_compt_ge_dist_mean_tango"]}