{"model": "linear", "weights": [2.0152580324150167, 2.693390766646184, 3.0915762609773867, 1.3011020980269479, 2.3918682918452068, 2.7120095982318753, 0.6068120874431217, 0.44524162972370596, 0.7574851606134407, 3.4777549166570196, 2.2052581371740616, 0.21240984375652747, 0.8112978659487265, 5.193644715192763, 1.7551882170953432, 0.28950924157969854, 6.893100835532394, 6.710785873327101, 1.6303476774301628, 0.29734895710143866, 0.14024819436712926, 4.533602356942083, 1.831831716139555, 0.3937756281485907, 0.4168110884252161, 0.030586303488344922, 1.0044956406057184, 4.470898318355615, 0.8037438746309099, 0.34789306520246754, 0.930243115729754, 2.501506975135796, 0.46500287142181407, 0.23440640717547548, 0.554324309661928, 6.5413854532934455, 15.8361182760844], "scale": [0.09108687608333699, 0.6084299906471051, 3.26053824141153, 0.5538487286351177, 0.21409776147376652, 0.5532506452051402, 10140.49932626295, 1.601432716260378, 4.337194179849161, 0.7189532086956002, 1.0853101433917658, 143.3601004509824, 1.1620358667906252, 5.3131816655420545, 0.12322559836652847, 2476.5963756571095, 2.9640252896503516, 0.46834287931577423, 40.20285830429307, 0.5402900929110258, 0.36723169067093364, 1.127203775778837, 1.1976369516195147, 0.543664319034312, 0.7166259968023543, 0.42992406377658965, 0.17451250826225634, 1.7329180221000564, 0.6006366548505075, 1.2603161809186687, 1.601432716260378, 8.678771301320403, 9.042306375338375, 887.0601153654164, 0.36723169067093364, 0.4658563832822701, 33.6385215388613], "bias": null, "columns": ["cross_compt_mean_nonfinal", "-log_p_compt_mean", "rc_wmean_1v_tango", "rth_mean_1_penalty_removed_tango", "rsg_mean_1_first_tango", "rth_mean_1_penalty_removed", "cross_abs_dist_max", "-log_p_abs_final", "rc_wmean_1v", "cross_compt_ge_dist_mean_tango", "cross_abs_ge_dist_min_tango", "rc_cap_norm_2v_tango", "cross_compt_dist_min_tango", "distances_mean", "cross_compt_max_tango", "rc_sum_1v", "c_penalty_ell_mean_1_tango", "rsg_wmean_1v_tango", "rth_sum_1v", "rsl_wmean_1v", "p_abs_max", "-log_p_abs_mean", "rth_mean_1", "rc_cap_wmean_1v", "-log_p_compt_sum_nonfinal_tango", "first_is_not_largest", "rc_cap_norm_2_tango", "ge_distances_mean", "rth_norm_2_tango", "rth_wmean_1v", "-log_p_abs_min", "ge_distances_sum", "cross_total_dist_min", "rc_mean_1v", "p_abs_final", "rsg_wmean_1v", "rsl_norm_2v"]}