{"model": "linear", "weights": [1.4875000881379278e-05, 3.227616519829916e-11, 1.910899210123163e-12, 2.21783439852036e-12, 1.53243128934452e-10, 1.4275068726263975e-11, 0.013112608368459549, 3.201047701111446e-07, 2.5703235191524623e-07, 6.716307991387785e-08, 8.848238539485881e-08, 1.3977793346250587e-05, 6.66528598511208e-05, 3.4784719379072334e-05, 0.0009327428564489412, 5.392194557974319e-06, 6.336043689547525e-10, 1.2636857527723291e-06, 4.250751512235528e-08, 2.976283024175944e-10, 0.0011884585789798234, 4.6785341352538896e-08, 8.770348999900491e-06, 8.242638702313438e-06, 8.717423813016299e-06, 2.6616577383110012e-11, 9.506006319749093e-06, 3.5242875094949623e-10, 1.8153707515542508e-05, 3.5721717603817954e-05, 1.7077836468169534e-07, 2.4684679289958605e-10, 2.955581806602264e-11, 0.9794539558506775, 0.004442371995864278, 2.4536941824103753e-05, 1.295994076005605e-05, 7.247572550661727e-05, 7.954775529576648e-08, 8.868502391041827e-12, 0.0005267702289651512, 3.069053998315998e-06, 2.9215769694191165e-06, 1.4944686715625303e-11], "scale": [1.8320217614689693, 649.8851714283896, 1.1324002276843517, 200.8005382687225, 182.10585878306313, 200.82250330110892, 304020918.855084, 1.1976369516195147, 6101106.625306113, 21036899.499552067, 21036899.35737111, 638366286.2120825, 1.3489986976977582, 3.7724945378172055, 2134.953064058175, 11.755027968701482, 2.165258198484743, 290993301.3966436, 6101106.645181805, 887.0601153654164, 2476.5963756571095, 21036873.461330827, 0.5532506452051402, 0.6473992353638894, 7.554401770805783, 688.2178717350724, 0.2206275929590759, 530.412602629557, 7.597408949214924, 2.9640706279447318, 6101112.302332298, 623.2785034999596, 220.5670572264869, 593823596.2896891, 6101112.27388476, 3.26053824141153, 0.6434928479912737, 24.36621967061161, 21036873.33102735, 688.2556848410459, 759.0206829420099, 40.20285830429307, 1.2603161809186687, 688.1331106483699], "bias": null, "scaled_weights": [8.1194455187323e-06, 4.9664412448985455e-14, 1.6874768861807507e-12, 1.1044962417144171e-14, 8.415057591145689e-13, 7.10830135647709e-14, 4.3130612254710884e-11, 2.672803053365047e-07, 4.2128808378652136e-14, 3.192632066113542e-15, 4.2060564102977234e-15, 2.189619603690472e-14, 4.940913580188964e-05, 9.220614908881761e-06, 4.368915046197592e-07, 4.587138858649579e-07, 2.9262300883938535e-10, 4.342662689165617e-15, 6.967181135232986e-15, 3.355221334632874e-13, 4.798757644408215e-07, 2.2239683781212978e-15, 1.585239723787132e-05, 1.2731925297502746e-05, 1.1539528975947573e-06, 3.867463847750235e-14, 4.308620781405323e-05, 6.644426418269597e-13, 2.3894603590370658e-06, 1.2051574367709036e-05, 2.7991349153893e-14, 3.9604573479342215e-13, 1.3399924012983302e-13, 1.6494022163660598e-09, 7.281249379526148e-10, 7.52542678765865e-06, 2.013999192145147e-05, 2.974434544478441e-06, 3.781348779547065e-15, 1.288547640996242e-14, 6.940130101901282e-07, 7.633919894666465e-08, 2.318130175310074e-06, 2.1717726533379832e-14], "columns": ["rth_wmean_2v_penalty_removed_tango", "rc_sum_2_tango", "rth_mean_1_tango", "rc_mean_1v_penalty_removed", "rc_mean_2_tango", "rc_mean_1v_penalty_removed_tango", "rc_mean_2v", "rth_mean_1", "rc_mean_2v_penalty_removed", "rc_cap_sum_2v_tango", "rc_sum_2v_penalty_removed_tango", "rc_sum_2v", "rth_mean_2_penalty_removed_tango", "c_penalty_ell_mean_1", "rc_sum_1v_tango", "c_penalty_ell_sum_1", "rc_norm_2_tango", "rc_mean_2v_tango", "rc_cap_mean_2v", "rc_mean_1v", "rc_sum_1v", "rc_cap_sum_2v", "rth_mean_1_penalty_removed", "rth_wmean_1v_penalty_removed_tango", "rth_mean_2_tango", "rc_sum_1v_penalty_removed_tango", "c_penalty_mean_1", "rc_norm_2v_tango", "rth_mean_1v_penalty_removed_tango", "rc_mean_1_tango", "rc_cap_mean_2v_tango", "rc_norm_2v", "rc_wmean_2v_tango", "rc_sum_2v_tango", "rc_mean_2v_penalty_removed_tango", "rc_wmean_1v_tango", "rth_wmean_1v_penalty_removed", "rth_sum_1v_penalty_removed_tango", "rc_sum_2v_penalty_removed", "rc_cap_sum_1v_tango", "rc_mean_1v_tango", "rth_sum_1v", "rth_wmean_1v", "rc_sum_1v_penalty_removed"]}