{"model": "linear", "weights": [2.1921113778906682, 6.787470390568422, 2.0470898455415725, 7.3559164111343955, 1.0285929140417296, 9.55955895830818, 72.12090219277576, 4.228997987463266, 4.165128901201195, 0.6296484739945019, 0.8912878120520515, 1.8737044321131808, 3.1823574898844997, 0.2386788842249068, 0.44112546577131395, 4.657853551380481, 0.8144917153856102], "scale": [0.7871009719888403, 22.71963640955836, 8.678771301320403, 1.7329180221000564, 0.42992406377658965, 0.5402900929110258, 33.6385215388613, 4.337194179849161, 2.5825886301091328, 0.543664319034312, 0.1696726764555906, 0.4235973599444964, 1.1976369516195147, 0.6287701388537806, 13.973363326582698, 0.5532506452051402, 0.6434928479912737], "bias": null, "scaled_weights": [2.7850446841040726, 0.29874907627099484, 0.23587323302667565, 4.244814998357536, 2.392499049730416, 17.693381914153356, 2.143997384351665, 0.9750538740256133, 1.6127728793668499, 1.1581567006510927, 5.252983748890962, 4.423314707057407, 2.6571971460809807, 0.37959640491198826, 0.03156902568561458, 8.41906573765204, 1.265735459109027], "columns": ["tango_sigma", "distances_sum", "ge_distances_sum", "ge_distances_mean", "first_is_not_largest", "rsl_wmean_1v", "rsl_norm_2v", "rc_wmean_1v", "rc_norm_2", "rc_cap_wmean_1v", "rc_cap_norm_2", "rc_mean_1_penalty_removed", "rth_mean_1", "rth_norm_2", "rth_mean_1v", "rth_mean_1_penalty_removed", "rth_wmean_1v_penalty_removed"]}