{"model": "linear", "weights": [1.534931484281817, 0.9169027320010621, 1.1087255538724676, 2.051912139393721, 0.2958079816535198, 0.4731040704015529, 4.054492868558458, 1.5588977650181737, 0.9810387735380605, 0.44604841648102067, 0.06814967835374589, -0.4717374656823274, 0.19741697488636398, 0.6787085325719246, 0.031028775403752113, -0.14180144539220604, 0.6656934340378766, 1.842561594923003, 0.5546714443195785, 1.1017108062372631, 1.7467278492427802, 0.3985935992665256, -1.24139340107605, 0.6227565061248505], "scale": [0.5538487286351177, 5.3131816655420545, 1.1976369516195147, 7.597408949214924, 0.17451250826225634, 1.3489986976977582, 2.9640706279447318, 0.6434928479912737, 3.7724945378172055, 13.973363326582698, 0.7871009719888403, 0.21719403031199278, 40.20285830429307, 0.42992406377658965, 0.42992406377658954, 9.00016079759795, 0.5532506452051402, 4.337194179849161, 1.7106710466758084, 1.7329180221000564, 8.678771301320403, 1.333418967849009, 1.5608084364073767, 0.6473992353638894], "bias": null, "scaled_weights": [2.771391184853741, 0.1725713122040443, 0.9257609765406655, 0.27008051733291977, 1.6950531775578022, 0.35070758126673257, 1.3678799790846476, 2.422556474224114, 0.2600504158995276, 0.03192133533323831, 0.08658314597369361, -2.171963313193694, 0.0049105208737181445, 1.5786707229410075, 0.07217268819797035, -0.015755434661795308, 1.203240230819873, 0.42482801519093705, 0.3242420250213629, 0.63575471671888, 0.20126441734638523, 0.298926000662427, -0.7953528262145052, 0.9619358073149595], "columns": ["rth_mean_1_penalty_removed_tango", "distances_mean", "rth_mean_1", "rth_mean_1v_penalty_removed_tango", "rc_cap_norm_2_tango", "rth_mean_2_penalty_removed_tango", "rc_mean_1_tango", "rth_wmean_1v_penalty_removed", "c_penalty_ell_mean_1", "rth_mean_1v", "tango_sigma", "rth_cap_norm_2", "rth_sum_1v", "first_is_not_largest", "first_is_not_closest", "rth_wmean_2v_tango", "rth_mean_1_penalty_removed", "rc_wmean_1v", "tango_v_sigma", "ge_distances_mean", "ge_distances_sum", "rth_cap_mean_2_tango", "rc_cap_sum_1", "rth_wmean_1v_penalty_removed_tango"]}