{"model": "linear", "weights": [1.7101758348433712e-07, 0.0009327448822500283, 5.392181345566917e-06, 3.57216594424324e-05, 0.013112605321928695, 0.9794539215769875, 8.880797497765807e-12, 1.4874979058357812e-05, 1.4294658293511127e-11, 3.0690432345890992e-06, 2.2208715713697124e-12, 2.921572217546866e-06, 2.4719090143248903e-10, 2.45369421125407e-05, 2.959781418751408e-11, 0.0005267702210818246, 8.71743081915855e-06, 2.980438018879643e-10, 1.4008653201245386e-05, 6.665286907146853e-05, 1.2959932217035374e-05, 3.478472361987495e-05, 1.9081850118776517e-12, 1.8153702084402938e-05, 2.6653311660759807e-11, 1.5383095380994675e-10, 1.4965327384995795e-11, 3.2056611220256025e-07, 7.96643942585259e-08, 6.726060918506896e-08, 8.861365852781374e-08, 3.529205513636206e-10, 8.770141804879653e-06, 0.0011884586045218127, 3.232718987942682e-11, 7.247568927934065e-05, 0.004442373987320297, 8.242654115943739e-06, 1.2654418676533685e-06, 2.573911571379116e-07, 4.256724886300939e-08, 6.345710286910667e-10, 4.685237007413243e-08, 9.505476315062068e-06], "scale": [6101112.302332298, 2134.953064058175, 11.755027968701482, 2.9640706279447318, 304020918.855084, 593823596.2896891, 688.2556848410459, 1.8320217614689693, 200.82250330110892, 40.20285830429307, 200.8005382687225, 1.2603161809186687, 623.2785034999596, 3.26053824141153, 220.5670572264869, 759.0206829420099, 7.554401770805783, 887.0601153654164, 638366286.2120825, 1.3489986976977582, 0.6434928479912737, 3.7724945378172055, 1.1324002276843517, 7.597408949214924, 688.2178717350724, 182.10585878306313, 688.1331106483699, 1.1976369516195147, 21036873.33102735, 21036899.499552067, 21036899.35737111, 530.412602629557, 0.5532506452051402, 2476.5963756571095, 649.8851714283896, 24.36621967061161, 6101112.27388476, 0.6473992353638894, 290993301.3966436, 6101106.625306113, 6101106.645181805, 2.165258198484743, 21036873.461330827, 0.2206275929590759], "bias": null, "columns": ["rc_cap_mean_2v_tango", "rc_sum_1v_tango", "c_penalty_ell_sum_1", "rc_mean_1_tango", "rc_mean_2v", "rc_sum_2v_tango", "rc_cap_sum_1v_tango", "rth_wmean_2v_penalty_removed_tango", "rc_mean_1v_penalty_removed_tango", "rth_sum_1v", "rc_mean_1v_penalty_removed", "rth_wmean_1v", "rc_norm_2v", "rc_wmean_1v_tango", "rc_wmean_2v_tango", "rc_mean_1v_tango", "rth_mean_2_tango", "rc_mean_1v", "rc_sum_2v", "rth_mean_2_penalty_removed_tango", "rth_wmean_1v_penalty_removed", "c_penalty_ell_mean_1", "rth_mean_1_tango", "rth_mean_1v_penalty_removed_tango", "rc_sum_1v_penalty_removed_tango", "rc_mean_2_tango", "rc_sum_1v_penalty_removed", "rth_mean_1", "rc_sum_2v_penalty_removed", "rc_cap_sum_2v_tango", "rc_sum_2v_penalty_removed_tango", "rc_norm_2v_tango", "rth_mean_1_penalty_removed", "rc_sum_1v", "rc_sum_2_tango", "rth_sum_1v_penalty_removed_tango", "rc_mean_2v_penalty_removed_tango", "rth_wmean_1v_penalty_removed_tango", "rc_mean_2v_tango", "rc_mean_2v_penalty_removed", "rc_cap_mean_2v", "rc_norm_2_tango", "rc_cap_sum_2v", "c_penalty_mean_1"]}