{"model": "linear", "weights": [0.011868809282328538, 0.2764288220662029, 0.48250495302617563, 1.7509169061824394, 14.569539683794568, 2.4883758161127627, 1.4607503336227472, 1.562999220674336, 0.3308848986011173, 0.7612892965210426, 0.8649858234091417, 5.943748873016276, 6.1429444705112575, 1.051441070632075, 4.2777060493623, 0.2538672810377182, 10.941348212515289, 14.377518813199131, 44.59236877707496, 1.4360426472430217, 0.6705553296912559, 0.0015882987902424404, 0.3230926619254073, 0.1408638393889545], "scale": [0.4885169611233239, 199.57784037656205, 0.7074632003475282, 1.8466765957072728, 1.7329180221000564, 0.09108687608333699, 0.6084299906471051, 1.601432716260378, 0.2261573231269946, 0.36723169067093364, 9.042306375338375, 35.96140016475422, 5.3131816655420545, 0.36723169067093364, 1.127203775778837, 0.09859629005797582, 0.42363632227642195, 0.4658563832822701, 64.04918323177633, 1.601432716260378, 0.21375083461180985, 0.42992406377658965, 2279.705619879433, 2279.4260227014133], "bias": null, "columns": ["cross_compt_ge_dist_min_nonfinal", "cross_abs_mean", "cross_compt_ge_dist_mean_nonfinal", "cross_abs_ge_dist_min", "ge_distances_mean", "cross_compt_mean_nonfinal", "-log_p_compt_mean", "-log_p_abs_min", "-log_p_compt_mean_nonfinal", "p_abs_max", "cross_total_dist_min", "rsg_norm_2v", "distances_mean", "p_abs_final", "-log_p_abs_mean", "p_compt_mean_nonfinal", "rsg_mean_1", "rsg_wmean_1v", "rsg_mean_1v", "-log_p_abs_final", "rsg_mean_1_first", "first_is_not_largest", "cross_total_dist_mean", "cross_abs_dist_mean"]}