{"model": "linear", "weights": [1.4801451860600006, 0.030647079458741733, 2.2418840325990224, 0.24299448109583957, 5.369532684216025, 1.3819940503667902, 0.03790436629504856, 0.19926972213777205, 0.06997871825034621, 0.22798516573521932, 0.5682372849888969, 0.33247085346010485, 0.8220918642149411, 4.419046690038408, 3.111644800592999, 4.858181778254755], "scale": [5.3131816655420545, 0.4885169611233239, 35.96140016475422, 0.36723169067093364, 64.04918323177633, 1.601432716260378, 1.601432716260378, 0.21375083461180985, 0.09859629005797582, 9.042306375338375, 1.127203775778837, 0.36723169067093364, 0.6084299906471051, 1.7329180221000564, 0.42363632227642195, 0.4658563832822701], "bias": null, "scaled_weights": [0.2785798188793899, 0.0627349342963857, 0.062341400010233576, 0.6616925697558611, 0.08383452236674381, 0.8629735338453588, 0.023669034552735876, 0.9322523699131432, 0.7097500140136903, 0.02521316534429943, 0.5041122973494971, 0.9053435798328826, 1.3511692008156806, 2.5500610148211953, 7.345085010351536, 10.428496748344655], "columns": ["distances_mean", "cross_compt_ge_dist_min_nonfinal", "rsg_norm_2v", "p_abs_max", "rsg_mean_1v", "-log_p_abs_min", "-log_p_abs_final", "rsg_mean_1_first", "p_compt_mean_nonfinal", "cross_total_dist_min", "-log_p_abs_mean", "p_abs_final", "-log_p_compt_mean", "ge_distances_mean", "rsg_mean_1", "rsg_wmean_1v"]}