{"model": "linear", "weights": [31.183430199843322, 0.28365678305704256, 3.9799820934958476, 4.903888421917978, 4.3542194634678095, 2.996711227996573, 2.6383262496769824, 2.193057541379151, 0.6636231982924014, 1.102964646025971, 4.630323958347843, 4.770616087617888, 9.112607460998259, 0.045082336300470885, 2.7179303737310483, 4.444602783948756, 3.343132076962338, 12.682228982199858, 1.718413209639097, 5.307375984498555, 0.1793591004589063, 11.74597366978742, 5.472776261542863, 8.06861816653886, 0.08218122178477442, 9.67048467196632, 0.25397643006038445, 0.4037284676460534, 2.1291815584204565, 0.9927714672273498, 2.0425637912492407, 7.064094189722862, 4.264874355742936, 1.4694091655799764, 2.0904280437502556, 0.11399412577695826, 0.09816949224799107, 1.1218168082168003, 1.2951939551796725, 3.892551604449898, 0.09431661188033132], "scale": [0.4658563832822701, 33.6385215388613, 2.3616681510432023, 0.4235973599444964, 4.337194179849161, 1.1976369516195147, 0.5532506452051402, 1.2603161809186687, 13.973363326582698, 7.473447370602289, 5.3131816655420545, 1.7329180221000564, 0.7192865363769918, 1.1681864888448454, 1.601432716260378, 1.127203775778837, 1.601432716260378, 0.6084299906471051, 0.010574343179804935, 0.009608066564835288, 0.42992406377658965, 0.21409776147376652, 0.1975518750113046, 0.5370611863368625, 0.048318954857064764, 2.9640706279447318, 0.17451250826225634, 0.5538487286351177, 7.597408949214924, 5.3131816655420545, 1.7329180221000564, 0.7189532086956002, 1.1620358667906252, 1.109357976646895, 0.1332182274311604, 0.09199963182429603, 0.5466373347610649, 0.9911653601320767, 0.0022102100760266314, 1.0779927855001366, 0.42992406377658965], "bias": null, "scaled_weights": [66.93786179366091, 0.008432498518977557, 1.6852418879163016, 11.576768142654455, 1.003925414199288, 2.502186680148976, 4.768772115392139, 1.7400852060635998, 0.04749201625852922, 0.14758445350998473, 0.8714785696821179, 2.7529381233144323, 12.66895319200326, 0.03859172891568905, 1.69718674168084, 3.9430339743830043, 2.0875882221072195, 20.844187790137493, 162.50779650512501, 552.3875119603254, 0.41718786076629194, 54.862664555353874, 27.70298313407398, 15.02364790420352, 1.7008071061942398, 3.2625689080397433, 1.4553480010654034, 0.7289507888570683, 0.28025101355646714, 0.18685065366122136, 1.1786846031954452, 9.825527036090815, 3.670174456423537, 1.3245581647335867, 15.691756931914364, 1.2390715431847386, 0.17958797543695207, 1.1318159949287512, 586.00490931979, 3.610925468897217, 0.21937969940976138], "columns": ["rsg_wmean_1v", "rsl_norm_2v", "rlg_norm_2v", "rc_mean_1_penalty_removed", "rc_wmean_1v", "rth_mean_1", "rth_mean_1_penalty_removed", "rth_wmean_1v", "rth_mean_1v", "rth_norm_2v", "distances_mean", "ge_distances_mean", "cross_compt_ge_dist_mean", "cross_compt_dist_min", "-log_p_abs_final", "-log_p_abs_mean", "-log_p_abs_min", "-log_p_compt_mean", "klein-nishina_rel_sum_mean", "klein-nishina_rel_sum_min", "first_is_not_largest", "rsg_mean_1_first_tango", "rsg_norm_2_tango", "rsl_wmean_1v_tango", "rlg_wmean_1v_tango", "rc_mean_1_tango", "rc_cap_norm_2_tango", "rth_mean_1_penalty_removed_tango", "rth_mean_1v_penalty_removed_tango", "distances_mean_tango", "ge_distances_mean_tango", "cross_compt_ge_dist_mean_tango", "cross_compt_dist_min_tango", "-log_p_abs_mean_tango", "p_compt_mean_tango", "p_compt_mean_nonfinal_tango", "-log_klein-nishina_rel_geo_mean_tango", "-log_klein-nishina_rel_geo_max_tango", "klein-nishina_sum_min_tango", "-log_klein-nishina_geo_max_tango", "first_is_not_largest_tango"]}