{"model": "linear", "weights": [5.447988266230891e-06, 4.505954695177181e-11, 2.472073338853531e-05, 2.5254338292229915e-11, 8.675391685579384e-12, 5.228444056311498e-11, 3.510439467957692e-07, 1.724675388879911e-11, 5.5012747738236594e-08, 0.9980060091374781, 4.266522848012089e-05, 4.343931852917141e-05, 2.3138651973916215e-05, 1.7499214799409487e-11, 2.2581312168948e-05, 4.513632316777715e-08, 1.4470769691535706e-10, 3.0562648745377697e-10, 2.5066673581368666e-07, 9.612745423641262e-06, 3.0290486119579623e-10, 6.351057033143314e-10, 0.001731940728915136, 1.170786485706073e-05, 6.084321025477272e-06, 2.085101039816852e-11, 3.698122985154474e-12, 7.298285521176625e-11, 2.4747921344206056e-10, 6.086000783906557e-06, 6.537002754839405e-10, 6.584558542334217e-07, 4.016942794598686e-05, 3.7807728448468163e-10, 1.3444248426809745e-05, 2.918639936103822e-11, 3.9889745533308346e-07, 1.542654297886701e-11, 2.6689159352846638e-08, 1.1166132754146901e-05], "scale": [238.27417713172204, 1929.7669813595455, 1.7329180221000564, 5011.190796000346, 841.4849764931672, 13.973363326582698, 304020918.855084, 3.977608728955865, 6101106.625306113, 638366286.2120825, 8.678771301320403, 0.5402900929110258, 3.7724945378172055, 25.37585494580248, 0.4235973599444964, 6101106.645181805, 887.0601153654164, 2476.5963756571095, 21036873.461330827, 0.7017887753092958, 356.9655052095232, 1070.893488978808, 99.69769740657071, 0.2206275929590759, 0.42992406377658965, 0.66646472279015, 688.1632898444103, 7.473447370602289, 623.2785034999596, 0.6434928479912737, 295557.1589603487, 21036873.33102735, 22.71963640955836, 33.6385215388613, 4.337194179849161, 40.20285830429307, 1.2603161809186687, 688.1331106483699, 97210.69359732965, 0.7871009719888403], "bias": null, "scaled_weights": [2.2864367141300207e-08, 2.334973465036011e-14, 1.4265379592842602e-05, 5.039588257622624e-15, 1.0309621595068166e-14, 3.741721970661846e-12, 1.1546703697816907e-15, 4.3359603882723874e-12, 9.016847453551334e-15, 1.563375182388491e-09, 4.9160447946853645e-06, 8.039999085514407e-05, 6.133515036791655e-06, 6.896009942042997e-13, 5.3308434622696446e-05, 7.398055105858938e-15, 1.6313178149797213e-13, 1.234058526685382e-13, 1.191558889558625e-14, 1.3697490985666855e-05, 8.485549913793611e-13, 5.930615041090232e-13, 1.7371923063099653e-05, 5.3066185874730616e-05, 1.4152082979563094e-05, 3.128599261919807e-11, 5.373903315869403e-15, 9.7656210838994e-12, 3.9706040245630996e-13, 9.457759791588372e-06, 2.211755850487247e-15, 3.130008171234568e-14, 1.76804889047816e-06, 1.123941443288176e-11, 3.099757093946232e-06, 7.259782162782575e-13, 3.165058589046436e-07, 2.2417963530823094e-14, 2.7454962376258346e-13, 1.4186404478617793e-05], "columns": ["tango_variance", "rth_mean_2v", "ge_distances_mean", "rth_sum_2v", "tango_v_variance", "rth_mean_1v", "rc_mean_2v", "rth_sum_1", "rc_mean_2v_penalty_removed", "rc_sum_2v", "ge_distances_sum", "rsl_wmean_1v", "c_penalty_ell_mean_1", "rth_sum_2", "rc_mean_1_penalty_removed", "rc_cap_mean_2v", "rc_mean_1v", "rc_sum_1v", "rc_cap_sum_2v", "rsl_mean_1", "rsl_mean_2", "rsl_sum_2", "rsl_mean_1v", "c_penalty_mean_1", "first_is_not_largest", "c_penalty_sum_1", "rc_cap_sum_1v", "rth_norm_2v", "rc_norm_2v", "rth_wmean_1v_penalty_removed", "rsl_sum_2v", "rc_sum_2v_penalty_removed", "distances_sum", "rsl_norm_2v", "rc_wmean_1v", "rth_sum_1v", "rth_wmean_1v", "rc_sum_1v_penalty_removed", "rsl_mean_2v", "tango_sigma"]}