{"model": "linear", "weights": [4.813058458100068, 1.5732924387462712, 8.882305477091425, 5.338760822276109, 0.10694154988343901, 1.981730526356136, 1.0022878163711513, 0.8366854552075094, 21.66290138834242, 6.94626799689372, 0.11561422230548253, 2.3762042822009746, 24.091057188485998, 15.002689390938713, 2.569293581104037, 4.474171545821822, 4.964686936524009, 7.9046515887175515, 0.19302386850575579, 1.7628264715058413, 12.480926790519788], "scale": [0.5249672634021163, 0.1332182274311604, 1.7329180221000564, 0.6084299906471051, 0.36723169067093364, 9.042306375338375, 0.09199963182429603, 0.21409776147376652, 35.96140016475422, 5.3131816655420545, 0.36723169067093364, 1.127203775778837, 0.4658563832822701, 64.04918323177633, 0.08972618057006633, 1.601432716260378, 0.46834287931577423, 0.7189532086956002, 0.42992406377658965, 1.0853101433917658, 0.4261549263658497], "bias": null, "columns": ["-log_p_compt_mean_tango", "p_compt_mean_tango", "ge_distances_mean", "-log_p_compt_mean", "p_abs_max", "cross_total_dist_min", "p_compt_mean_nonfinal_tango", "rsg_mean_1_first_tango", "rsg_norm_2v", "distances_mean", "p_abs_final", "-log_p_abs_mean", "rsg_wmean_1v", "rsg_mean_1v", "cross_compt_mean_nonfinal_tango", "-log_p_abs_final", "rsg_wmean_1v_tango", "cross_compt_ge_dist_mean_tango", "first_is_not_largest", "cross_abs_ge_dist_min_tango", "rsg_mean_1_tango"]}