{"model": "linear", "weights": [1.1169583100220222, 0.2521671513862542, 1.4318439583383142, 0.26956424464753787, 0.4053271069255594, 1.5985462587935775, 4.920034417765153, 0.871671646903488, 0.6784571949115812, 0.3036413017020706, 1.5871259949236083, 0.10340681865698602, 1.1059370497890906, 1.8956476340595312, 0.8870192678716539, 1.3797591947146426, 1.5663353639947921, 4.8964309180406325, 5.013136575016289, 0.19921052833280198, 1.668382711851977, 26.703102019272873, 1.7992992132407415, 0.2964049508596964, 0.11648958768944984, 0.29269033696544783, 0.285016246695872, 3.391384210178158, 4.815633580082729], "scale": [0.17451250826225634, 11.755027968701482, 40.20285830429307, 1.2603161809186687, 623.2785034999596, 3.26053824141153, 8.678771301320403, 0.5538487286351177, 0.5402900929110258, 13.973363326582698, 1.3489986976977582, 0.6434928479912737, 200.82964186738758, 1.1976369516195147, 0.6985752978261425, 0.543664319034312, 0.5532506452051402, 2.9640252896503516, 0.5370611863368625, 3.977608728955865, 2.5825886301091328, 33.6385215388613, 4.337194179849161, 0.4238674140321679, 0.4235973599444964, 0.42992406377658965, 1.7106710466758084, 0.4383888077173667, 22.71963640955836], "bias": null, "columns": ["rc_cap_norm_2_tango", "c_penalty_ell_sum_1", "rth_sum_1v", "rth_wmean_1v", "rc_norm_2v", "rc_wmean_1v_tango", "ge_distances_sum", "rth_mean_1_penalty_removed_tango", "rsl_wmean_1v", "rth_mean_1v", "rth_mean_2_penalty_removed_tango", "rth_wmean_1v_penalty_removed", "rc_cap_mean_1v_tango", "rth_mean_1", "rsl_mean_1_tango", "rc_cap_wmean_1v", "rth_mean_1_penalty_removed", "c_penalty_ell_mean_1_tango", "rsl_wmean_1v_tango", "rth_sum_1", "rc_norm_2", "rsl_norm_2v", "rc_wmean_1v", "rc_mean_1_penalty_removed_tango", "rc_mean_1_penalty_removed", "first_is_not_largest", "tango_v_sigma", "rsl_norm_2_tango", "distances_sum"]}