{"model": "linear", "weights": [8.669797111202722e-13, -0.3532024428073589, 0.9570394355671339, -1.1046415030610408, -7.860814025327729e-10, 1.9432701317405647, 6.504853045713981e-10, 0.9087331594513087, 0.08037517510034366, 1.1889733909211129, 5.699565945852271e-10, 7.234502439259374e-09, 0.2139696169476008, -6.571598413132289e-10, 2.6918577064139135e-10, 2.4384069024752795, 3.505435243893625e-10, 1.2571120299209277e-10, -2.3833785476813102e-09, -9.03712097245281e-10, 4.004689578250527e-10, -4.228554618722429e-11, 1.6761885873584228e-10, -1.0890062879927303e-10, -1.2786959988346869, 0.46890169598543124, -2.8403725922817146e-11, 2.833621146196292, 0.9152348831795651, -0.9686841422980098, -2.5165081567684383e-11, 1.2044602054067486, -1.4558246348147805, 1.3786704284297202e-09, 1.9116342444800574, 1.3619765380948226, 0.12288863496355756, 2.202643572012601e-09, 1.2569937401464232e-10, 1.039253592881144e-09, -1.0774190513496142, 0.7852072452480064, 0.5108589136499566, 1.1842132917550893e-10, 1.2168759218939722, 0.8874199492734031, -2.751583830525581, 1.7300421504683137, -2.7278498259269728e-11, -2.0739833322617707, 3.635690065328204e-13, 58.203166845738885, 8.352241982826224e-11, 1.8676834595036135e-09, 2.993204435122503e-10, -1.2419779561011701, 7.381792307371211e-09, -7.154394983780483e-11, 0.22543130258070299, -2.297869796317082e-09, -0.005700832034267726, -2.2538460847382784, 0.5248935224558386, 1.6066881905244701e-09, -0.7652237004121771, 5.706262919777171e-10, -0.5669975019776813, -2.7895569178118004e-09, -1.3814220682881506, 1.1432574963756142e-11, 2.939255002299692e-09, -0.4426573657380363, -1.01583053359192, 2.0900165075699393, -0.3684635028508012, 1.1120194411468383, 1.9363667038827328, 6.773898736423875, -4.1594707174333533e-10, 1.1842434818228527e-10, 2.669514404059956, -0.15412200534558715, 6.728422755543228e-09, 1.7358820797039793, 3.0251151254161834e-10, -1.3282415186564631, -0.5105405697832115, -1.8255841335899443, 5.216661535191499e-10, -2.0572214139994784e-07, 1.0872787543297874e-09, -0.29613414806720234, -2.4581653313164655, -6.971796937879052, 1.2405400521989056, 3.9638989319935255e-09], "scale": [238.27417713172204, 1929.7669813595455, 1.3475951441098866, 4.9746442137544005, 2.8240662861582497, 1.7329180221000564, 5011.190796000346, 9.623400619381812, 0.7703065474657396, 841.4849764931672, 8.28284233511746, 200.8005382687225, 13.973363326582698, 1878.2357793468932, 304020918.855084, 1.1976369516195147, 3.977608728955865, 6101106.625306113, 11.73617963181699, 1.2068847869736086, 638366286.2120825, 1881.141068108714, 330.61578168981686, 730.3230570802035, 1.2176681725039065, 8.678771301320403, 592.1601781106464, 0.5402900929110258, 2.7973640163755675, 2.118218078284036, 3.7724945378172055, 0.1696726764555906, 11.755027968701482, 25.37585494580248, 7.674625597300401, 0.543664319034312, 0.4235973599444964, 5.3131816655420545, 6101106.645181805, 887.0601153654164, 233.22198261665196, 4.923794892770277, 2476.5963756571095, 21036873.461330827, 0.5532506452051402, 720.368414096746, 7.595329527219522, 0.7017887753092958, 356.9655052095232, 591.2025205456359, 1070.893488978808, 99.69769740657071, 1.828008201640765, 143.33932827752028, 0.2206275929590759, 0.6287701388537806, 0.21719403031199278, 3.737708991950296, 0.42992406377658965, 0.3979341355844085, 0.42992406377658954, 2.3133524204175604, 0.66646472279015, 2.0300590195458823, 1.7374066601320535, 688.1632898444103, 0.5066134782096677, 7.473447370602289, 1.6100771955661388, 24.362502108964613, 623.2785034999596, 0.5893559489137365, 0.7608165262998224, 2.5825886301091328, 0.5457937966516953, 200.80334788715354, 0.6434928479912737, 24.586307597671478, 295557.1589603487, 21036873.33102735, 22.71963640955836, 0.4397715460134327, 33.6385215388613, 4.337194179849161, 40.20285830429307, 1.2603161809186687, 294.62281748766827, 1.3328099433111336, 688.1331106483699, 97210.69359732965, 1.5608084364073767, 1.7106710466758084, 1.9652088674525527, 4.1406037639947915, 0.7871009719888403, 229.96953846920044], "bias": null, "scaled_weights": [3.63858023373213e-15, -0.00018302854501040498, 0.7101832028337246, -0.2220543732568484, -2.783509035838276e-10, 1.1213860707534167, 1.2980653322770693e-13, 0.09442952604727828, 0.1043418043956305, 0.0014129466646880383, 6.881171601791023e-11, 3.60283020236617e-11, 0.01531267826841291, -3.498814411584358e-13, 8.854185812447422e-19, 2.0360150871914255, 8.812921236759788e-11, 2.06046559603907e-17, -2.0307958999024937e-10, -7.48797322660297e-10, 6.273341285006491e-19, -2.2478668348747432e-14, 5.069898898326094e-13, -1.491129545254295e-13, -1.0501186018562743, 0.05402858074092721, -4.7966288468505983e-14, 5.244629104577952, 0.3271776135754396, -0.45731086531125203, -6.670674089894135e-12, 7.09872815451225, -0.12384697328590007, 5.4330009033164475e-11, 0.2490850166231545, 2.5051791894565456, 0.2901071786180621, 4.14562066698671e-10, 2.060271706837156e-17, 1.1715706465429717e-12, -0.00461971482817112, 0.1594719646833674, 0.00020627459471041646, 5.62922667159578e-18, 2.199502038434616, 0.0012318973623879931, -0.36227313386004906, 2.465189258271965, -7.641774306248006e-14, -0.0035080759303049627, 3.3950062286728045e-16, 0.5837965004185034, 4.5690396658666533e-11, 1.3029804743381931e-11, 1.3566772836422644e-09, -1.9752495854291672, 3.3987086554669506e-08, -1.914112361125096e-11, 0.5243514415090953, -5.774497814675829e-09, -0.013260090594115172, -0.9742770123764622, 0.7875788537739484, 7.914490047111444e-10, -0.4404401790160143, 8.292018775176636e-13, -1.1191915066717253, -3.732624021391869e-10, -0.8579849910875932, 4.692693267966645e-13, 4.715797168993624e-12, -0.7510866167617621, -1.3351846318748362, 0.809271938706561, -0.6750965384935302, 0.005537853092826746, 3.009150311347348, 0.27551508942584846, -1.4073320815725459e-15, 5.629370216705199e-18, 0.11749811290716197, -0.3504592480862314, 2.0002135788786493e-10, 0.40023158007750304, 7.524626986766127e-12, -1.0538954738233086, -0.0017328616097583164, -1.3697257757956092, 7.580890171490626e-13, -2.11625011392367e-12, 6.966125560113283e-10, -0.17310993170934466, -1.2508417665054192, -1.6837633676767874, 1.576087562265765, 1.7236626026122177e-11],