{"model": "linear", "weights": [0.38318031200374997, 0.07091126232474192], "scale": [4.923794892770277, 11.755027968701482], "bias": null, "scaled_weights": [0.07782215148043281, 0.0060324197027474295], "columns": ["rth_cap_sum_2", "c_penalty_ell_sum_1"]}