{"model": "linear", "weights": [0.2798704656327428, 0.6592096234201833, 0.23946052977780086, 0.40259992227214814, 0.3379235511818698], "scale": [0.7871009719888403, 5.3131816655420545, 1.7329180221000564, 0.42992406377658965, 0.42992406377658954], "bias": null, "scaled_weights": [0.3555712362107347, 0.12407059741536812, 0.13818341475126902, 0.9364442611925056, 0.7860075293609806], "columns": ["tango_sigma", "distances_mean", "ge_distances_mean", "first_is_not_largest", "first_is_not_closest"]}