{"model": "linear", "weights": [0.12194676732885719, 1.5533819107934257, 0.9796078717337668, -0.0744961575445648, 0.0352711104038259, -0.31190915285583287, -0.12657831672558703, 0.06681963581790994, 0.6989167427367822, 0.9504412965597909, -0.33656965041481, 0.8342107063328341, 0.18651709625470558, -1.098088254611603, -0.0035066775813873243, -0.05762354111273089, 1.5505583338043236, 1.7483838354216916, 1.162537460013872, 2.2283241777730547], "scale": [3.7724945378172055, 4.337194179849161, 2.5825886301091328, 233.22198261665196, 887.0601153654164, 0.543664319034312, 1.6100771955661388, 0.4235973599444964, 1.1976369516195147, 25.37585494580248, 9.623400619381812, 40.20285830429307, 13.973363326582698, 0.5066134782096677, 0.21719403031199278, 1.7374066601320535, 0.5532506452051402, 1.3475951441098866, 0.6434928479912737, 7.595329527219522], "bias": null, "scaled_weights": [0.03232523363689654, 0.35815364643126246, 0.37931239234657804, -0.0003194216801896178, 3.976180395541319e-05, -0.5737164311424078, -0.07861630304072426, 0.1577432773109475, 0.5835798083815518, 0.03745455270727764, -0.03497408699134367, 0.0207500347368026, 0.013348045985455664, -2.167506988744478, -0.016145368159290963, -0.033166409704191616, 2.8026326715432766, 1.2974103112968205, 1.8066050984759927, 0.2933808427649345], "columns": ["c_penalty_ell_mean_1", "rc_wmean_1v", "rc_norm_2", "rc_mean_2", "rc_mean_1v", "rc_cap_wmean_1v", "rc_sum_1_penalty_removed", "rc_mean_1_penalty_removed", "rth_mean_1", "rth_sum_2", "rth_wmean_2v", "rth_sum_1v", "rth_mean_1v", "rth_cap_mean_1", "rth_cap_norm_2", "rth_cap_wmean_2v", "rth_mean_1_penalty_removed", "rth_mean_2_penalty_removed", "rth_wmean_1v_penalty_removed", "rth_mean_1v_penalty_removed"]}