{"model": "linear", "weights": [11.435247541823957, 6.5586015558998865, 0.9466540607207065, 0.23558177881725118, 1.4610918749669493, 0.20904668690053635, 2.414952342725832, 0.015166109192781522, 3.7745745507428254, 0.8248633878948333, 1.470367919773225, 2.3638314483365868, 0.2703400918787707, 0.0053089343675209455, 2.8859094588414664, 0.866690600666914, 1.1838779003800064, 0.3010621439462687, 3.1934144888835383, 4.160166628466811, 0.1653378731983955, 0.2925358092111441, 1.4609477553976402, 2.3832886632845636, 0.9590422902233419, 0.14041754278260515, 0.9597043062058807, 1.9149322220458556, 8.312630046362543, 4.0109641871154444, 7.587787997237451, 2.248154319486647, 0.24379966708291811, 1.4822566962040113, 0.5626013084934629, 2.478661999370609, 0.21065113287449894, 1.3902332462592772, 8.227652650160021, 1.3508599654301068, 1.2453312483526262, 0.8446589605052864, 0.7322162197626484, 0.10044190591971322, 0.22757609742807816, 0.11526839608093133, 1.0028462384285326, 0.02422340564016012], "scale": [0.4658563832822701, 33.6385215388613, 2.3616681510432023, 0.10729707811961062, 4.337194179849161, 887.0601153654164, 1.1976369516195147, 0.6287701388537806, 0.5532506452051402, 1.2603161809186687, 40.20285830429307, 5.3131816655420545, 2279.4260227014133, 3.477627568708073, 0.7192865363769918, 0.36723169067093364, 0.36723169067093364, 1.601432716260378, 1.127203775778837, 0.6084299906471051, 2279.705619879433, 9.042306375338375, 0.010574343179804935, 0.009608066564835288, 0.0014399321938973852, 0.002274742424040665, 0.4261549263658497, 0.21409776147376652, 0.46834287931577423, 0.1975518750113046, 2.9640252896503516, 3.26053824141153, 200.82250330110892, 0.17451250826225634, 0.6006366548505075, 5.3131816655420545, 0.18974369377766287, 1.0853101433917658, 0.7189532086956002, 1.1620358667906252, 0.1332182274311604, 0.1965424031359967, 0.9911653601320767, 0.0022102100760266314, 0.001393849090593702, 0.002247852235737195, 1.0779927855001366, 1.7106710466758084], "bias": null, "scaled_weights": [24.546722878958924, 0.19497294339535656, 0.4008412698890604, 2.1956029273661466, 0.33687490446133617, 0.00023566236749853357, 2.0164310557220135, 0.02412027584584193, 6.8225398080525474, 0.6544892467329702, 0.036573715944376306, 0.4448994213141453, 0.00011860007264389433, 0.0015265965842032926, 4.0121833412559615, 2.3600648383135647, 3.2237901315571573, 0.1879954998354853, 2.833040979371331, 6.8375436655287185, 7.252597517706682e-05, 0.03235190194495008, 138.15966916865187, 248.05080680926991, 666.0329523069797, 61.728985795753964, 2.252008006548267, 8.944195440737913, 17.749026223067347, 20.30334658623677, 2.559960612931389, 0.6895040490349812, 0.001214005716866153, 8.49369888132308, 0.9366749497389378, 0.4665118107001023, 1.110187794284931, 1.2809548079174664, 11.44393341687352, 1.1624942086865067, 9.348054484482182, 4.297591496939356, 0.7387427458775171, 45.44450638840675, 163.27169057529997, 51.27934756936034, 0.9302903061297023, 0.014160177485455934], "columns": ["rsg_wmean_1v", "rsl_norm_2v", "rlg_norm_2v", "rlg_wmean_1v", "rc_wmean_1v", "rc_mean_1v", "rth_mean_1", "rth_norm_2", "rth_mean_1_penalty_removed", "rth_wmean_1v", "rth_sum_1v", "distances_mean", "cross_abs_dist_mean", "cross_compt_ge_dist_sum", "cross_compt_ge_dist_mean", "p_abs_final", "p_abs_max", "-log_p_abs_final", "-log_p_abs_mean", "-log_p_compt_mean", "cross_total_dist_mean", "cross_total_dist_min", "klein-nishina_rel_sum_mean", "klein-nishina_rel_sum_min", "klein-nishina_geo_mean", "klein-nishina_geo_max", "rsg_mean_1_tango", "rsg_mean_1_first_tango", "rsg_wmean_1v_tango", "rsg_norm_2_tango", "c_penalty_ell_mean_1_tango", "rc_wmean_1v_tango", "rc_mean_1v_penalty_removed_tango", "rc_cap_norm_2_tango", "rth_norm_2_tango", "distances_mean_tango", "cross_abs_min_tango", "cross_abs_ge_dist_min_tango", "cross_compt_ge_dist_mean_tango", "cross_compt_dist_min_tango", "p_compt_mean_tango", "-log_p_compt_mean_nonfinal_tango", "-log_klein-nishina_rel_geo_max_tango", "klein-nishina_sum_min_tango", "klein-nishina_geo_mean_tango", "klein-nishina_geo_max_tango", "-log_klein-nishina_geo_max_tango", "tango_v_sigma_tango"]}