{"model": "linear", "weights": [0.9261765463037109, 1.7259500793395062, 0.2499015663224237, 0.3582003572523849, 0.43910972831570183, 0.8854277912281867, 1.982747548543915, 0.3321875771399204, 0.4583590474283135, 0.10649508242428737, 0.9582606741897892, 2.5416193634581314, 1.7388645580867363, 1.771053861895752, 1.4085688617219465, 6.078153616331126, 1.3366401132730876, 2.8113407092476645, 0.8929447141425624], "scale": [0.4235973599444964, 5.3131816655420545, 1.1976369516195147, 7.473447370602289, 1.601432716260378, 1.601432716260378, 0.21375083461180985, 1.2603161809186687, 1.1681864888448454, 0.42992406377658965, 7.595329527219522, 1.127203775778837, 0.5532506452051402, 0.6084299906471051, 4.337194179849161, 1.7329180221000564, 33.6385215388613, 0.4658563832822701, 0.6287701388537806], "bias": null, "scaled_weights": [2.186454954358231, 0.3248430390650728, 0.20866220433871233, 0.04792973570154645, 0.27419805019414045, 0.5528972789414554, 9.27597570388325, 0.26357479350759627, 0.39236804380571055, 0.24770672636651392, 0.12616446340552478, 2.2548002571247685, 3.1429959877262887, 2.9108589141244012, 0.3247649985943064, 3.507467484794951, 0.039735400134304905, 6.034779838026233, 1.42014491300487], "columns": ["rc_mean_1_penalty_removed", "distances_mean", "rth_mean_1", "rth_norm_2v", "-log_p_abs_min", "-log_p_abs_final", "rsg_mean_1_first", "rth_wmean_1v", "cross_compt_dist_min", "first_is_not_largest", "rth_mean_1v_penalty_removed", "-log_p_abs_mean", "rth_mean_1_penalty_removed", "-log_p_compt_mean", "rc_wmean_1v", "ge_distances_mean", "rsl_norm_2v", "rsg_wmean_1v", "rth_norm_2"]}