{"model": "linear", "weights": [5.386161347010724, 1.5983641706852185, 2.292353654877394, 0.5799885502414921, 0.8322230236972007, 2.4615868606199927, 4.200210157343389, 0.20595686014569534, 1.945219747400724, 0.4566729026213546, 0.022580730235105973, 2.4355805647986855, 6.770923509915464, 4.563614759896722], "scale": [0.5538487286351177, 1.1976369516195147, 7.597408949214924, 0.6006366548505075, 7.473447370602289, 0.6434928479912737, 3.7724945378172055, 1.2603161809186687, 0.42992406377658965, 0.5532506452051402, 7.346704168032263, 4.337194179849161, 1.7329180221000564, 0.6473992353638894], "bias": null, "scaled_weights": [9.724968332570088, 1.334598242417134, 0.30172834846731184, 0.965622969490341, 0.1113573137573499, 3.8253523225690516, 1.113377399288075, 0.16341681814762501, 4.524565874059934, 0.8254358247553865, 0.0030735864298662764, 0.5615567262619978, 3.907238209520173, 7.049150679536423], "columns": ["rth_mean_1_penalty_removed_tango", "rth_mean_1", "rth_mean_1v_penalty_removed_tango", "rth_norm_2_tango", "rth_norm_2v", "rth_wmean_1v_penalty_removed", "c_penalty_ell_mean_1", "rth_wmean_1v", "first_is_not_largest", "rth_mean_1_penalty_removed", "rth_norm_2v_tango", "rc_wmean_1v", "ge_distances_mean", "rth_wmean_1v_penalty_removed_tango"]}