{"model": "linear", "weights": [-1.4069694103810544, 0.28499932269767997, 4.182550861673661, 1.6230896869442855e-10, 2.0516533896532305, 0.2683005567387654, -1.7776572106964566e-10, 1.5832188140809573e-10, 0.4623877717985225, -1.7091730473023956, -8.315095790926583e-12, 8.608625821307677e-11, 0.43751749294331166, 6.413581936904395, 2.1313342676323492e-10, 29.085937848654563, -10.858559828547307, 2.0509794980549886e-10, -4.980250639339009e-11, -6.796772814938234e-11, -1.3773374955553115e-10, -4.965481468113129e-09, 1.533136472243637e-10, 1.807592115060348e-10, 2.416011866173062e-07, 1.8075921150592705e-10, 7.822260676272276e-11, 1.0046556364406722e-10, -0.4991537238299991, 1.045525415608001e-10, 2.5426298870859937e-09, 1.4689647124527074e-08, 5.0200510648905e-10, 1.5674527656615025, 9.222011029791058e-25, 1.1482070033941358, -0.21090747091262993, 0.1350930355597455, 1.4711528898774906, -2.3542154993415494, 0.0035127793306146326, 2.542397180398286e-10, 0.061595777292228635, 9.149507547899754, -4.506037775760432e-24, 6.428536807650901e-24, 0.06860429245101905, 0.602656165409035, 8.430970262400317, -0.44449835171792845, -1.2763560175588586, 3.416819098926908, -0.23042188090181276, 1.2927506700593292, 0.623818696487694, -0.30378384934053015, -2.0660512575863034e-10, -0.12215079217781269, -0.27704101464387154, -1.933104466350688e-10, 0.593765911715531, 1.2436663765514793e-11, -0.08431805557182688, -0.2928831808391904, -1.5822737141258574e-10, -1.5776127433898992, 1.071665935159223, 0.10110712096819623, -1.089768170536584e-09, 5.469546934883588e-10, -2.1896518115344565e-10, -1.891873099410175e-10, -0.20014436268818564, -1.4427695705525855e-10, 2.2261011468906697, -0.6044336553235289, 0.11791125124696603, 1.5127733408868536e-10, -6.264541712976181e-11, -0.0906451147512993, 1.0413198692134894e-10, -2.834997416008015e-11, 1.5362241275884583e-10, 1.6080624913022372, 1.8126008179949448e-10, 7.795081107138743e-11, -1.1637750140650083e-07, 1.0951110558416554e-10, 2.5884049348973693e-09, 5.045004007655629e-10, 2.8979179800715285e-08, 2.6377552388559256e-24, -0.3920361431994152, 0.3829588568032173], "scale": [1.5283808388405522, 0.6364397517941597, 0.42363632227642195, 0.21375083461180985, 0.4658563832822701, 0.6364397517941597, 0.19622567410861258, 2.656477160739345, 1.261123429568616, 0.7475731653346568, 0.3998970272255298, 0.8662048025870851, 1.2611234295686164, 214.3195371648319, 85.07289438663827, 64.04918323177633, 33.00520700474345, 35.96140016475422, 155383.850037125, 53502.88413678559, 47827.30742610575, 23379.244046614956, 871.8361771041352, 868.5048888508767, 199.57784037656205, 868.5048888508767, 4123.263963202542, 4110.831970396861, 899.5732515964763, 4110.848512554627, 10167.71999916096, 10140.214462295236, 2279.4260227014133, 10140.49932626295, 0.37644606025452726, 1.8466765957072728, 8.708497176862368, 0.6349777491789669, 0.36723169067093364, 0.14601883105541327, 0.36723169067093364, 5.720865135808337, 1.601432716260378, 1.127203775778837, 0.992565385308932, 0.047970882542836234, 1.601432716260378, 0.48044382949640846, 0.088015715360907, 0.12232437491732263, 3.477627568708073, 0.7192865363769918, 1.4662094072160536, 10.077907951487141, 2.43107446391819, 4.327960860341336, 0.08060055641253036, 0.4054090912781989, 1.1681864888448454, 0.41524305767843556, 0.09108687608333699, 0.08199323041843305, 7.303358237366297, 2.5177842244844952, 2.2140630440843605, 2.703992927097108, 0.7074632003475282, 0.4885169611233239, 0.9386358757472293, 0.14191435089513352, 0.04801670574719098, 0.8483633223693582, 0.09859629005797582, 2.644232767414133, 0.6084299906471051, 2.164621584344692, 0.7869990139718835, 0.2261573231269946, 0.35912053623971346, 0.22351434936122025, 0.07636650353370997, 0.0765136846367669, 871.8586365301849, 199.5796602185848, 868.4800892234279, 4123.577734449815, 899.6286752819528, 4110.816211922031, 10169.046489361092, 2279.705619879433, 10140.539943522452, 0.39248741072373394, 1.948750417011882, 9.042306375338375], "bias": null, "columns": ["rsg_sum_1", "rsg_sum_1_first", "rsg_mean_1", "rsg_mean_1_first", "rsg_wmean_1v", "rsg_wmean_1v_first", "rsg_norm_2", "rsg_sum_2", "rsg_sum_2_first", "rsg_mean_2", "rsg_mean_2_first", "rsg_wmean_2v", "rsg_wmean_2v_first", "rsg_sum_1v", "rsg_sum_1v_first", "rsg_mean_1v", "rsg_mean_1v_first", "rsg_norm_2v", "rsg_sum_2v", "rsg_sum_2v_first", "rsg_mean_2v", "rsg_mean_2v_first", "cross_abs_sum", "cross_abs_final", "cross_abs_mean", "cross_abs_max", "cross_abs_ge_dist_sum", "cross_abs_ge_dist_final", "cross_abs_ge_dist_mean", "cross_abs_ge_dist_max", "cross_abs_dist_sum", "cross_abs_dist_final", "cross_abs_dist_mean", "cross_abs_dist_max", "cross_abs_min", "cross_abs_ge_dist_min", "cross_abs_dist_min", "p_abs_sum", "p_abs_final", "p_abs_mean", "p_abs_max", "-log_p_abs_sum", "-log_p_abs_final", "-log_p_abs_mean", "-log_p_abs_max", "p_abs_min", "-log_p_abs_min", "cross_compt_sum", "cross_compt_mean", "cross_compt_max", "cross_compt_ge_dist_sum", "cross_compt_ge_dist_mean", "cross_compt_ge_dist_max", "cross_compt_dist_sum", "cross_compt_dist_mean", "cross_compt_dist_max", "cross_compt_min", "cross_compt_ge_dist_min", "cross_compt_dist_min", "cross_compt_sum_nonfinal", "cross_compt_mean_nonfinal", "cross_compt_min_nonfinal", "cross_compt_dist_sum_nonfinal", "cross_compt_dist_mean_nonfinal", "cross_compt_dist_min_nonfinal", "cross_compt_ge_dist_sum_nonfinal", "cross_compt_ge_dist_mean_nonfinal", "cross_compt_ge_dist_min_nonfinal", "p_compt_sum", "p_compt_mean", "p_compt_max", "p_compt_sum_nonfinal", "p_compt_mean_nonfinal", "-log_p_compt_sum", "-log_p_compt_mean", "-log_p_compt_max", "-log_p_compt_sum_nonfinal", "-log_p_compt_mean_nonfinal", "p_compt_min", "p_compt_min_nonfinal", "-log_p_compt_min", "-log_p_compt_min_nonfinal", "cross_total_sum", "cross_total_mean", "cross_total_max", "cross_total_ge_dist_sum", "cross_total_ge_dist_mean", "cross_total_ge_dist_max", "cross_total_dist_sum", "cross_total_dist_mean", "cross_total_dist_max", "cross_total_min", "cross_total_ge_dist_min", "cross_total_dist_min"]}