{"model": "linear", "weights": [-1.541909976814421, -1.2652877351691032, 8.011468426919365, 1.4383257682852266, 8.42961887973937, 0.5191757147749683, 2.7548021797790736, 2.9503447626448973, 0.6272525316988155, -0.3135060702646201, 1.4065336706392046, -1.3935084208334818, 2.2045753531827876, 2.9923967806291056, -2.696897994428451, 76.08598789680198, 4.914660910457027, -1.7832258656443538, 3.02470476462351, 0.043706583970087295, 1.0545528859962907, 1.4266632886465784, -1.6904688632362437, -1.628062262381157, 5.654979623314019], "scale": [1.6100771955661388, 233.22198261665196, 1.7329180221000564, 8.678771301320403, 0.5402900929110258, 13.973363326582698, 0.6434928479912737, 1.1976369516195147, 0.543664319034312, 1.2176681725039065, 0.1696726764555906, 0.7608165262998224, 0.7871009719888403, 2.5825886301091328, 1.7374066601320535, 33.6385215388613, 4.337194179849161, 0.6287701388537806, 0.4235973599444964, 1929.7669813595455, 0.42992406377658965, 0.66646472279015, 1.3328099433111336, 1.7106710466758084, 22.71963640955836], "bias": null, "columns": ["rc_sum_1_penalty_removed", "rc_mean_2", "ge_distances_mean", "ge_distances_sum", "rsl_wmean_1v", "rth_mean_1v", "rth_wmean_1v_penalty_removed", "rth_mean_1", "rc_cap_wmean_1v", "rc_wmean_2v_penalty_removed", "rc_cap_norm_2", "rc_cap_mean_2", "tango_sigma", "rc_norm_2", "rth_cap_wmean_2v", "rsl_norm_2v", "rc_wmean_1v", "rth_norm_2", "rc_mean_1_penalty_removed", "rth_mean_2v", "first_is_not_largest", "c_penalty_sum_1", "rth_cap_mean_2", "tango_v_sigma", "distances_sum"]}