{"model": "linear", "weights": [0.663667561696192, 2.4065490466530375, 4.757589665234406, 5.777347296752869, 1.6571411533643678, 5.096681109335849, 0.8978430994067907, 9.545669497178942, 2.8420229595660067, 1.776097040761457, 13.406372623039303, 0.26124685288673033, 0.5828166742698744, 0.14567349110786798, 35.10840693776493, 1.1781927022579373, 1.5428120712704276, 0.57749584170677, 3.9162563505912193, 18.32960513417547, 1.3681832549351092, 1.0119844573217884], "scale": [0.36723169067093364, 10.103315074256233, 0.46834287931577423, 0.5249672634021163, 9.042306375338375, 0.6084299906471051, 0.09199963182429603, 0.4261549263658497, 2.420221909623704, 1.127203775778837, 0.7189532086956002, 0.36723169067093364, 1.0853101433917658, 0.21409776147376652, 35.96140016475422, 1.601432716260378, 0.1332182274311604, 1.1620358667906252, 1.601432716260378, 0.4658563832822701, 0.08972618057006633, 1.9936171909616018], "bias": null, "scaled_weights": [1.8072175647032775, 0.23819400156935105, 10.15834738895787, 11.005157272687908, 0.18326531800382126, 8.376774957978641, 9.759203179437952, 22.39952868451433, 1.1742819731798413, 1.5756663337418915, 18.647072522789824, 0.7113951750989447, 0.5370047242426761, 0.6804064185683576, 0.9762803110256729, 0.7357116476358874, 11.58108842176019, 0.49696903358218186, 2.445470428340164, 39.34604266883955, 15.248428566138594, 0.5076122246085105], "columns": ["p_abs_max", "cross_compt_dist_sum_tango", "rsg_wmean_1v_tango", "-log_p_compt_mean_tango", "cross_total_dist_min", "-log_p_compt_mean", "p_compt_mean_nonfinal_tango", "rsg_mean_1_tango", "cross_compt_dist_mean_tango", "-log_p_abs_mean", "cross_compt_ge_dist_mean_tango", "p_abs_final", "cross_abs_ge_dist_min_tango", "rsg_mean_1_first_tango", "rsg_norm_2v", "-log_p_abs_final", "p_compt_mean_tango", "cross_compt_dist_min_tango", "-log_p_abs_min", "rsg_wmean_1v", "cross_compt_mean_nonfinal_tango", "-log_p_compt_max_tango"]}