{"model": "linear", "weights": [2.258131216901146e-05, 3.698123096918679e-12, 5.4479882661314804e-06, 4.01694279458034e-05, 7.298285738418619e-11, 2.506667446867284e-07, 4.343931852917031e-05, 0.0017319407289037006, 2.525433899477041e-11, 6.086000783956654e-06, 2.313865197402634e-05, 5.5012749599803585e-08, 5.2284442155926116e-11, 1.11661327543294e-05, 6.584559233059001e-07, 3.988974552366293e-07, 3.5104396911762646e-07, 2.918639982851486e-11, 6.537002987001975e-10, 1.5426543613691794e-11, 0.998006009137385, 6.084321025478125e-06, 6.351057305603877e-10, 8.675392206141884e-12, 3.056264962943311e-10, 2.6689160327311586e-08, 4.505954865149403e-11, 1.7246751861907665e-11, 1.4470770105577883e-10, 1.3444248426755762e-05, 1.7499212705946542e-11, 2.472073338899377e-05, 4.266522847978977e-05, 1.1707864857147376e-05, 3.029048741879959e-10, 4.513632418377761e-08, 3.7807729676320366e-10, 2.4747922042352893e-10, 9.612745423443671e-06, 2.0851008412894555e-11], "scale": [0.4235973599444964, 688.1632898444103, 238.27417713172204, 22.71963640955836, 7.473447370602289, 21036873.461330827, 0.5402900929110258, 99.69769740657071, 5011.190796000346, 0.6434928479912737, 3.7724945378172055, 6101106.625306113, 13.973363326582698, 0.7871009719888403, 21036873.33102735, 1.2603161809186687, 304020918.855084, 40.20285830429307, 295557.1589603487, 688.1331106483699, 638366286.2120825, 0.42992406377658965, 1070.893488978808, 841.4849764931672, 2476.5963756571095, 97210.69359732965, 1929.7669813595455, 3.977608728955865, 887.0601153654164, 4.337194179849161, 25.37585494580248, 1.7329180221000564, 8.678771301320403, 0.2206275929590759, 356.9655052095232, 6101106.645181805, 33.6385215388613, 623.2785034999596, 0.7017887753092958, 0.66646472279015], "bias": null, "scaled_weights": [5.3308434622846256e-05, 5.37390347827883e-15, 2.2864367140882996e-08, 1.768048890470085e-06, 9.76562137458452e-12, 1.1915589317371443e-14, 8.039999085514202e-05, 1.737192306298495e-05, 5.0395883978169456e-15, 9.457759791666224e-06, 6.133515036820847e-06, 9.016847758670897e-15, 3.7417220846509476e-12, 1.4186404478849653e-05, 3.1300084995746084e-14, 3.165058588281119e-07, 1.1546704432038004e-15, 7.259782279062029e-13, 2.2117559290380664e-15, 2.241796445335505e-14, 1.5633751823883451e-09, 1.4152082979565077e-05, 5.930615295513819e-13, 1.0309622213691807e-14, 1.2340585623817684e-13, 2.745496337868402e-13, 2.334973553115154e-14, 4.335959878697016e-12, 1.6313178616554954e-13, 3.0997570939337853e-06, 6.896009117060766e-13, 1.4265379593107162e-05, 4.916044794647211e-06, 5.306618587512334e-05, 8.48555027775594e-13, 7.39805527238618e-15, 1.1239414797895484e-11, 3.970604136575119e-13, 1.3697490985385303e-05, 3.1285989640384794e-11], "columns": ["rc_mean_1_penalty_removed", "rc_cap_sum_1v", "tango_variance", "distances_sum", "rth_norm_2v", "rc_cap_sum_2v", "rsl_wmean_1v", "rsl_mean_1v", "rth_sum_2v", "rth_wmean_1v_penalty_removed", "c_penalty_ell_mean_1", "rc_mean_2v_penalty_removed", "rth_mean_1v", "tango_sigma", "rc_sum_2v_penalty_removed", "rth_wmean_1v", "rc_mean_2v", "rth_sum_1v", "rsl_sum_2v", "rc_sum_1v_penalty_removed", "rc_sum_2v", "first_is_not_largest", "rsl_sum_2", "tango_v_variance", "rc_sum_1v", "rsl_mean_2v", "rth_mean_2v", "rth_sum_1", "rc_mean_1v", "rc_wmean_1v", "rth_sum_2", "ge_distances_mean", "ge_distances_sum", "c_penalty_mean_1", "rsl_mean_2", "rc_cap_mean_2v", "rsl_norm_2v", "rc_norm_2v", "rsl_mean_1", "c_penalty_sum_1"]}