{"model": "linear", "weights": [1.0822918584200941e-09, 3.3017335002448304e-10, -0.6834950531398982, 0.17210024762092802, 0.9945953926218419, 23.24980673996257, -0.7186978465310658, 2.6040539665166593e-09, 2.415216524044628, 2.746612286674776, -1.2467590637496762e-10, -25.147120586421654, -1.0826786771166999, 1.1485936932574732e-09, 4.168621958200041, 4.2467856007511654e-09, 3.641981666753553e-12, 2.101120674130574e-12, 1.1636443246650492e-12, -0.3007991907047777, 1.5981493518564895, 0.6428393067907318, -4.5750988753902077e-10, -6.418416656648901e-11, 8.221607832633757e-10, -0.1104830713326832, 4.555615290377981e-10, -3.536425067650612, 1.5180595265384729, -2.320485876539101, 1.4029486042189257e-09, 4.760359909626162e-10, 4.3992835666779576e-09, 4.11800553718846e-09, 1.7342880847884692e-10, 1.8136517940628083e-10, 4.812693946696301e-10, 1.231251173515674e-08, 1.7339976535907634e-10, 1.8132091633494617e-10, 1.7227353246113066e-10, 1.8968766001640653, -0.9198768794827661, -0.7411482932080716, 0.5039268035704582, 6.316963533339176e-10, 0.4768746164256117, 1.2551617721704669, 3.3503378850615295, -0.9713061198550095, -0.14892946082119454, -1.2811247562783972, -2.4377600260042985e-10, -1.6389930191458215, -1.070957873426742, 0.13688342663570371, 2.360872031337523, -1.3557889501114524, -0.05322088835652467, -0.867499258763694, 1.5941237505050858, 0.47658972127765836, 1.8930649553726995, 3.0239602255288665, -5.002324988518127e-10, 7.232462317523768, 2.675030980275483e-11, -9.298806755436049, -8.34432133579643e-11, 2.370726573826153, 0.8794226915301713, 5.850569432976696, -2.172557822319594, -1.3143743019306477e-10], "scale": [0.66646472279015, 0.2206275929590759, 11.755027968701482, 3.7724945378172055, 720.368414096746, 229.96953846920044, 11.73617963181699, 3.737708991950296, 4.337194179849161, 2.5825886301091328, 730.3230570802035, 233.22198261665196, 294.62281748766827, 2476.5963756571095, 887.0601153654164, 623.2785034999596, 638366286.2120825, 304020918.855084, 1.5608084364073767, 0.3979341355844085, 0.543664319034312, 0.1696726764555906, 2.7973640163755675, 0.7608165262998224, 1.2068847869736086, 1.6100771955661388, 0.4235973599444964, 2.8240662861582497, 0.7703065474657396, 0.5457937966516953, 1.2176681725039065, 688.1632898444103, 200.80334788715354, 143.33932827752028, 21036873.461330827, 6101106.645181805, 688.1331106483699, 200.8005382687225, 21036873.33102735, 6101106.625306113, 3.977608728955865, 1.1976369516195147, 1.2603161809186687, 0.6287701388537806, 25.37585494580248, 8.28284233511746, 9.623400619381812, 40.20285830429307, 13.973363326582698, 7.473447370602289, 5011.190796000346, 1929.7669813595455, 2.0300590195458823, 0.5066134782096677, 0.5893559489137365, 0.21719403031199278, 4.923794892770277, 1.3328099433111336, 1.7374066601320535, 2.118218078284036, 0.5532506452051402, 4.9746442137544005, 1.3475951441098866, 0.6434928479912737, 1.828008201640765, 24.586307597671478, 7.674625597300401, 4.1406037639947915, 1881.141068108714, 592.1601781106464, 24.362502108964613, 7.595329527219522, 1878.2357793468932, 591.2025205456359], "bias": null, "columns": ["c_penalty_sum_1", "c_penalty_mean_1", "c_penalty_ell_sum_1", "c_penalty_ell_mean_1", "c_penalty_ell_sum_2", "c_penalty_ell_mean_2", "rc_sum_1", "rc_mean_1", "rc_wmean_1v", "rc_norm_2", "rc_sum_2", "rc_mean_2", "rc_wmean_2v", "rc_sum_1v", "rc_mean_1v", "rc_norm_2v", "rc_sum_2v", "rc_mean_2v", "rc_cap_sum_1", "rc_cap_mean_1", "rc_cap_wmean_1v", "rc_cap_norm_2", "rc_cap_sum_2", "rc_cap_mean_2", "rc_cap_wmean_2v", "rc_sum_1_penalty_removed", "rc_mean_1_penalty_removed", "rc_sum_2_penalty_removed", "rc_mean_2_penalty_removed", "rc_wmean_1v_penalty_removed", "rc_wmean_2v_penalty_removed", "rc_cap_sum_1v", "rc_cap_mean_1v", "rc_cap_norm_2v", "rc_cap_sum_2v", "rc_cap_mean_2v", "rc_sum_1v_penalty_removed", "rc_mean_1v_penalty_removed", "rc_sum_2v_penalty_removed", "rc_mean_2v_penalty_removed", "rth_sum_1", "rth_mean_1", "rth_wmean_1v", "rth_norm_2", "rth_sum_2", "rth_mean_2", "rth_wmean_2v", "rth_sum_1v", "rth_mean_1v", "rth_norm_2v", "rth_sum_2v", "rth_mean_2v", "rth_cap_sum_1", "rth_cap_mean_1", "rth_cap_wmean_1v", "rth_cap_norm_2", "rth_cap_sum_2", "rth_cap_mean_2", "rth_cap_wmean_2v", "rth_sum_1_penalty_removed", "rth_mean_1_penalty_removed", "rth_sum_2_penalty_removed", "rth_mean_2_penalty_removed", "rth_wmean_1v_penalty_removed", "rth_wmean_2v_penalty_removed", "rth_cap_sum_1v", "rth_cap_mean_1v", "rth_cap_norm_2v", "rth_cap_sum_2v", "rth_cap_mean_2v", "rth_sum_1v_penalty_removed", "rth_mean_1v_penalty_removed", "rth_sum_2v_penalty_removed", "rth_mean_2v_penalty_removed"]}