{"model": "linear", "weights": [3.864984627342998e-11, 1.7785512976575873e-05, 0.2143507602933661, 1.305032390978966e-05, 1.2452445442365998e-09, 0.00012020954177806271, 2.919233899222441e-05, 4.413563365258509e-10, 7.71428985836545e-06, 1.1055988587338628e-05, 3.405720856005368e-06, 1.365008850009691e-11, 3.8444826221341046e-11, 0.21434910004575075, 1.7564696006638436e-12, 0.13910801643878443, 4.270912998085741e-06, 4.095656863205043e-05, 9.4056565901363e-09, 6.9423808020046904e-09, 2.212438269380987e-12, 1.2621354661787315e-11, 1.325019554998867e-05, 6.71081321938561e-05, 8.476444238348686e-06, 4.027197385743641e-11, 6.4038723359213016e-06, 2.8135570053505163e-12, 1.7237649768283413e-05, 0.0005615790187174091, 2.6298161425747105e-10, 2.5815382637154742e-05, 4.320680822492979e-11, 5.3024125773521534e-05, 1.4844791621042402e-12, 3.977551777145605e-12, 6.723431344664021e-12, 5.9283556513414346e-05, 2.2603535212760853e-05, 9.286958364487902e-05, 8.263497943415176e-09, 9.108394633572018e-11, 4.541028051954597e-11, 1.3147685864254131e-10, 2.541686174403939e-08, 1.3964214324050275e-05, 1.6334836947382748e-10, 1.281782945142358e-12, 3.389773794834624e-05, 2.9192338836226063e-05, 1.0750460163366055e-10, 7.379548799906506e-10, 0.001024100969533572, 1.4836550069267227e-12, 8.244476162968364e-12, 8.817589364444584e-06, 5.758224417416905e-06, 6.9448919068153025e-06, 1.2738164808796282e-05, 2.0056420783179295e-10, 1.1705989439250827e-07, 3.209591417337999e-11, 2.409564287265827e-10, 1.8935782367764827e-06, 4.4113513422986664e-05, 4.662178617212948e-12, 0.00045383474634320964, 1.4681937709792488e-13, 4.054196210581605e-11, 7.215054227475025e-06, 8.528939940330564e-05, 1.8935782367935386e-06, 1.1966203112781705e-10, 2.8294645860466753e-12, 6.48181638582751e-05, 0.21435048736492143, 0.00033156917040860935, 4.292944410849975e-06, 2.761927169079649e-10, 9.940314157152647e-12, 4.400977584279348e-12, 1.0354205602147784e-11, 2.539755550357846e-10, 2.5684696593471877e-10, 0.21434582844700392, 9.790615495616942e-11, 1.7456385048966296e-10, 8.446020914285869e-08, 2.5571014287676188e-12, 4.218948813804186e-11, 4.5973159552931305e-06, 7.795053682475826e-11, 8.446443620260174e-10, 1.9821498080348273e-10, 1.9276154761954257e-10, 1.3906134580335533e-12, 5.91625704847951e-11, 6.450779503521571e-08, 7.203096523788165e-05, 3.80696027009858e-05, 7.516116541858217e-05], "scale": [2279.4260227014133, 238.27417713172204, 0.39248741072373394, 10167.71999916096, 0.07636650353370997, 1.7329180221000564, 0.36723169067093364, 2.164621584344692, 1.1681864888448454, 841.4849764931672, 64.04918323177633, 200.8005382687225, 2279.705619879433, 0.37644606025452726, 0.14601883105541327, 304020918.855084, 1.1976369516195147, 1.8466765957072728, 6101106.625306113, 10169.046489361092, 1.2068847869736086, 0.6349777491789669, 0.6084299906471051, 0.8483633223693582, 638366286.2120825, 330.61578168981686, 0.2261573231269946, 1.2176681725039065, 0.42363632227642195, 1.127203775778837, 10140.539943522452, 0.09108687608333699, 23379.244046614956, 3.7724945378172055, 11.755027968701482, 0.41524305767843556, 0.543664319034312, 5.3131816655420545, 0.4235973599444964, 0.48044382949640846, 6101106.645181805, 887.0601153654164, 0.08060055641253036, 2476.5963756571095, 21036873.461330827, 0.5532506452051402, 356.9655052095232, 0.7017887753092958, 720.368414096746, 0.36723169067093364, 47827.30742610575, 1070.893488978808, 99.69769740657071, 1.828008201640765, 143.33932827752028, 0.19622567410861258, 0.2206275929590759, 0.6287701388537806, 0.7869990139718835, 155383.850037125, 0.42992406377658965, 35.96140016475422, 0.8662048025870851, 1.601432716260378, 0.21375083461180985, 0.7192865363769918, 0.088015715360907, 1.7374066601320535, 688.1632898444103, 0.14191435089513352, 0.04801670574719098, 1.601432716260378, 623.2785034999596, 0.5893559489137365, 0.4658563832822701, 0.047970882542836234, 214.3195371648319, 0.7871009719888403, 2.5825886301091328, 0.5457937966516953, 200.80334788715354, 0.6434928479912737, 10140.214462295236, 10140.49932626295, 0.992565385308932, 5.720865135808337, 295557.1589603487, 21036873.33102735, 0.4397715460134327, 33.6385215388613, 4.337194179849161, 688.1331106483699, 97210.69359732965, 0.9386358757472293, 0.08199323041843305, 1.7106710466758084, 53502.88413678559, 0.4885169611233239, 0.35912053623971346, 2.644232767414133, 0.0765136846367669], "bias": null, "scaled_weights": [1.6955955529377054e-14, 7.464305696350695e-08, 0.546134103761724, 1.283505437882492e-09, 1.630616155795217e-08, 6.936827954064752e-05, 7.949297332942562e-05, 2.0389537816581698e-10, 6.6036458493829025e-06, 1.3138664261617274e-08, 5.317352515926712e-08, 6.797834616274583e-14, 1.6863943259206545e-14, 0.5694018949243949, 1.2029062196760594e-11, 4.575606736623682e-10, 3.5661165867589194e-06, 2.2178528025565925e-05, 1.5416312429492061e-15, 6.826973216483812e-13, 1.8331810072185187e-12, 1.9876845571528865e-11, 2.1777683141319543e-05, 7.910305693842661e-05, 1.3278339444656359e-14, 1.2180898822071207e-13, 2.8316006960894746e-05, 2.3106106153410935e-12, 4.068973518525609e-05, 0.0004982054095138107, 2.5933689499981485e-14, 0.0002834149522653054, 1.848084058611195e-15, 1.4055454618153458e-05, 1.2628461336346978e-13, 9.578851960544571e-12, 1.236687990965927e-11, 1.11578259967827e-05, 5.336089728161331e-05, 0.00019329956582483959, 1.3544260777577237e-15, 1.0268069182458842e-13, 5.633990947547153e-10, 5.3087721493437486e-14, 1.2082052872904184e-15, 2.5240303730459226e-05, 4.576026733394004e-13, 1.8264511919237296e-12, 4.7056113628815695e-08, 7.94929729046302e-05, 2.247766128163446e-15, 6.891020326347826e-13, 1.0272062406388907e-05, 8.116238240042023e-13, 5.751719546924467e-14, 4.493596163957614e-05, 2.6099294019334174e-05, 1.1045199950932029e-05, 1.6185744305457754e-05, 1.2907661110461175e-15, 2.722803961337194e-07, 8.925101366002207e-13, 2.781748935204706e-10, 1.182427595958146e-06, 0.00020637820433824574, 6.481670907808305e-12, 0.0051562921971635145, 8.450490058945999e-14, 5.891328802933145e-14, 5.084090637744263e-05, 0.0017762442899010235, 1.1824275959687964e-06, 1.9198806064362335e-13, 4.800943455753292e-12, 0.00013913765311443784, 4.4683457131211695, 1.5470786041946398e-06, 5.4541215976428e-06, 1.0694413879468438e-10, 1.8212581781130387e-11, 2.191685363110872e-14, 1.6090630431199752e-11, 2.5046369184808863e-14, 2.5328828262875477e-14, 0.2159513434777797, 1.7113872225959343e-11, 5.90626365146114e-16, 4.01486512818842e-15, 5.814613182567098e-12, 1.2542016179070759e-12, 1.0599746667217507e-06, 1.1327828238247689e-13, 8.688800900081423e-15, 2.111734549307395e-10, 2.3509446650147777e-09, 8.129052401604658e-13, 1.1057828272124536e-15, 1.320482197524581e-07, 0.00020057601270065178, 1.4397220687275237e-05, 0.0009823231723239375],