{"model": "linear", "weights": [5.902452255801975, 1.5262238329193847, 2.319797448315201, 0.6213138535901569, 0.8370339343394109, 2.947474074416215, 4.22598861003014, 0.24986487608944138, 1.9415406045406483, 2.4167112915138467, 6.744748423460512, 3.996548466084582], "scale": [0.5538487286351177, 1.1976369516195147, 7.597408949214924, 0.6006366548505075, 7.473447370602289, 0.6434928479912737, 3.7724945378172055, 1.2603161809186687, 0.42992406377658965, 4.337194179849161, 1.7329180221000564, 0.6473992353638894], "bias": null, "scaled_weights": [10.65715591755124, 1.2743626779847896, 0.3053406054382417, 1.0344254693293664, 0.11200104755296536, 4.580430199989084, 1.1202106637045868, 0.1982557074743816, 4.516008216626765, 0.5572061547859716, 3.8921335789945863, 6.173236308872386], "columns": ["rth_mean_1_penalty_removed_tango", "rth_mean_1", "rth_mean_1v_penalty_removed_tango", "rth_norm_2_tango", "rth_norm_2v", "rth_wmean_1v_penalty_removed", "c_penalty_ell_mean_1", "rth_wmean_1v", "first_is_not_largest", "rc_wmean_1v", "ge_distances_mean", "rth_wmean_1v_penalty_removed_tango"]}