{"model": "linear", "weights": [7.829733984863651, 8.18848116139905, 43.13554122033923, 9.361483153697819, 0.045712537010286304, 1.0227800586033649, 2.57131688563221, -1.3814591049522051, 2.0584021214676693, 1.7934924550967912, 1.546542129462859, 1.61730714059034, 2.506337299167531, 8.639126530652474, -0.6707593392482085, 4.162159604217315, -0.5178050071552583, 1.257000513167444, -0.9398271994402435, -3.3542914893335265, 1.5052138525907908, 3.2884447400191137, 3.1948636763489158, 0.059824890541650244, 0.5693828333929924, -0.27611275444111555, 1.0118419643657401, 0.02374612894529609], "scale": [0.42363632227642195, 0.4658563832822701, 64.04918323177633, 35.96140016475422, 199.57784037656205, 1.8466765957072728, 0.36723169067093364, 0.14601883105541327, 0.36723169067093364, 1.601432716260378, 1.127203775778837, 1.601432716260378, 0.48044382949640846, 0.7192865363769918, 1.4662094072160536, 2.43107446391819, 0.4054090912781989, 0.09108687608333699, 2.5177842244844952, 2.703992927097108, 0.7074632003475282, 0.14191435089513352, 0.6084299906471051, 0.7869990139718835, 0.2261573231269946, 0.22351434936122025, 2279.705619879433, 9.042306375338375], "bias": null, "scaled_weights": [18.4822064897324, 17.577265129879123, 0.6734752739038623, 0.2603203187531339, 0.00022904615524467153, 0.5538490393937345, 7.001892676893992, -9.46082840800136, 5.605186517827373, 1.1199299457831147, 1.3720164558482622, 1.0099126389568407, 5.216712433989678, 12.01068849997846, -0.45747854020511586, 1.7120658646996423, -1.2772407385406446, 13.800017820540821, -0.3732755135649755, -1.2404956594818284, 2.127621411052027, 23.172038058709678, 5.250996376675925, 0.07601647458199681, 2.517640488136065, -1.2353245115144322, 0.0004438476422316551, 0.0026261141748149933], "columns": ["rsg_mean_1", "rsg_wmean_1v", "rsg_mean_1v", "rsg_norm_2v", "cross_abs_mean", "cross_abs_ge_dist_min", "p_abs_final", "p_abs_mean", "p_abs_max", "-log_p_abs_final", "-log_p_abs_mean", "-log_p_abs_min", "cross_compt_sum", "cross_compt_ge_dist_mean", "cross_compt_ge_dist_max", "cross_compt_dist_mean", "cross_compt_ge_dist_min", "cross_compt_mean_nonfinal", "cross_compt_dist_mean_nonfinal", "cross_compt_ge_dist_sum_nonfinal", "cross_compt_ge_dist_mean_nonfinal", "p_compt_mean", "-log_p_compt_mean", "-log_p_compt_sum_nonfinal", "-log_p_compt_mean_nonfinal", "p_compt_min_nonfinal", "cross_total_dist_mean", "cross_total_dist_min"]}