{"model": "linear", "weights": [0.1395690487066209, 2.46125891981794e-11, 0.5942156348580444, 0.963603164616301, 3.043872771963753e-11, 2.610244077779523e-11, 2.7037364174206038e-11, 2.8516540889151402e-11, 1.0862571965946812, 3.790645056916145e-11, 2.5606681430559506e-11, 2.92007284070689e-11, 3.141567366843509e-11, 5.149144978738252e-10, 0.6866589237910994, 1.909397359875056e-09, 6.90504851192068e-11, 6.593052561627234e-11, 5.341954517140012e-10, 7.991745274749254e-10, 4.69534211341329e-10, 5.292943587845916e-10, 6.383551338194809e-10, 7.216410252561798e-10, 4.669137738538679e-10, 8.539768476483302e-11, 7.146842653562241e-11, 5.139517889252428e-11, 8.633669582630482e-11, 4.8608204248724393e-11, 3.484224909201062e-11, 8.189864426278867e-11, 8.349183121217082e-11, 8.52016390151172e-11, 6.924581926765479e-11, 7.201501681853282e-11, 9.163080141505837e-11, 1.0882880179137933e-10, 6.92481491354835e-11, 7.202126497921934e-11, 2.904356732053053e-11, 2.4943128330788967e-11, 3.0177733135057723e-11, 0.24475050173909974, 1.3792083502238622e-10, 2.479849899336689e-11, 4.5585357310378467e-11, 1.6772355697108667, 3.674588955544156e-10, 7.636687537252118e-11, 2.962273424612036e-11, 3.0409738853062375e-11, 4.413211072516666e-10, 2.4136523131005196e-10, 5.632831112094342e-10, 7.102740511243232e-10, 7.875587903243984e-10, 8.399854499816119e-10, 6.496947412329896e-10, 4.285668983299055e-11, 0.6952407723870067, 2.8344563729864597e-11, 1.9453340496685443, 0.6871507582579688, 2.309151000195258e-10, 2.5341635230829468e-11, 3.1573196541938265e-11, 3.640158350690148e-11, 4.7556769020629637e-11, 5.03603903551012e-11, 1.2088933971208168e-10, 2.466025283437266, 5.858854725819215e-11, 8.428453232026752e-11], "scale": [0.66646472279015, 0.2206275929590759, 11.755027968701482, 3.7724945378172055, 720.368414096746, 229.96953846920044, 11.73617963181699, 3.737708991950296, 4.337194179849161, 2.5825886301091328, 730.3230570802035, 233.22198261665196, 294.62281748766827, 2476.5963756571095, 887.0601153654164, 623.2785034999596, 638366286.2120825, 304020918.855084, 1.5608084364073767, 0.3979341355844085, 0.543664319034312, 0.1696726764555906, 2.7973640163755675, 0.7608165262998224, 1.2068847869736086, 1.6100771955661388, 0.4235973599444964, 2.8240662861582497, 0.7703065474657396, 0.5457937966516953, 1.2176681725039065, 688.1632898444103, 200.80334788715354, 143.33932827752028, 21036873.461330827, 6101106.645181805, 688.1331106483699, 200.8005382687225, 21036873.33102735, 6101106.625306113, 3.977608728955865, 1.1976369516195147, 1.2603161809186687, 0.6287701388537806, 25.37585494580248, 8.28284233511746, 9.623400619381812, 40.20285830429307, 13.973363326582698, 7.473447370602289, 5011.190796000346, 1929.7669813595455, 2.0300590195458823, 0.5066134782096677, 0.5893559489137365, 0.21719403031199278, 4.923794892770277, 1.3328099433111336, 1.7374066601320535, 2.118218078284036, 0.5532506452051402, 4.9746442137544005, 1.3475951441098866, 0.6434928479912737, 1.828008201640765, 24.586307597671478, 7.674625597300401, 4.1406037639947915, 1881.141068108714, 592.1601781106464, 24.362502108964613, 7.595329527219522, 1878.2357793468932, 591.2025205456359], "bias": null, "scaled_weights": [0.20941700878377484, 1.1155716684424316e-10, 0.05054991246640857, 0.2554286440859499, 4.2254389731681914e-14, 1.1350390556743715e-13, 2.303761958525862e-12, 7.629417097630113e-12, 0.25045159417613605, 1.4677695908372224e-11, 3.506212926226619e-14, 1.2520572923465053e-13, 1.0663014472648585e-13, 2.0791215836985313e-13, 0.0007740838663546905, 3.0634737908543634e-12, 1.0816749977342377e-19, 2.168618063012272e-19, 3.422556152653792e-10, 2.0083085516181034e-09, 8.63647281792086e-10, 3.1195026202296447e-09, 2.2819880790722834e-10, 9.485086092514711e-10, 3.8687518385636766e-10, 5.3039497112314104e-11, 1.6871782804545065e-10, 1.8198998778615885e-11, 1.1208095804241462e-10, 8.905964953600286e-11, 2.8613911309157456e-11, 1.1901048119161583e-13, 4.1578903982761853e-13, 5.944051785296336e-13, 3.2916402427832157e-18, 1.1803599085651922e-17, 1.3315854156287057e-13, 5.419746517100394e-13, 3.291751014793115e-18, 1.180462322695529e-17, 7.301765784327047e-12, 2.082695285667281e-11, 2.3944573268162432e-11, 0.38925274375349433, 5.435120720738524e-12, 2.9939600429464434e-12, 4.736928151839404e-12, 0.04171931152297603, 2.629709733914725e-11, 1.0218426863206335e-11, 5.911316382079001e-15, 1.5758243946965204e-14, 2.1739323980363324e-10, 4.764287601723857e-10, 9.55760457237501e-10, 3.270228238336181e-09, 1.5994955262673296e-10, 6.302364821009774e-10, 3.739451195516937e-10, 2.0232425675315107e-11, 1.2566470159817307, 5.697807222372743e-12, 1.4435597057256215, 1.0678452144464037, 1.263206039296013e-10, 1.0307214749574484e-12, 4.113972224657362e-12, 8.791370916347182e-12, 2.528080951868372e-14, 8.504521617070179e-14, 4.962106895728018e-12, 0.32467653636352783, 3.119339323765026e-14, 1.4256456863965864e-13], "columns": ["c_penalty_sum_1", "c_penalty_mean_1", "c_penalty_ell_sum_1", "c_penalty_ell_mean_1", "c_penalty_ell_sum_2", "c_penalty_ell_mean_2", "rc_sum_1", "rc_mean_1", "rc_wmean_1v", "rc_norm_2", "rc_sum_2", "rc_mean_2", "rc_wmean_2v", "rc_sum_1v", "rc_mean_1v", "rc_norm_2v", "rc_sum_2v", "rc_mean_2v", "rc_cap_sum_1", "rc_cap_mean_1", "rc_cap_wmean_1v", "rc_cap_norm_2", "rc_cap_sum_2", "rc_cap_mean_2", "rc_cap_wmean_2v", "rc_sum_1_penalty_removed", "rc_mean_1_penalty_removed", "rc_sum_2_penalty_removed", "rc_mean_2_penalty_removed", "rc_wmean_1v_penalty_removed", "rc_wmean_2v_penalty_removed", "rc_cap_sum_1v", "rc_cap_mean_1v", "rc_cap_norm_2v", "rc_cap_sum_2v", "rc_cap_mean_2v", "rc_sum_1v_penalty_removed", "rc_mean_1v_penalty_removed", "rc_sum_2v_penalty_removed", "rc_mean_2v_penalty_removed", "rth_sum_1", "rth_mean_1", "rth_wmean_1v", "rth_norm_2", "rth_sum_2", "rth_mean_2", "rth_wmean_2v", "rth_sum_1v", "rth_mean_1v", "rth_norm_2v", "rth_sum_2v", "rth_mean_2v", "rth_cap_sum_1", "rth_cap_mean_1", "rth_cap_wmean_1v", "rth_cap_norm_2", "rth_cap_sum_2", "rth_cap_mean_2", "rth_cap_wmean_2v", "rth_sum_1_penalty_removed", "rth_mean_1_penalty_removed", "rth_sum_2_penalty_removed", "rth_mean_2_penalty_removed", "rth_wmean_1v_penalty_removed", "rth_wmean_2v_penalty_removed", "rth_cap_sum_1v", "rth_cap_mean_1v", "rth_cap_norm_2v", "rth_cap_sum_2v", "rth_cap_mean_2v", "rth_sum_1v_penalty_removed", "rth_mean_1v_penalty_removed", "rth_sum_2v_penalty_removed", "rth_mean_2v_penalty_removed"]}