{"model": "linear", "weights": [2.018969108216697, 7.349523526028797, 1.815610304496813, 3.783201916027472, 0.9224058325404806, 1.822511270775287, 10.669279502931078, 8.020003567181604, 2.146070978013414, 0.25561697961080543, 1.880643418924686, 5.751886341760357, 3.1007419349368024, 6.462051176997552, 6.423847518654227, 0.8689459395029056, 1.399726510096396], "scale": [1.3475951441098866, 1.7329180221000564, 13.973363326582698, 1.1976369516195147, 0.1696726764555906, 887.0601153654164, 0.5532506452051402, 7.595329527219522, 0.42992406377658965, 0.42992406377658954, 0.5893559489137365, 2.5825886301091328, 0.6434928479912737, 22.71963640955836, 4.337194179849161, 1.7106710466758084, 0.7871009719888403], "bias": null, "scaled_weights": [1.4982015311061887, 4.241125911497067, 0.12993366464914183, 3.1588887691813494, 5.436384053161955, 0.0020545521540268103, 19.284712264501756, 1.05591252340536, 4.991744260978659, 0.5945630895032594, 3.191014568345273, 2.2271786821570956, 4.818611340617186, 0.28442581828813546, 1.4811067368161128, 0.5079561854930843, 1.7783315735966867], "columns": ["rth_mean_2_penalty_removed", "ge_distances_mean", "rth_mean_1v", "rth_mean_1", "rc_cap_norm_2", "rc_mean_1v", "rth_mean_1_penalty_removed", "rth_mean_1v_penalty_removed", "first_is_not_largest", "first_is_not_closest", "rth_cap_wmean_1v", "rc_norm_2", "rth_wmean_1v_penalty_removed", "distances_sum", "rc_wmean_1v", "tango_v_sigma", "tango_sigma"]}