{"model": "linear", "weights": [8.053659227030296e-13, 8.672650470823173e-06, 9.417558985166159e-11, 2.365345383305931e-05, 1.1966253328590489e-11, 2.0786422255287275e-10, 3.01417248330796e-09, 6.932631344445451e-05, 1.8083309337854448e-10, 7.15901949974743e-11, 3.696792978017075e-07, 3.121058063582142e-06, 5.950391177507911e-06, 0.0013989018436980202, 2.286799362284443e-05, 7.622726156594935e-06, 9.983251419521927e-05, 5.017295756683612e-10, 1.917209678883088e-11, 3.0503032909838045e-05, 9.645546133963433e-07, 2.0785841476600052e-10, 1.0463846595840711e-06, 3.0704009964357116e-12, 6.789688872922517e-07, 8.130266196670648e-11, 9.785958388696278e-06, 1.7666770964960397e-06, 1.244054316346851e-05, 1.9750258506913196e-10, 2.3956935778009538e-11, 7.928847325742318e-10, 2.1634400871151583e-10, 0.15860170215880606, 6.660181458696988e-07, 2.9786130561870097e-10, 1.9988822780781604e-10, 6.5928637588354015e-06, 1.547733294260833e-11, 2.9751707235320894e-09, 6.10911487676157e-11, 3.781744713051648e-10, 2.3963900898398856e-09, 1.0530500349368005e-10, 6.514467410582166e-09, 8.912911478557057e-05, 1.2007275073428218e-11, 2.3731247964255144e-10, 5.546220171912275e-11, 9.547797251447561e-11, 1.7650480903598233e-05, 1.0044762868067616e-05, 1.1380599995313404e-11, 0.0001077325764701567, 8.033470208317712e-11, 8.121970594463712e-06, 4.036610559720554e-10, 1.681932719480073e-09, 2.469915918622285e-07, 0.002706632876954071, 2.1933472919621923e-10, 1.4328254203517053e-10, 7.304427599997647e-10, 1.5600525210631894e-11, 1.5974161231059072e-06, 0.8367523639071839, 2.3133154240659227e-10], "scale": [1.1274503063303907, 0.4235973599444964, 688.1632898444103, 0.4238674140321679, 0.5538487286351177, 1.1976369516195147, 238.27417713172204, 22.71963640955836, 200.82250330110892, 200.8005382687225, 21036873.461330827, 290993301.3966436, 0.5402900929110258, 99.69769740657071, 0.6985752978261425, 0.6434928479912737, 0.5370611863368625, 97213.84783898831, 200.80334788715354, 3.7724945378172055, 6101106.625306113, 759.0206829420099, 21036899.35737111, 182.10585878306313, 21036873.33102735, 179.5360029276394, 1.2603161809186687, 304020918.855084, 1070.892271366495, 530.412602629557, 143.33932827752028, 295557.1589603487, 688.1331106483699, 638366286.2120825, 21036899.499552067, 2134.953064058175, 688.2556848410459, 0.42992406377658965, 649.8851714283896, 1070.893488978808, 841.4849764931672, 2476.5963756571095, 97210.69359732965, 200.82964186738758, 356.9618608240511, 2.9640252896503516, 99.76567685617142, 887.0601153654164, 0.5532506452051402, 330.61578168981686, 4.337194179849161, 1.7106710466758084, 330.8081014512841, 8.678771301320403, 143.3601004509824, 0.2206275929590759, 688.2178717350724, 356.9655052095232, 6101106.645181805, 6101112.27388476, 640.4787245176883, 33.6385215388613, 295567.36106955266, 220.5670572264869, 6101112.302332298, 593823596.2896891, 623.2785034999596], "bias": null, "scaled_weights": [7.143249845967254e-13, 2.047380671107002e-05, 1.368506446674221e-13, 5.580389775200841e-05, 2.1605634733656674e-11, 1.7356196489410802e-10, 1.2650017385818832e-11, 3.051383050095304e-06, 9.004623008179877e-13, 3.565239197798778e-13, 1.7572920162363373e-14, 1.0725532335632458e-14, 1.1013326462174854e-05, 1.4031435831393873e-05, 3.2735187880255804e-05, 1.1845859950720548e-05, 0.00018588666754368845, 5.1610916224544186e-15, 9.547697780220835e-14, 8.08564004641007e-06, 1.5809502646545674e-13, 2.7385079147030456e-13, 4.9740441393395215e-14, 1.6860528359460318e-14, 3.22751806605613e-14, 4.5284879155672686e-13, 7.764685193173593e-06, 5.811037948142484e-15, 1.1616988464763084e-08, 3.7235650904597533e-13, 1.6713442197542845e-13, 2.6826781505252035e-15, 3.1439267398087134e-13, 2.4844937081485267e-10, 3.165952025791064e-14, 1.395165592317605e-13, 2.904272819104729e-13, 1.5334949388321254e-05, 2.3815488678700785e-14, 2.778213477018316e-12, 7.259921504743793e-14, 1.5269927511091695e-13, 2.465150696040002e-14, 5.243499042995624e-13, 1.8249757538644137e-11, 3.0070294979191828e-05, 1.2035476981465954e-13, 2.6752694155885104e-13, 1.0024787535233308e-10, 2.8878830897447263e-13, 4.069562065171839e-06, 5.871826081108166e-06, 3.440242226652164e-14, 1.241334432372542e-05, 5.603700180905294e-13, 3.681303179503142e-05, 5.865309120124733e-13, 4.711751401561481e-12, 4.048308056658605e-14, 4.4362941631799823e-10, 3.4245435609338777e-13, 4.259477987748115e-12, 2.4713241589211792e-15, 7.072917146739943e-14, 2.6182375343185476e-13, 1.4090924798801447e-09, 3.7115276895893664e-13], "columns": ["rsl_wmean_2v_tango", "rc_mean_1_penalty_removed", "rc_cap_sum_1v", "rc_mean_1_penalty_removed_tango", "rth_mean_1_penalty_removed_tango", "rth_mean_1", "tango_variance", "distances_sum", "rc_mean_1v_penalty_removed_tango", "rc_mean_1v_penalty_removed", "rc_cap_sum_2v", "rc_mean_2v_tango", "rsl_wmean_1v", "rsl_mean_1v", "rsl_mean_1_tango", "rth_wmean_1v_penalty_removed", "rsl_wmean_1v_tango", "rsl_mean_2v_tango", "rc_cap_mean_1v", "c_penalty_ell_mean_1", "rc_mean_2v_penalty_removed", "rc_mean_1v_tango", "rc_sum_2v_penalty_removed_tango", "rc_mean_2_tango", "rc_sum_2v_penalty_removed", "c_penalty_ell_mean_2_tango", "rth_wmean_1v", "rc_mean_2v", "rsl_sum_2_tango", "rc_norm_2v_tango", "rc_cap_norm_2v", "rsl_sum_2v", "rc_sum_1v_penalty_removed", "rc_sum_2v", "rc_cap_sum_2v_tango", "rc_sum_1v_tango", "rc_cap_sum_1v_tango", "first_is_not_largest", "rc_sum_2_tango", "rsl_sum_2", "tango_v_variance", "rc_sum_1v", "rsl_mean_2v", "rc_cap_mean_1v_tango", "rsl_mean_2_tango", "c_penalty_ell_mean_1_tango", "rsl_mean_1v_tango", "rc_mean_1v", "rth_mean_1_penalty_removed", "rsl_sum_1v", "rc_wmean_1v", "tango_v_sigma", "rsl_sum_1v_tango", "ge_distances_sum", "rc_cap_norm_2v_tango", "c_penalty_mean_1", "rc_sum_1v_penalty_removed_tango", "rsl_mean_2", "rc_cap_mean_2v", "rc_mean_2v_penalty_removed_tango", "c_penalty_ell_sum_2_tango", "rsl_norm_2v", "rsl_sum_2v_tango", "rc_wmean_2v_tango", "rc_cap_mean_2v_tango", "rc_sum_2v_tango", "rc_norm_2v"]}