{"model": "linear", "weights": [1.5570317840101306, 0.9663954708004527, 4.35041845153748, 2.393439641328605, 0.03317715387917182, 2.8314243338417433, 1.8611433961849861, 0.27647952311625573, 4.810702265235236, 2.792076182851816, 7.066219508663062, -0.10052003883615862], "scale": [1.1976369516195147, 7.473447370602289, 0.6434928479912737, 3.7724945378172055, 13.973363326582698, 7.595329527219522, 0.42992406377658965, 0.42992406377658954, 0.5532506452051402, 4.337194179849161, 1.7329180221000564, 1.5608084364073767], "bias": null, "scaled_weights": [1.30008662633916, 0.1293105340651607, 6.760632173485283, 0.6344448261848161, 0.0023743141220736847, 0.37278492311554307, 4.329004940630936, 0.6430892020501755, 8.695339638422784, 0.6437517129908441, 4.077642114945394, -0.0644025470976648], "columns": ["rth_mean_1", "rth_norm_2v", "rth_wmean_1v_penalty_removed", "c_penalty_ell_mean_1", "rth_mean_1v", "rth_mean_1v_penalty_removed", "first_is_not_largest", "first_is_not_closest", "rth_mean_1_penalty_removed", "rc_wmean_1v", "ge_distances_mean", "rc_cap_sum_1"]}