{"model": "linear", "weights": [0.31502265125891554, 0.29791997572480344], "scale": [4.923794892770277, 11.755027968701482], "bias": null, "columns": ["rth_cap_sum_2", "c_penalty_ell_sum_1"]}