{"model": "linear", "weights": [4.543373750835337, 1.30251094539226, 7.028343129752999, 0.07144141877462426, 7.007186030823429, 2.1549680634921775, 2.175021672619039, 0.5825785362640588, 0.0010387774459215291, 6.906956413818021, 0.6644753268454192, 0.13460587547442915, 4.302736556293943, -0.04505995050437279], "scale": [0.42363632227642195, 0.21375083461180985, 0.4658563832822701, 0.19622567410861258, 64.04918323177633, 33.00520700474345, 1.601432716260378, 1.127203775778837, 1.601432716260378, 0.7192865363769918, 2.43107446391819, 0.4885169611233239, 2.164621584344692, 0.35912053623971346], "bias": null, "scaled_weights": [10.724703034011313, 6.093594664824273, 15.08693104135145, 0.3640778358854348, 0.10940320668050295, 0.0652917602723252, 1.358172373109805, 0.5168351533080419, 0.0006486550670372551, 9.602510355063776, 0.27332578113402456, 0.2755398198762817, 1.9877546206749732, -0.12547305419007063], "columns": ["rsg_mean_1", "rsg_mean_1_first", "rsg_wmean_1v", "rsg_norm_2", "rsg_mean_1v", "rsg_mean_1v_first", "-log_p_abs_final", "-log_p_abs_mean", "-log_p_abs_min", "cross_compt_ge_dist_mean", "cross_compt_dist_mean", "cross_compt_ge_dist_min_nonfinal", "-log_p_compt_max", "p_compt_min"]}