{"model": "linear", "weights": [1.0161009980268556e-05, 0.24947224731159032, 1.5512568990846039e-10, 3.3120239781292355e-10, 7.735844691602823e-05, 5.3313191664156364e-05, 2.3403900659452495e-05, 4.52461458725852e-12, 0.0006332850113653197, 4.3830357795064446e-07, 0.249470887750763, 3.4593750614858047e-06, 4.570623652524855e-05, 1.414082846352113e-10, 1.446157989846391e-10, 1.5141063672999398e-05, 4.0353019587100006e-05, 1.4640060013745449e-05, 4.3830357798711473e-07, 6.320156210214644e-06, 8.69003083805922e-05, 2.0899600739851644e-10, 0.00020657418759746643, 1.332573389147541e-05, 1.5101604641060298e-08, 1.7763974465803564e-05, 2.2436390364578213e-11, 2.5561725634320184e-05, 2.389212293865269e-07, 4.35114768324953e-05, 3.934627446540654e-05, 2.1187135537926223e-12, 5.3313191588889355e-05, 1.2856440187928596e-09, 3.1643097243023885e-11, 3.565006265822478e-11, 2.73688015096856e-10, 3.7399788336259054e-11, 1.9732394197520126e-12, 1.3963218511589284e-10, 1.1376752633493164e-07, 0.0001375970203364282, 2.5653404056539947e-11, 8.196720046900274e-06, 2.0913134055079967e-10, 8.042844829621568e-05, 0.24947374405840902, 0.0003428876265608179, 3.655456933363975e-12, 1.732660812071782e-09, 1.309051223262096e-05, 0.24947398272089374, 1.6663714335031117e-11, 1.9993842819495577e-06, 1.2831740244284837e-10, 2.367987088482291e-09, 3.228665369360338e-07, 2.225447150670394e-11, 6.5929528793026374e-12, 0.00011392175932597301, 3.0716310079297846e-10, 4.036113242161124e-09], "scale": [238.27417713172204, 0.39248741072373394, 10167.71999916096, 0.07636650353370997, 1.7329180221000564, 0.36723169067093364, 2.164621584344692, 841.4849764931672, 64.04918323177633, 868.5048888508767, 0.37644606025452726, 0.14601883105541327, 1.8466765957072728, 10169.046489361092, 0.6349777491789669, 0.6084299906471051, 0.8483633223693582, 199.5796602185848, 868.5048888508767, 0.2261573231269946, 0.42363632227642195, 871.8361771041352, 1.127203775778837, 868.4800892234279, 10140.539943522452, 0.09108687608333699, 23379.244046614956, 0.41524305767843556, 199.57784037656205, 5.3131816655420545, 0.48044382949640846, 0.08060055641253036, 0.36723169067093364, 47827.30742610575, 4.327960860341336, 0.7869990139718835, 155383.850037125, 0.42992406377658965, 35.96140016475422, 0.8662048025870851, 0.21375083461180985, 0.088015715360907, 0.14191435089513352, 0.04801670574719098, 871.8586365301849, 0.4658563832822701, 0.047970882542836234, 214.3195371648319, 0.7871009719888403, 10140.214462295236, 10140.49932626295, 0.992565385308932, 1.4662094072160536, 5.720865135808337, 0.9386358757472293, 0.08199323041843305, 0.09859629005797582, 53502.88413678559, 0.4885169611233239, 0.35912053623971346, 2.644232767414133, 0.0765136846367669], "bias": null, "scaled_weights": [4.264419293178957e-08, 0.6356184695238292, 1.5256683889924325e-14, 4.337011418451586e-09, 4.4640569218779614e-05, 0.0001451759012593738, 1.0812005585049032e-05, 5.376940425145261e-15, 9.887479892969688e-06, 5.046644913312649e-10, 0.6627002221303305, 2.3691294037088905e-05, 2.475053652138975e-05, 1.3905756531170682e-14, 2.2774939621369237e-10, 2.4885465716270635e-05, 4.756572864842831e-05, 7.335446907621387e-08, 5.04664491373257e-10, 2.7945839307028203e-05, 0.00020512950332877714, 2.397193565569982e-13, 0.0001832625050024649, 1.5343741390077153e-08, 1.4892308225369067e-12, 0.0001950223262630172, 9.59671335815785e-16, 6.155846596745562e-05, 1.197133053127201e-09, 8.189344835446395e-06, 8.189568072223658e-05, 2.6286587191143036e-11, 0.00014517590105441597, 2.6880961692840606e-14, 7.311317792399876e-12, 4.5298738658265236e-11, 1.7613671886200866e-15, 8.699161430445978e-11, 5.487103980133636e-14, 1.6119996645002985e-10, 5.322436590319911e-07, 0.0015633233198436652, 1.8076680684320873e-10, 0.00017070558921838966, 2.398684050238909e-13, 0.00017264644466078455, 5.200524377170634, 1.599889730524684e-06, 4.644203302312531e-12, 1.7087023341709425e-13, 1.2909139689717005e-09, 0.25134261824297444, 1.1365166703350466e-11, 3.4948984716226003e-07, 1.3670626252240513e-10, 2.8880275559309338e-08, 3.274631700099307e-06, 4.1594900659575864e-16, 1.3495852557795381e-11, 0.00031722429610633597, 1.161634121542793e-10, 5.2750214047614456e-08], "columns": ["tango_variance", "cross_total_min", "cross_abs_dist_sum", "-log_p_compt_min", "ge_distances_mean", "p_abs_max", "-log_p_compt_max", "tango_v_variance", "rsg_mean_1v", "cross_abs_max", "cross_abs_min", "p_abs_mean", "cross_abs_ge_dist_min", "cross_total_dist_sum", "p_abs_sum", "-log_p_compt_mean", "p_compt_sum_nonfinal", "cross_total_mean", "cross_abs_final", "-log_p_compt_mean_nonfinal", "rsg_mean_1", "cross_abs_sum", "-log_p_abs_mean", "cross_total_max", "cross_total_dist_max", "cross_compt_mean_nonfinal", "rsg_mean_2v_first", "cross_compt_sum_nonfinal", "cross_abs_mean", "distances_mean", "cross_compt_sum", "cross_compt_min", "p_abs_final", "rsg_mean_2v", "cross_compt_dist_max", "-log_p_compt_sum_nonfinal", "rsg_sum_2v", "first_is_not_largest", "rsg_norm_2v", "rsg_wmean_2v", "rsg_mean_1_first", "cross_compt_mean", "p_compt_mean", "p_compt_max", "cross_total_sum", "rsg_wmean_1v", "p_abs_min", "rsg_sum_1v", "tango_sigma", "cross_abs_dist_final", "cross_abs_dist_max", "-log_p_abs_max", "cross_compt_ge_dist_max", "-log_p_abs_sum", "p_compt_sum", "cross_compt_min_nonfinal", "p_compt_mean_nonfinal", "rsg_sum_2v_first", "cross_compt_ge_dist_min_nonfinal", "p_compt_min", "-log_p_compt_sum", "-log_p_compt_min_nonfinal"]}