{"model": "linear", "weights": [1.2914175164437762, -0.2868918484989207, 3.041132171590583, 1.6402850616614637, 1.3572994899628863, 0.2826278719437466, -1.4356895737756692, 0.7587203446258615, 21.707586086766963, 2.898972850844728, 23.251604033539536, -1.4770311556423688, 0.461104137706336, 1.5320385181179685, 1.4744439546848924, -0.8211659067650097, 0.175767748011523, 0.9323391339438349, 0.9856324158718259, -0.9010576186524712, -0.3283236995329006, 0.15228219995379685, -1.281543933384334, 2.379021753343633, -0.8917547628121311, -1.560790325757843, 0.319981558631468, 0.5649495753247237, 0.44804921270879017, -0.2570201521213501, -0.8649264793860691, 1.693104651481174, -1.4738573576357301, -0.8290969857816517, -1.8506267961510896, 1.916257463858189, 1.51487939198763, 2.9989830215539848, -4.111844103727565, -1.5258915142449585, -0.21761394884242463], "scale": [0.7871009719888403, 1.7106710466758084, 22.71963640955836, 8.678771301320403, 1.7329180221000564, 0.42992406377658965, 2.3133524204175604, 0.7017887753092958, 99.69769740657071, 0.5402900929110258, 33.6385215388613, 1.9652088674525527, 0.66646472279015, 4.337194179849161, 2.5825886301091328, 233.22198261665196, 623.2785034999596, 0.543664319034312, 0.1696726764555906, 0.7608165262998224, 1.6100771955661388, 0.4235973599444964, 1.2176681725039065, 1.1976369516195147, 1.2603161809186687, 0.6287701388537806, 8.28284233511746, 9.623400619381812, 13.973363326582698, 1929.7669813595455, 0.5066134782096677, 4.923794892770277, 1.3328099433111336, 1.7374066601320535, 2.118218078284036, 0.5532506452051402, 0.6434928479912737, 24.586307597671478, 4.1406037639947915, 7.595329527219522, 591.2025205456359], "bias": null, "columns": ["tango_sigma", "tango_v_sigma", "distances_sum", "ge_distances_sum", "ge_distances_mean", "first_is_not_largest", "rsl_sum_1", "rsl_mean_1", "rsl_mean_1v", "rsl_wmean_1v", "rsl_norm_2v", "rsl_wmean_2v", "c_penalty_sum_1", "rc_wmean_1v", "rc_norm_2", "rc_mean_2", "rc_norm_2v", "rc_cap_wmean_1v", "rc_cap_norm_2", "rc_cap_mean_2", "rc_sum_1_penalty_removed", "rc_mean_1_penalty_removed", "rc_wmean_2v_penalty_removed", "rth_mean_1", "rth_wmean_1v", "rth_norm_2", "rth_mean_2", "rth_wmean_2v", "rth_mean_1v", "rth_mean_2v", "rth_cap_mean_1", "rth_cap_sum_2", "rth_cap_mean_2", "rth_cap_wmean_2v", "rth_sum_1_penalty_removed", "rth_mean_1_penalty_removed", "rth_wmean_1v_penalty_removed", "rth_cap_sum_1v", "rth_cap_norm_2v", "rth_mean_1v_penalty_removed", "rth_mean_2v_penalty_removed"]}