{"model": "linear", "weights": [-1.2707074476956746e-08, 1.0639190824682859e-11, -1.0186642932577301, -1.0482546960937492e-11, 6.143634306307093e-11, 1.737734841776851e-11, -0.2460263882641877, 1.1798274094635022, 1.0768142634110995, 5.854283610678476e-13, -9.963481752963676e-12, 6.57992527925443e-11, 0.17182818519930934, 5.404803581683386e-11, -0.07720176460116085, 1.4826370355585e-11, 2.421281557672429e-11, 2.5126245053872886e-11, 1.0709622776315155e-11, -2.041642688741262e-11, -0.6088743111290519, -0.07014876443489979, 4.6338423469999015e-11, 5.705753602189278e-11, -2.987578553503711e-11, 1.4099290104140558, 1.4222617066676555e-12, 0.02051191003023206, 2.201146009435952e-11, -0.7943635273374197, 0.4360127954633792, 1.2332921196570272e-11, 2.2530278584778876e-11, 6.292915982815167e-11, 0.5594695974744793, 0.41102237715217316, -2.1877476707056736e-11, 1.0710016467942484e-11, 4.8945756335405494e-11, -1.499177251552035e-11, -4.829462496994006e-12, 9.13762180068864e-12, 1.0095774163336602e-10, -2.0816244672744846, -1.8440074762460244e-11, 2.1493137128498886e-11, 1.2311459961709033e-10, 1.7740305196874524e-11, 1.1225329449061418e-11, 0.5761664540248914, 2.2939098093481065, 0.6245458613211947, -1.658645281614402e-11, 2.6408928375158194e-10, -1.7312669826483205e-11, 1.539324073316918e-10, 0.38192864956313405, 3.7021055068546306e-12, 4.0133597392663765e-11, 0.5100610820003523, 0.10950788952879977, -2.8681103978531847e-09, 0.2749889239768888, 2.991986509973547, 0.7638843396602901, 1.9042651959906511, 4.936510966723576e-11, 0.17172052444340402, 1.4830424306017987e-09, 2.173893932898043, -9.721537566027428e-12, -7.62396468497107e-11, 7.303133398069393e-10, 1.9937254255678602e-11, 3.3582129980087065e-11, 1.2331677601217675e-11, 4.698058357799219e-11, 9.54227175828444e-12, 2.0423197787735028e-11, 5.385274670349972e-10, -1.723939791745595e-08, -0.18227060355675778, -0.16994156439807787, 0.3334992610070938], "scale": [2.8240662861582497, 1881.141068108714, 0.7608165262998224, 720.368414096746, 0.4235973599444964, 688.1632898444103, 1.7374066601320535, 5.3131816655420545, 1.1976369516195147, 238.27417713172204, 4.1406037639947915, 8.28284233511746, 22.71963640955836, 11.755027968701482, 294.62281748766827, 7.473447370602289, 200.8005382687225, 24.586307597671478, 21036873.461330827, 1.3328099433111336, 0.5066134782096677, 1.2176681725039065, 5011.190796000346, 11.73617963181699, 1.2068847869736086, 0.6434928479912737, 1.828008201640765, 0.543664319034312, 200.80334788715354, 233.22198261665196, 3.7724945378172055, 6101106.625306113, 7.674625597300401, 591.2025205456359, 13.973363326582698, 0.7871009719888403, 730.3230570802035, 21036873.33102735, 0.21719403031199278, 1.2603161809186687, 2.0300590195458823, 304020918.855084, 40.20285830429307, 2.118218078284036, 0.7703065474657396, 143.33932827752028, 592.1601781106464, 688.1331106483699, 638366286.2120825, 4.923794892770277, 7.595329527219522, 0.42992406377658965, 841.4849764931672, 3.737708991950296, 4.9746442137544005, 2476.5963756571095, 1.3475951441098866, 1929.7669813595455, 3.977608728955865, 0.1696726764555906, 0.42992406377658954, 1.6100771955661388, 887.0601153654164, 0.5532506452051402, 2.5825886301091328, 4.337194179849161, 0.5893559489137365, 1.7106710466758084, 25.37585494580248, 1.7329180221000564, 0.5457937966516953, 229.96953846920044, 8.678771301320403, 1.5608084364073767, 0.2206275929590759, 6101106.645181805, 24.362502108964613, 1878.2357793468932, 2.7973640163755675, 623.2785034999596, 0.3979341355844085, 9.623400619381812, 0.6287701388537806, 0.66646472279015], "bias": null, "scaled_weights": [-4.499566649422722e-09, 5.655711315355752e-15, -1.3389092613588878, -1.455164712361983e-14, 1.450347638406455e-10, 2.525178060820046e-14, -0.14160552846360575, 0.2220566665572756, 0.8991157645519942, 2.456952608608581e-15, -2.4062871795660687e-12, 7.944042652311478e-12, 0.007562981295203283, 4.5978653526593245e-12, -0.00026203593210967854, 1.983872986636171e-12, 1.2058142764697846e-13, 1.0219609005563952e-12, 5.090881397371702e-19, -1.5318333262649266e-11, -1.201851781126641, -0.057609097469183246, 9.246988461701312e-15, 4.861678826660832e-12, -2.475446360539004e-11, 2.1910562251240058, 7.780390183102441e-13, 0.037728998045460295, 1.0961699755488843e-13, -0.003406040538824844, 0.11557678641879746, 2.0214236455753614e-18, 2.9356843925655535e-12, 1.0644264467964842e-13, 0.04003829174112674, 0.522197776117091, -2.9955889376575124e-14, 5.091068572507991e-19, 2.2535497990021351e-10, -1.1895247194709949e-11, -2.3789763994518454e-12, 3.005589824246344e-20, 2.511208055636811e-12, -0.9827243420379097, -2.3938618752660144e-11, 1.4994584798727306e-13, 2.0790759691052057e-13, 2.5780339475540317e-14, 1.758446473680482e-20, 0.11701674553318418, 0.30201583764435497, 1.4526887744663217, -1.9710931602447572e-14, 7.065538925591502e-11, -3.4801825181015722e-12, 6.2154822176403e-14, 0.28341497907029456, 1.9184210024396055e-15, 1.0089880661338694e-11, 3.006147440208816, 0.2547144920590108, -1.7813496183608101e-09, 0.0003100003249087685, 5.408012689915881, 0.2957824295958472, 0.43905463233303466, 8.376111203801776e-11, 0.10038196693460903, 5.844305280627065e-11, 1.254470151025139, -1.7811740671415767e-11, -3.31520632502906e-13, 8.414939332435552e-11, 1.277367150934268e-11, 1.5221183139280405e-10, 2.0212198078780194e-18, 1.9283973118961725e-12, 5.080444033284528e-15, 7.30087241709663e-12, 8.640238095986766e-13, -4.332223947598279e-08, -0.01894035287169272, -0.27027613733036626, 0.5004004707269447], "columns": ["rc_sum_2_penalty_removed", "rth_cap_sum_2v", "rc_cap_mean_2", "c_penalty_ell_sum_2", "rc_mean_1_penalty_removed", "rc_cap_sum_1v", "rth_cap_wmean_2v", "distances_mean", "rth_mean_1", "tango_variance", "rth_cap_norm_2v", "rth_mean_2", "distances_sum", "c_penalty_ell_sum_1", "rc_wmean_2v", "rth_norm_2v", "rc_mean_1v_penalty_removed", "rth_cap_sum_1v", "rc_cap_sum_2v", "rth_cap_mean_2", "rth_cap_mean_1", "rc_wmean_2v_penalty_removed", "rth_sum_2v", "rc_sum_1", "rc_cap_wmean_2v", "rth_wmean_1v_penalty_removed", "rth_wmean_2v_penalty_removed", "rc_cap_wmean_1v", "rc_cap_mean_1v", "rc_mean_2", "c_penalty_ell_mean_1", "rc_mean_2v_penalty_removed", "rth_cap_mean_1v", "rth_mean_2v_penalty_removed", "rth_mean_1v", "tango_sigma", "rc_sum_2", "rc_sum_2v_penalty_removed", "rth_cap_norm_2", "rth_wmean_1v", "rth_cap_sum_1", "rc_mean_2v", "rth_sum_1v", "rth_sum_1_penalty_removed", "rc_mean_2_penalty_removed", "rc_cap_norm_2v", "rth_cap_mean_2v", "rc_sum_1v_penalty_removed", "rc_sum_2v", "rth_cap_sum_2", "rth_mean_1v_penalty_removed", "first_is_not_largest", "tango_v_variance", "rc_mean_1", "rth_sum_2_penalty_removed", "rc_sum_1v", "rth_mean_2_penalty_removed", "rth_mean_2v", "rth_sum_1", "rc_cap_norm_2", "first_is_not_closest", "rc_sum_1_penalty_removed", "rc_mean_1v", "rth_mean_1_penalty_removed", "rc_norm_2", "rc_wmean_1v", "rth_cap_wmean_1v", "tango_v_sigma", "rth_sum_2", "ge_distances_mean", "rc_wmean_1v_penalty_removed", "c_penalty_ell_mean_2", "ge_distances_sum", "rc_cap_sum_1", "c_penalty_mean_1", "rc_cap_mean_2v", "rth_sum_1v_penalty_removed", "rth_sum_2v_penalty_removed", "rc_cap_sum_2", "rc_norm_2v", "rc_cap_mean_1", "rth_wmean_2v", "rth_norm_2", "c_penalty_sum_1"]}