{"model": "linear", "weights": [7.25882733358467, 9.608001905033387, 23.78630612745276, 30.586425574350983, 0.10915433441057405, 1.0197237480228187, 1.7577509733792764, 1.6033429975012445, 1.6200287583562434, 0.6352341894250146, 2.026983968267352, 9.550674743117767, 4.744857788617649, 0.39899764577601704, 2.1692748608610826, 3.2998601539484063, 0.10155736720515919, 2.6050379100524244, 0.34937046583284487, 0.07886528566639879, 1.0843920822577666, 0.27367139877735486], "scale": [0.42363632227642195, 0.4658563832822701, 64.04918323177633, 35.96140016475422, 199.57784037656205, 1.8466765957072728, 0.36723169067093364, 0.36723169067093364, 1.601432716260378, 1.127203775778837, 1.601432716260378, 0.7192865363769918, 2.43107446391819, 0.09108687608333699, 0.7074632003475282, 0.14191435089513352, 0.09859629005797582, 0.6084299906471051, 0.2261573231269946, 199.5796602185848, 2279.705619879433, 9.042306375338375], "bias": null, "scaled_weights": [17.134572631966854, 20.6243860765384, 0.37137563552335523, 0.8505348911394377, 0.0005469261226828711, 0.5521940064617903, 4.78649043106236, 4.366025695037187, 1.011612128256809, 0.5635486706794449, 1.2657315837787488, 13.277983474046394, 1.951753374501869, 4.380407616690763, 3.0662723655385418, 23.252476815306803, 1.0300323383916599, 4.2815738048707885, 1.544811642631011, 0.0003951569292182555, 0.00047567197834741355, 0.03026566314140331], "columns": ["rsg_mean_1", "rsg_wmean_1v", "rsg_mean_1v", "rsg_norm_2v", "cross_abs_mean", "cross_abs_ge_dist_min", "p_abs_final", "p_abs_max", "-log_p_abs_final", "-log_p_abs_mean", "-log_p_abs_min", "cross_compt_ge_dist_mean", "cross_compt_dist_mean", "cross_compt_mean_nonfinal", "cross_compt_ge_dist_mean_nonfinal", "p_compt_mean", "p_compt_mean_nonfinal", "-log_p_compt_mean", "-log_p_compt_mean_nonfinal", "cross_total_mean", "cross_total_dist_mean", "cross_total_dist_min"]}