{"model": "linear", "weights": [6.8637196187615945, 0.1088559995633749, 0.5051980495451728, 0.30393964049118527, 0.6402365039737421, 0.4069441069413106, 0.778158623088107, 0.0986038523926867, 3.402833499990479, 0.41871339326303847, 5.782782182318575, 2.36645565592105, 0.6687494042499966, 0.5720563763609651, 1.6667436394604844, 5.013627196044396, 0.5426251481423274, 0.5798863000751602, 2.0195607013155623, 0.3087970870182498, 1.543812358715092, 1.6570397620163724, 0.9100633479536934, 0.022082286867441594, 0.8903952089960536, 0.4635645988039508, 1.0556312706788984, 0.38733197233623423, 8.764505869568897, 0.40592619074867514, 0.2598620785462577, 1.307599175565031, 20.121536411905357, 1.02821463592367, 0.24505501652100464, 0.05964491583536952, 0.5039677249781441, 0.3797600354617121], "scale": [1.7329180221000564, 2.164621584344692, 1.1681864888448454, 841.4849764931672, 868.5048888508767, 1.1976369516195147, 1.8466765957072728, 9.042306375338375, 0.6084299906471051, 0.2261573231269946, 1.127203775778837, 0.09108687608333699, 2.118218078284036, 0.1696726764555906, 0.543664319034312, 5.3131816655420545, 0.4235973599444964, 0.48044382949640846, 0.5532506452051402, 143.33932827752028, 0.19622567410861258, 0.6287701388537806, 0.21719403031199278, 0.42992406377658965, 0.21375083461180985, 0.7192865363769918, 1.6100771955661388, 623.2785034999596, 0.4658563832822701, 0.7871009719888403, 2.2140630440843605, 10140.214462295236, 33.6385215388613, 4.337194179849161, 40.20285830429307, 1.2603161809186687, 1.9652088674525527, 0.09859629005797582], "bias": null, "scaled_weights": [3.9607872566549442, 0.05028869727192038, 0.43246352733007126, 0.0003611943753979228, 0.0007371708693785735, 0.33978920439204635, 0.42138327030135675, 0.010904723673333486, 5.592810269545298, 1.851425315234729, 5.130201217009751, 25.980204368365186, 0.3157131983274117, 3.371529160210381, 3.0657587432279, 0.9436205105802462, 1.2809927526777485, 1.2069804303303995, 3.6503539920260333, 0.002154308177169532, 7.867534998812534, 2.6353665029911895, 4.190093745423916, 0.05136322603918414, 4.165575356059259, 0.6444783481405075, 0.655640160351265, 0.0006214428544562493, 18.813750726816462, 0.515723147594373, 0.11736887043057316, 0.00012895182645565625, 0.5981694643939602, 0.2370690804439448, 0.006095462533190989, 0.04732535909512262, 0.2564448661538068, 3.8516665813531987], "columns": ["ge_distances_mean", "-log_p_compt_max", "cross_compt_dist_min", "tango_v_variance", "cross_abs_max", "rth_mean_1", "cross_abs_ge_dist_min", "cross_total_dist_min", "-log_p_compt_mean", "-log_p_compt_mean_nonfinal", "-log_p_abs_mean", "cross_compt_mean_nonfinal", "rth_sum_1_penalty_removed", "rc_cap_norm_2", "rc_cap_wmean_1v", "distances_mean", "rc_mean_1_penalty_removed", "cross_compt_sum", "rth_mean_1_penalty_removed", "rc_cap_norm_2v", "rsg_norm_2", "rth_norm_2", "rth_cap_norm_2", "first_is_not_largest", "rsg_mean_1_first", "cross_compt_ge_dist_mean", "rc_sum_1_penalty_removed", "rc_norm_2v", "rsg_wmean_1v", "tango_sigma", "cross_compt_dist_min_nonfinal", "cross_abs_dist_final", "rsl_norm_2v", "rc_wmean_1v", "rth_sum_1v", "rth_wmean_1v", "rsl_wmean_2v", "p_compt_mean_nonfinal"]}