{"model": "linear", "weights": [0.3456017247405606, 0.20000790300378757], "scale": [4.923794892770277, 11.755027968701482], "bias": null, "columns": ["rth_cap_sum_2", "c_penalty_ell_sum_1"]}