{"model": "linear", "weights": [66.37912634709433, 2.602841579180929e-11, 7.00205506534174e-10, 4.596699502970603e-09, 0.2938684931500303, 0.0009102954717313514], "scale": [155383.850037125, 53502.88413678559, 2.703992927097108, 0.7869990139718835, 4110.831970396861, 1.601432716260378], "bias": null, "scaled_weights": [0.0004271945014313568, 4.864862186730902e-16, 2.589524179288017e-10, 5.840794488129849e-09, 7.148637922110451e-05, 0.0005684256743905224], "columns": ["rsg_sum_2v", "rsg_sum_2v_first", "cross_compt_ge_dist_sum_nonfinal", "-log_p_compt_sum_nonfinal", "cross_abs_ge_dist_final", "-log_p_abs_final"]}