{"model": "linear", "weights": [2.572420839879668, 2.611440441764312, 8.680321547643297, 1.2573845052699344, 0.4169985260578846, 0.9446012923667253, 0.718086071066764, 0.6062604526938562, 2.841603738295454, -0.05547356452780223, 0.8708842642213442, 0.21247313400610743, -0.30732494985286385, 0.02152265979286977, 1.1603889491082842, 0.9385213990434782, 0.60299356145668, 0.09007092500727792], "scale": [0.42363632227642195, 0.4658563832822701, 64.04918323177633, 35.96140016475422, 0.36723169067093364, 0.36723169067093364, 1.601432716260378, 1.601432716260378, 0.7192865363769918, 1.4662094072160536, 2.43107446391819, 0.09108687608333699, 2.703992927097108, 0.4885169611233239, 0.14191435089513352, 2.644232767414133, 0.6084299906471051, 9.042306375338375], "bias": null, "scaled_weights": [6.072238626888013, 5.605677061597752, 0.13552587417440762, 0.034964837284124924, 1.1355189016939873, 2.572221614754803, 0.448402273648823, 0.37857378991830454, 3.9505865807087974, -0.03783468054070936, 0.35823018881031327, 2.3326426719444413, -0.11365597401277039, 0.04405713927184705, 8.17668503424114, 0.3549314608794005, 0.9910648237693821, 0.00996105653452904], "columns": ["rsg_mean_1", "rsg_wmean_1v", "rsg_mean_1v", "rsg_norm_2v", "p_abs_final", "p_abs_max", "-log_p_abs_final", "-log_p_abs_min", "cross_compt_ge_dist_mean", "cross_compt_ge_dist_max", "cross_compt_dist_mean", "cross_compt_mean_nonfinal", "cross_compt_ge_dist_sum_nonfinal", "cross_compt_ge_dist_min_nonfinal", "p_compt_mean", "-log_p_compt_sum", "-log_p_compt_mean", "cross_total_dist_min"]}