{"model": "linear", "weights": [1.0508582279189854e-10, 6.492158949495211e-11, 8.020480842257655e-10, 9.267744147074187e-11, 1.0869684593671456, 1.15540213452128e-10, 7.325727216086377e-10, 0.6371225592955255, 0.4493284166251723, 8.419525340123862e-11, 4.520037592225464e-11, 1.1537957427788668e-10, 1.100297740513945, 2.544082877606753e-10, 5.516951283328712e-11, 5.6423294856225876e-11, 1.6870064397741348e-10, 1.2025293351624464e-10, 4.645385762462024e-11, 1.0109156631883665e-10, 9.276128412879939e-10, 2.0368769677542296, 4.0468823146929166e-10, 6.117084082215451e-11, 4.4425642436099023e-10, 1.3569126897303135e-10, 4.8947267533625414e-11, 4.0239581370100937e-10, 0.8001498605774179, 4.8891402217629604e-11, 2.0436578717686243e-10, 1.1948485467468132e-10, 4.8643875041835435e-11, 1.1142109336522403, 1.0250080886747925e-10, 4.297483927314829e-11, 5.0077860453933387e-11, 0.4344260428348884, 0.5555454154685397, 6.817376492024439e-11, 1.0109261640920505e-10, 5.639991873847834e-10, 2.004117324397863e-10, 1.1212658287960624e-09, 1.0229787689834217e-10, 1.9800466310814277e-10, 7.111681611499751e-11, 4.871404031594623e-10, 6.089315079633649e-11, 1.220665878400997e-10, 4.959492911107219e-11, 8.159502779239623e-11, 1.2045200523485257e-10, 1.0996874469098077e-10, 1.1437313832050348e-09, 6.757477896328113e-11, 0.3802072957001714, 8.350480756977799e-11, 6.161597415554886e-11, 6.093661499411999e-11, 7.257420098065794e-11, 3.86058478365989e-10, 8.29400252740123e-11, 4.9353888867483506e-11, 1.6244795081220653e-10, 5.3940900642265795e-11, 5.183265460230221e-10, 0.04209301996799371, 8.093343206748805e-11, 4.557491663402192e-10, 0.003159812981774913, 6.420481173532108e-11, 1.081111599293068e-10, 1.5029154684105854e-10, 0.9609580525134185, 2.8372871099099696e-10, 3.622978975324821e-10, 4.72670002346972e-11, 2.7462842948978, 1.711898248964135e-10, 5.168164047712255e-11, 6.954608223523868e-10, 1.0813229451576397e-09, 1.6772121471881334e-10, 8.312935116012595e-11, 1.0249766362672446e-10, 7.817930841783557e-11, 6.499959021337016e-11, 19.966302632987553, 1.1254660279554338e-09, 4.545774690820417e-10, 4.4620266300797703e-10, 3.820104346146695e-10, 5.4103065709278396e-11, 1.6251406290883008e-10, 6.583274805227937e-11], "scale": [2.8240662861582497, 1881.141068108714, 0.7608165262998224, 720.368414096746, 0.4235973599444964, 688.1632898444103, 1.7374066601320535, 5.3131816655420545, 1.1976369516195147, 238.27417713172204, 4.1406037639947915, 8.28284233511746, 22.71963640955836, 11.755027968701482, 1.9652088674525527, 294.62281748766827, 7.473447370602289, 200.8005382687225, 24.586307597671478, 21036873.461330827, 1.3328099433111336, 0.5402900929110258, 0.5066134782096677, 1.2176681725039065, 99.69769740657071, 5011.190796000346, 11.73617963181699, 1.2068847869736086, 0.6434928479912737, 1.828008201640765, 0.543664319034312, 200.80334788715354, 233.22198261665196, 3.7724945378172055, 6101106.625306113, 7.674625597300401, 591.2025205456359, 13.973363326582698, 0.7871009719888403, 730.3230570802035, 21036873.33102735, 0.21719403031199278, 1.2603161809186687, 2.0300590195458823, 304020918.855084, 40.20285830429307, 2.118218078284036, 0.4397715460134327, 0.7703065474657396, 143.33932827752028, 592.1601781106464, 295557.1589603487, 688.1331106483699, 638366286.2120825, 4.923794892770277, 7.595329527219522, 0.42992406377658965, 1070.893488978808, 841.4849764931672, 3.737708991950296, 4.9746442137544005, 2476.5963756571095, 97210.69359732965, 1.3475951441098866, 1929.7669813595455, 3.977608728955865, 0.1696726764555906, 0.42992406377658954, 1.6100771955661388, 887.0601153654164, 0.5532506452051402, 2.3133524204175604, 2.5825886301091328, 330.61578168981686, 4.337194179849161, 0.5893559489137365, 1.7106710466758084, 25.37585494580248, 1.7329180221000564, 0.5457937966516953, 229.96953846920044, 8.678771301320403, 1.5608084364073767, 0.2206275929590759, 356.9655052095232, 6101106.645181805, 24.362502108964613, 1878.2357793468932, 33.6385215388613, 2.7973640163755675, 623.2785034999596, 0.3979341355844085, 0.7017887753092958, 9.623400619381812, 0.6287701388537806, 0.66646472279015], "bias": null, "scaled_weights": [3.721082019461137e-11, 3.4511813385810467e-14, 1.0541938253187925e-09, 1.2865283882129681e-13, 2.5660416285634318, 1.6789650822299888e-13, 4.2164723919785e-10, 0.11991356580700047, 0.37517915259508666, 3.533545028452414e-13, 1.0916373190620395e-11, 1.3929949359135118e-11, 0.048429372754004094, 2.1642508077229058e-11, 2.8073103957037336e-11, 1.9151026840814029e-13, 2.257333672289149e-11, 5.988675854808489e-13, 1.8894198504626126e-12, 4.805446327595176e-18, 6.959828338191279e-10, 3.7699691230312076, 7.988106295541684e-10, 5.0236051334386225e-11, 4.456034952836442e-12, 2.7077649703805446e-14, 4.170630398407375e-12, 3.334169243362985e-10, 1.2434479467412334, 2.6745723664558046e-11, 3.75904358667254e-10, 5.950341761325056e-13, 2.085732849711324e-13, 0.2953512384134375, 1.6800363468870936e-17, 5.599600752936399e-12, 8.470508618216858e-14, 0.031089583279384384, 0.7058121324190365, 9.334740873826416e-14, 4.805496274016312e-18, 2.5967527126533605e-09, 1.5901702721431563e-10, 5.523316406076145e-10, 3.3648301993029615e-19, 4.925138944337169e-12, 3.3573887808855403e-11, 1.1077124192673046e-09, 7.905054292563285e-11, 8.515917390359589e-13, 8.375255706878228e-14, 2.760719046001618e-16, 1.7504172284539657e-13, 1.722659029246513e-19, 2.3228656110034198e-10, 8.896885740258163e-12, 0.8843591874348918, 7.797676279590349e-14, 7.322290459935405e-14, 1.6303199399780965e-11, 1.458882240864531e-11, 1.558826792127389e-13, 8.531985752264053e-16, 3.6623676690437125e-11, 8.418008618727628e-14, 1.3561137939383357e-11, 3.0548616126691835e-09, 0.09790803426594746, 5.0266802293929803e-11, 5.137748371794142e-13, 0.00571135887352338, 2.7754012388537025e-11, 4.1861548784383186e-11, 4.545806799448606e-13, 0.22156214655504283, 4.814216459746401e-10, 2.1178700500981922e-10, 1.862676167390207e-12, 1.58477450166378, 3.1365293256650975e-10, 2.2473254858509974e-13, 8.01335578743247e-11, 6.927967071004545e-10, 7.602005373367956e-10, 2.3287782698032024e-13, 1.6799847894425744e-17, 3.2090016069846996e-12, 3.460672559223211e-14, 0.5935547021566108, 4.023309163080088e-10, 7.29332820768575e-13, 1.1212977804798804e-09, 5.443381941329968e-10, 5.622031945787774e-12, 2.5846339205148294e-10, 9.877904381295834e-11],