{"model": "linear", "weights": [1.3578173840219483, 1.544034971199962, 0.11362939220693091, 0.8504796088632908, 1.0696605573355442, 0.23723238765785765, 1.0742317761923486, 2.7785855352943103, 1.705073613315997, 0.6947075695340282, 0.1583028125438497, 2.1531045019838433], "scale": [4.337194179849161, 2.5825886301091328, 887.0601153654164, 0.4235973599444964, 1.1976369516195147, 0.6287701388537806, 40.20285830429307, 0.5532506452051402, 1.3475951441098866, 0.6434928479912737, 24.362502108964613, 7.595329527219522], "bias": null, "scaled_weights": [0.3130635447060317, 0.5978633039729271, 0.00012809660837937947, 2.007754743737611, 0.8931425803863906, 0.3772958876360151, 0.0267202836191783, 5.022290636939133, 1.2652714138727712, 1.0795886414318765, 0.006497806006781191, 0.2834774310012124], "columns": ["rc_wmean_1v", "rc_norm_2", "rc_mean_1v", "rc_mean_1_penalty_removed", "rth_mean_1", "rth_norm_2", "rth_sum_1v", "rth_mean_1_penalty_removed", "rth_mean_2_penalty_removed", "rth_wmean_1v_penalty_removed", "rth_sum_1v_penalty_removed", "rth_mean_1v_penalty_removed"]}