{"model": "linear", "weights": [1.6892942174003205, 2.352415221756033, 1.1508076916527963, 1.163554928636847, 1.786489410675841, 0.13819597730163632, -0.44974823318295254, 1.163516797346559, -1.8589858563587802, 9.345326951758251, 4.870712847458432, 2.7823911139630235, 10.631288318319907, 0.9802639096828332], "scale": [5.3131816655420545, 2.164621584344692, 1.601432716260378, 1.601432716260378, 0.21375083461180985, 0.42992406377658965, 0.35912053623971346, 0.6084299906471051, 1.7106710466758084, 1.7329180221000564, 0.42363632227642195, 33.00520700474345, 0.4658563832822701, 0.19622567410861258], "bias": null, "scaled_weights": [0.31794399735209833, 1.086755873991801, 0.7186113284485226, 0.7265712238937821, 8.357812562090162, 0.3214427591879341, -1.2523601069774104, 1.9123265046633924, -1.086699783673301, 5.392826915397308, 11.497391964139231, 0.08430158046162665, 22.82095662919839, 4.995594557826561], "columns": ["distances_mean", "-log_p_compt_max", "-log_p_abs_min", "-log_p_abs_final", "rsg_mean_1_first", "first_is_not_largest", "p_compt_min", "-log_p_compt_mean", "tango_v_sigma", "ge_distances_mean", "rsg_mean_1", "rsg_mean_1v_first", "rsg_wmean_1v", "rsg_norm_2"]}