{"model": "linear", "weights": [0.2672626343818068, 2.8029327253796027e-10, 0.7759644236474659, 0.8202558399721483, 1.950198691785128e-10, 4.802807462337186e-10, 7.647948707218612e-10, 9.465157695669353e-10, 0.8736576409679765, 5.621535260537066e-10, 2.858053137713034e-10, 7.649478802553003e-10, 2.497260287893139e-10, 6.52139285130251e-09, 18.47182355470454, 4.4476543201393245e-08, 3.14135190398637e-10, 3.147132860117995e-10, 3.2145484245786145e-09, 3.6935419227325613e-09, 3.0838646397065384e-09, 4.156339112078063e-09, 2.8079361024457503e-09, 3.4531805536531166e-09, 2.4354964543701517e-09, 1.7464774674400752e-09, 2.1523912280538316e-10, 1.4707602424462564e-09, 1.556080700013802e-10, 1.5930583136012894e-09, 1.1505344839164978e-09, 1.4516904417517622e-10, 1.2071356124931412e-10, 1.2395017601518155e-10, 3.223724009203333e-10, 3.2284504582733047e-10, 2.2674167713855698e-10, 2.1360622233304791e-10, 3.224637860438959e-10, 3.2307351262938783e-10, 6.407939233348346e-10, 3.1166050162179537e-10, 5.601227451868695e-10, 0.20135305388544597, 1.3149592336863357e-10, 2.91594515134167e-10, 1.082847375251806e-09, 1.2803481789723772, 1.83538024387326e-10, 2.0367432934247032e-10, 5.118622617081187e-10, 6.401490272471465e-10, 2.9328520922620497e-09, 3.5794775516680004e-09, 2.854755592728069e-09, 4.1589217873631114e-09, 2.7308590195654295e-09, 3.5584170161153656e-09, 2.552252179844396e-09, 1.4226587687445237e-09, 0.6985702147533244, 9.268068401525558e-10, 1.9862814447347232, 0.6946922905474093, 1.208598884054812e-09, 3.6695153504778537e-10, 9.575064206698442e-10, 1.263741224379439e-09, 1.1575407513237121e-10, 1.2696796376525973e-10, 3.839063917371664e-10, 2.5043682599741315, 1.1375523930911198e-10, 1.3148121665056147e-10], "scale": [0.66646472279015, 0.2206275929590759, 11.755027968701482, 3.7724945378172055, 720.368414096746, 229.96953846920044, 11.73617963181699, 3.737708991950296, 4.337194179849161, 2.5825886301091328, 730.3230570802035, 233.22198261665196, 294.62281748766827, 2476.5963756571095, 887.0601153654164, 623.2785034999596, 638366286.2120825, 304020918.855084, 1.5608084364073767, 0.3979341355844085, 0.543664319034312, 0.1696726764555906, 2.7973640163755675, 0.7608165262998224, 1.2068847869736086, 1.6100771955661388, 0.4235973599444964, 2.8240662861582497, 0.7703065474657396, 0.5457937966516953, 1.2176681725039065, 688.1632898444103, 200.80334788715354, 143.33932827752028, 21036873.461330827, 6101106.645181805, 688.1331106483699, 200.8005382687225, 21036873.33102735, 6101106.625306113, 3.977608728955865, 1.1976369516195147, 1.2603161809186687, 0.6287701388537806, 25.37585494580248, 8.28284233511746, 9.623400619381812, 40.20285830429307, 13.973363326582698, 7.473447370602289, 5011.190796000346, 1929.7669813595455, 2.0300590195458823, 0.5066134782096677, 0.5893559489137365, 0.21719403031199278, 4.923794892770277, 1.3328099433111336, 1.7374066601320535, 2.118218078284036, 0.5532506452051402, 4.9746442137544005, 1.3475951441098866, 0.6434928479912737, 1.828008201640765, 24.586307597671478, 7.674625597300401, 4.1406037639947915, 1881.141068108714, 592.1601781106464, 24.362502108964613, 7.595329527219522, 1878.2357793468932, 591.2025205456359], "bias": null, "scaled_weights": [0.401015425487059, 1.2704361624883053e-09, 0.06601127838347311, 0.21743062362305096, 2.7072240448388327e-13, 2.0884537553570036e-12, 6.516557301564205e-11, 2.5323420619566577e-10, 0.2014338313527758, 2.1767056491298483e-10, 3.913409428889447e-13, 3.279913289789019e-12, 8.476126557976673e-13, 2.6332077828274314e-12, 0.020823643442806846, 7.135902000733149e-11, 4.92092388309919e-19, 1.035169840276064e-18, 2.0595406518802323e-09, 9.281792116949713e-09, 5.672369018412459e-09, 2.449621942025489e-08, 1.0037793029467364e-09, 4.538782261273183e-09, 2.0180024478371438e-09, 1.0847166038060523e-09, 5.081219647676411e-10, 5.207952269587204e-10, 2.0200798047650125e-10, 2.918791535144395e-09, 9.448670088425152e-10, 2.109514505023918e-13, 6.011531307593145e-13, 8.647325022704219e-13, 1.5324159339214824e-17, 5.291581750702378e-17, 3.29502640738966e-13, 1.0637731560619033e-12, 1.5328503479093208e-17, 5.295326446014671e-17, 1.611002909034356e-10, 2.6022953049365236e-10, 4.444303371385625e-10, 0.3202331685987878, 5.181930762509534e-12, 3.520464392976181e-11, 1.125223211710546e-10, 0.03184719278618194, 1.3134849506000196e-11, 2.7253062641967345e-11, 1.0214383817049207e-13, 3.3172348445725466e-13, 1.4447127221543141e-09, 7.065500042197048e-09, 4.843856413072225e-09, 1.91484166548636e-08, 5.54624853195086e-10, 2.669860795962476e-09, 1.4690010337881458e-09, 6.716299815064447e-10, 1.262664979801878, 1.8630615584327143e-10, 1.4739452374969053, 1.0795648975990326, 6.611561605522394e-10, 1.4925036367906608e-11, 1.2476262307918358e-10, 3.0520699308841877e-10, 6.153396844860207e-14, 2.1441489728398368e-13, 1.5758085520940858e-11, 0.3297247671742458, 6.0564941079265e-14, 2.223962383130811e-13], "columns": ["c_penalty_sum_1", "c_penalty_mean_1", "c_penalty_ell_sum_1", "c_penalty_ell_mean_1", "c_penalty_ell_sum_2", "c_penalty_ell_mean_2", "rc_sum_1", "rc_mean_1", "rc_wmean_1v", "rc_norm_2", "rc_sum_2", "rc_mean_2", "rc_wmean_2v", "rc_sum_1v", "rc_mean_1v", "rc_norm_2v", "rc_sum_2v", "rc_mean_2v", "rc_cap_sum_1", "rc_cap_mean_1", "rc_cap_wmean_1v", "rc_cap_norm_2", "rc_cap_sum_2", "rc_cap_mean_2", "rc_cap_wmean_2v", "rc_sum_1_penalty_removed", "rc_mean_1_penalty_removed", "rc_sum_2_penalty_removed", "rc_mean_2_penalty_removed", "rc_wmean_1v_penalty_removed", "rc_wmean_2v_penalty_removed", "rc_cap_sum_1v", "rc_cap_mean_1v", "rc_cap_norm_2v", "rc_cap_sum_2v", "rc_cap_mean_2v", "rc_sum_1v_penalty_removed", "rc_mean_1v_penalty_removed", "rc_sum_2v_penalty_removed", "rc_mean_2v_penalty_removed", "rth_sum_1", "rth_mean_1", "rth_wmean_1v", "rth_norm_2", "rth_sum_2", "rth_mean_2", "rth_wmean_2v", "rth_sum_1v", "rth_mean_1v", "rth_norm_2v", "rth_sum_2v", "rth_mean_2v", "rth_cap_sum_1", "rth_cap_mean_1", "rth_cap_wmean_1v", "rth_cap_norm_2", "rth_cap_sum_2", "rth_cap_mean_2", "rth_cap_wmean_2v", "rth_sum_1_penalty_removed", "rth_mean_1_penalty_removed", "rth_sum_2_penalty_removed", "rth_mean_2_penalty_removed", "rth_wmean_1v_penalty_removed", "rth_wmean_2v_penalty_removed", "rth_cap_sum_1v", "rth_cap_mean_1v", "rth_cap_norm_2v", "rth_cap_sum_2v", "rth_cap_mean_2v", "rth_sum_1v_penalty_removed", "rth_mean_1v_penalty_removed", "rth_sum_2v_penalty_removed", "rth_mean_2v_penalty_removed"]}