{"model": "linear", "weights": [0.34495966241034903, 0.19877675267814662], "scale": [4.923794892770277, 11.755027968701482], "bias": null, "scaled_weights": [0.070059714086966, 0.016909934472925332], "columns": ["rth_cap_sum_2", "c_penalty_ell_sum_1"]}