{"model": "linear", "weights": [0.9267799457527979, 2.4071386283991876, 2.1759796006608845, 2.7340855655982153, 1.5011787260678473, 0.328830561439331, 1.8166722799357882, 0.6904237984786167, 0.5123478130778353, 0.5868343450530735, 1.2058928490820386, 3.640252691232146, 0.14743609193127075, 1.539867530334628, 2.6062206384736517, 1.2227469927875958, 1.427853261181907, 6.700064369295155, 5.613334451525213], "scale": [720.368414096746, 4.337194179849161, 2.5825886301091328, 887.0601153654164, 0.543664319034312, 0.1696726764555906, 0.4235973599444964, 0.7703065474657396, 1.1976369516195147, 0.6287701388537806, 40.20285830429307, 13.973363326582698, 0.5893559489137365, 0.5532506452051402, 4.9746442137544005, 1.3475951441098866, 0.6434928479912737, 24.362502108964613, 7.595329527219522], "bias": null, "scaled_weights": [0.001286536066291672, 0.5549990451391096, 0.8425575700644721, 0.0030821874619759377, 2.7612235592991055, 1.9380289644066393, 4.288677059209777, 0.896297455539055, 0.42779893554971615, 0.9333050486825691, 0.029995201832534058, 0.2605137078420475, 0.25016476410056704, 2.7833090547299038, 0.5239009116004133, 0.907354852183921, 2.2189108482543225, 0.2750154454303668, 0.7390508116084501], "columns": ["c_penalty_ell_sum_2", "rc_wmean_1v", "rc_norm_2", "rc_mean_1v", "rc_cap_wmean_1v", "rc_cap_norm_2", "rc_mean_1_penalty_removed", "rc_mean_2_penalty_removed", "rth_mean_1", "rth_norm_2", "rth_sum_1v", "rth_mean_1v", "rth_cap_wmean_1v", "rth_mean_1_penalty_removed", "rth_sum_2_penalty_removed", "rth_mean_2_penalty_removed", "rth_wmean_1v_penalty_removed", "rth_sum_1v_penalty_removed", "rth_mean_1v_penalty_removed"]}