{"model": "linear", "weights": [6.935427848738144e-10, 2.48247743322021e-09, 2.735685345327314e-09, 2.485528370887954e-09, 2.757534699368288e-09, 1.9983637182148875, 3.920867922480813e-10, 3.506348305365632e-10, 2.4783249347708407e-09, 3.008357172063071e-10, 3.9885252737104447e-10, 4.470763167624665e-10, 0.09230740109265814, 4.66582599119537e-10, 1.1334238149323808e-09, 3.2927477963059842e-09, 2.6092963406999424e-09, 2.0083423974081194e-09, 1.2998485386905408e-09, 3.3531781513315275e-09, 1.425940770087818e-09, 4.471025333788027e-10, 6.009977306226662e-10, 3.602822344838549e-10, 2.4655432188367136e-09, 0.6631056233573352, 7.229261115670654e-10, 2.0867978471385764, 3.80256431621995e-09, 2.569626418082958e-09, 1.1098772813064972, 3.576010394510646e-09, 4.0410799986572697e-10, 2.1472391979051852e-09, 2.550741654559811e-09, 3.1656298752765314e-09, 1.1063889382716188, 1.1382775305171007e-09, 2.0073104815562752e-09, 4.1296787426990464e-09, 1.0423770959954094e-09, 3.741503153838896e-09, 0.6127885810413305, 2.2014293492702676e-09, 4.630081420458241e-10, 3.398739578347743e-10, 2.2124247656233395e-09, 0.13245048913296234, 6.286467360548297e-10, 8.030179631787123e-10, 6.553119457286374e-10, 46.402996331338336, 2.5871074013458603e-09, 4.202166675509609e-10, 0.46759129788453596, 7.416931659746765e-10, 3.607253081171374e-09, 9.39843280545027e-10, 0.32425731624943305, 3.732643686667299e-09, 0.04635959977390378, 8.106030895770592e-10, 1.0690114630866798e-09, 3.771871420074553e-09, 3.6041778527207327e-09, 5.855849731382126e-10, 3.7129307856377037e-09, 5.507169402658396e-10, 2.519187355304685e-09, 1.0775498111805359e-09, 1.0559363298021085e-08, 3.0557694581084325e-09, 3.3887430694724125e-09, 5.906637509933422e-10, 5.670903966117943e-10, 3.685164263444505e-10, 0.5211981146167787, 1.4755378945846663e-09, 4.881302737949414e-10, 2.201889756028712e-09, 2.160546952505374, 8.848712018264821e-10, 2.4959084677508616, 1.0105988297658441, 5.333457468194923e-10, 0.013061816768061023, 6.064921775349893e-10, 3.7028464001344474e-09, 7.023200158249756e-10, 5.005334522059523e-10, 3.734460740832366e-09, 2.738056349440041e-09, 1.016063661112432e-09, 2.6625738426833855e-09, 0.6479987720578128, 6.624961108741106e-10], "scale": [238.27417713172204, 1929.7669813595455, 1.3475951441098866, 4.9746442137544005, 2.8240662861582497, 1.7329180221000564, 5011.190796000346, 9.623400619381812, 0.7703065474657396, 841.4849764931672, 8.28284233511746, 200.8005382687225, 13.973363326582698, 1878.2357793468932, 304020918.855084, 1.1976369516195147, 3.977608728955865, 6101106.625306113, 11.73617963181699, 1.2068847869736086, 638366286.2120825, 1881.141068108714, 330.61578168981686, 730.3230570802035, 1.2176681725039065, 8.678771301320403, 592.1601781106464, 0.5402900929110258, 2.7973640163755675, 2.118218078284036, 3.7724945378172055, 0.1696726764555906, 11.755027968701482, 25.37585494580248, 7.674625597300401, 0.543664319034312, 0.4235973599444964, 5.3131816655420545, 6101106.645181805, 887.0601153654164, 233.22198261665196, 4.923794892770277, 2476.5963756571095, 21036873.461330827, 0.5532506452051402, 720.368414096746, 7.595329527219522, 0.7017887753092958, 356.9655052095232, 591.2025205456359, 1070.893488978808, 99.69769740657071, 1.828008201640765, 143.33932827752028, 0.2206275929590759, 0.6287701388537806, 0.21719403031199278, 3.737708991950296, 0.42992406377658965, 0.3979341355844085, 0.42992406377658954, 2.3133524204175604, 0.66646472279015, 2.0300590195458823, 1.7374066601320535, 688.1632898444103, 0.5066134782096677, 7.473447370602289, 1.6100771955661388, 24.362502108964613, 623.2785034999596, 0.5893559489137365, 0.7608165262998224, 2.5825886301091328, 0.5457937966516953, 200.80334788715354, 0.6434928479912737, 24.586307597671478, 295557.1589603487, 21036873.33102735, 22.71963640955836, 0.4397715460134327, 33.6385215388613, 4.337194179849161, 40.20285830429307, 1.2603161809186687, 294.62281748766827, 1.3328099433111336, 688.1331106483699, 97210.69359732965, 1.5608084364073767, 1.7106710466758084, 1.9652088674525527, 4.1406037639947915, 0.7871009719888403, 229.96953846920044], "bias": null, "scaled_weights": [2.910692183359895e-12, 1.2864130525599898e-12, 2.0300498686749787e-09, 4.996394242659029e-10, 9.764412092180496e-10, 1.1531784497186703, 7.824223986063814e-14, 3.643564727320759e-11, 3.2173229513943183e-09, 3.575057494906445e-13, 4.815406490112652e-11, 2.2264697127662275e-12, 0.0066059544102066, 2.4841535032506876e-13, 3.728111273397748e-18, 2.7493705766620997e-09, 6.559962325366504e-10, 3.291767413272103e-16, 1.1075567854863336e-10, 2.7783746945223968e-09, 2.2337344576090004e-18, 2.37676238618466e-13, 1.8178131955797598e-12, 4.933189921789488e-13, 2.024807147391219e-09, 0.07640547265676298, 1.2208286512504816e-12, 3.8623655597590743, 1.3593383964189187e-09, 1.2131075852985862e-09, 0.29420248861345755, 2.1075935555520135e-08, 3.437745966591407e-11, 8.461741298928605e-11, 3.323604027611524e-10, 5.822765564051557e-09, 2.611888181778536, 2.142365163042045e-10, 3.2900760440591515e-16, 4.655466603859043e-12, 4.469463316881108e-12, 7.598820087596728e-10, 0.0002474317523293398, 1.0464622289604254e-16, 8.368867638177719e-10, 4.718057471480544e-13, 2.912875284337081e-10, 0.18873269820337052, 1.7610853902699689e-12, 1.3582789911612462e-12, 6.119300868600253e-13, 0.4654369914091926, 1.4152602811211409e-09, 2.931621576580689e-12, 2.119369076248179, 1.1795934955288263e-09, 1.660843567380587e-08, 2.514490246750395e-10, 0.7542199741067148, 9.380054016189178e-09, 0.1078320654272439, 3.504019026339036e-10, 1.604003072527636e-09, 1.8580107197663192e-09, 2.074458407133534e-09, 8.509389875629808e-13, 7.328922236255754e-09, 7.368981314194456e-11, 1.5646376224954127e-09, 4.4229849888203085e-11, 1.694164524963722e-11, 5.184930200060986e-09, 4.4540870923944376e-09, 2.2870996337050491e-10, 1.0390194980059286e-09, 1.835210569056585e-12, 0.8099516820486038, 6.001461946748e-11, 1.6515596357468977e-15, 1.0466810924706847e-16, 0.09509601798012984, 2.012115631054161e-09, 0.07419792409328793, 0.2330075131201506, 1.3266363868524712e-11, 0.010363920550904944, 2.058537701549116e-12, 2.778225371680055e-09, 1.0206165129348863e-12, 5.148954643604167e-15, 2.3926451534489644e-09, 1.6005744381777297e-09, 5.170257868974141e-10, 6.430399995856099e-10, 0.8232727377028322, 2.8807994105829714e-12],