{"model": "linear", "weights": [-0.5685981519745605, -0.8284718163045826, 1.220073524469251, -1.203782574147917, -0.20822979943861072, 0.30907075354999025, -1.2406443589390197, -1.4812145144190703, 1.8196322212721603, 1.6010607663646965, 2.9848615330487895, 0.5742232687946549, 1.374574117310197, 0.4920023990414852, 0.15770263841594773, 1.8100551725551126, 0.7073093916795933, -0.8075398368060267, -1.0985262372036118, 34.083320554055234, 0.5709566931431633, 1.0338680553965118, 0.19989317329212783, 0.8247288972824487, -0.6339403802108768, 1.329262212823363, -2.7667320380645286, 0.4913769906970526, 1.478000413760895, -0.8806734501386506, 14.404614731790794, 1.552668271454846, -1.531961566149528, -1.3259604086086707, 0.4618787251003102, -0.3343472551022985, 0.28150532139171064, 0.4923924801705078, -2.143713387592299, -0.28726423518039507, 3.0740928817313216], "scale": [1.6100771955661388, 233.22198261665196, 1.7329180221000564, 2.3133524204175604, 1.2603161809186687, 1.3475951441098866, 7.595329527219522, 2.118218078284036, 8.678771301320403, 4.923794892770277, 0.5402900929110258, 13.973363326582698, 0.6434928479912737, 8.28284233511746, 2.7973640163755675, 1.1976369516195147, 0.543664319034312, 591.2025205456359, 1.2176681725039065, 99.69769740657071, 200.80334788715354, 0.5532506452051402, 2476.5963756571095, 0.1696726764555906, 0.7608165262998224, 0.7871009719888403, 4.1406037639947915, 0.4397715460134327, 2.5825886301091328, 1.7374066601320535, 33.6385215388613, 4.337194179849161, 0.6287701388537806, 1.9652088674525527, 0.4235973599444964, 1929.7669813595455, 0.42992406377658965, 0.66646472279015, 1.3328099433111336, 1.7106710466758084, 22.71963640955836], "bias": null, "columns": ["rc_sum_1_penalty_removed", "rc_mean_2", "ge_distances_mean", "rsl_sum_1", "rth_wmean_1v", "rth_mean_2_penalty_removed", "rth_mean_1v_penalty_removed", "rth_sum_1_penalty_removed", "ge_distances_sum", "rth_cap_sum_2", "rsl_wmean_1v", "rth_mean_1v", "rth_wmean_1v_penalty_removed", "rth_mean_2", "rc_cap_sum_2", "rth_mean_1", "rc_cap_wmean_1v", "rth_mean_2v_penalty_removed", "rc_wmean_2v_penalty_removed", "rsl_mean_1v", "rc_cap_mean_1v", "rth_mean_1_penalty_removed", "rc_sum_1v", "rc_cap_norm_2", "rc_cap_mean_2", "tango_sigma", "rth_cap_norm_2v", "rsl_norm_2", "rc_norm_2", "rth_cap_wmean_2v", "rsl_norm_2v", "rc_wmean_1v", "rth_norm_2", "rsl_wmean_2v", "rc_mean_1_penalty_removed", "rth_mean_2v", "first_is_not_largest", "c_penalty_sum_1", "rth_cap_mean_2", "tango_v_sigma", "distances_sum"]}