{"model": "linear", "weights": [0.4632858823417565, 0.4021952845984766, 2.722767788392393, 1.3982672859877643, -1.2525960826403018, -1.1008002340697305, 1.310355505658897, -0.6744050363055191, 0.6070616240010035, 0.37727804823526434, -0.7721313939009562, 1.0170178493379025, -3.3545865501127583, 1.1852467232305766, -1.1218703923445632, -0.06144016838901854, 1.566565782789142, -0.6070761871308251, -0.9248539356678754, 0.6732385672851876, 2.2406139336619266, 3.2538941290471053, -1.1727988359268864, -1.4243618349429903, -1.6737462734836879, 3.8747653349589495, -1.8126781012768696, -0.04517723984679505, 1.4511139089616938, 1.992975895019944, 2.035615835836045, -6.159273738211181, 1.3923665578932438, 5.408831072767331, 3.937600408107133], "scale": [0.66646472279015, 720.368414096746, 4.337194179849161, 2.5825886301091328, 233.22198261665196, 294.62281748766827, 887.0601153654164, 0.3979341355844085, 0.1696726764555906, 1.2068847869736086, 1.6100771955661388, 0.4235973599444964, 2.8240662861582497, 0.7703065474657396, 0.5457937966516953, 1.2176681725039065, 1.1976369516195147, 1.2603161809186687, 0.6287701388537806, 8.28284233511746, 40.20285830429307, 13.973363326582698, 7.473447370602289, 1929.7669813595455, 0.5066134782096677, 4.923794892770277, 1.3328099433111336, 1.7374066601320535, 0.5532506452051402, 1.3475951441098866, 0.6434928479912737, 4.1406037639947915, 592.1601781106464, 24.362502108964613, 7.595329527219522], "bias": null, "columns": ["c_penalty_sum_1", "c_penalty_ell_sum_2", "rc_wmean_1v", "rc_norm_2", "rc_mean_2", "rc_wmean_2v", "rc_mean_1v", "rc_cap_mean_1", "rc_cap_norm_2", "rc_cap_wmean_2v", "rc_sum_1_penalty_removed", "rc_mean_1_penalty_removed", "rc_sum_2_penalty_removed", "rc_mean_2_penalty_removed", "rc_wmean_1v_penalty_removed", "rc_wmean_2v_penalty_removed", "rth_mean_1", "rth_wmean_1v", "rth_norm_2", "rth_mean_2", "rth_sum_1v", "rth_mean_1v", "rth_norm_2v", "rth_mean_2v", "rth_cap_mean_1", "rth_cap_sum_2", "rth_cap_mean_2", "rth_cap_wmean_2v", "rth_mean_1_penalty_removed", "rth_mean_2_penalty_removed", "rth_wmean_1v_penalty_removed", "rth_cap_norm_2v", "rth_cap_mean_2v", "rth_sum_1v_penalty_removed", "rth_mean_1v_penalty_removed"]}