{"model": "linear", "weights": [1.1676910547199641, 0.1893426667894817, 1.0920942592904797, 1.371495032033524, 0.19460532153494875, 0.38885025920636673, 1.6184996766773492, 4.91362651767579, 1.0133374569349296, 0.6242788934984376, 0.310040332629337, 1.4866221211661723, 0.1258140299079698, 1.9729116356776208, 0.8680467463501823, 1.3988877167345184, 1.83876110138496, 4.788417123288553, 0.24604700845345093, 1.7684364362886789, 26.70241821967152, 1.7454535473467565, 0.0580625993850299, 0.29350465620109356, 0.2925495703631383, 3.3777422121748994, 0.06686633819926033, 5.04523805335144, 4.823680936202246], "scale": [0.17451250826225634, 11.755027968701482, 200.82250330110892, 40.20285830429307, 1.2603161809186687, 623.2785034999596, 3.26053824141153, 8.678771301320403, 0.5538487286351177, 0.5402900929110258, 13.973363326582698, 1.3489986976977582, 0.6434928479912737, 1.1976369516195147, 0.6985752978261425, 0.543664319034312, 0.5532506452051402, 2.9640252896503516, 3.977608728955865, 2.5825886301091328, 33.6385215388613, 4.337194179849161, 0.4238674140321679, 0.42992406377658965, 1.7106710466758084, 0.4383888077173667, 9.623400619381812, 0.5370611863368625, 22.71963640955836], "bias": null, "columns": ["rc_cap_norm_2_tango", "c_penalty_ell_sum_1", "rc_mean_1v_penalty_removed_tango", "rth_sum_1v", "rth_wmean_1v", "rc_norm_2v", "rc_wmean_1v_tango", "ge_distances_sum", "rth_mean_1_penalty_removed_tango", "rsl_wmean_1v", "rth_mean_1v", "rth_mean_2_penalty_removed_tango", "rth_wmean_1v_penalty_removed", "rth_mean_1", "rsl_mean_1_tango", "rc_cap_wmean_1v", "rth_mean_1_penalty_removed", "c_penalty_ell_mean_1_tango", "rth_sum_1", "rc_norm_2", "rsl_norm_2v", "rc_wmean_1v", "rc_mean_1_penalty_removed_tango", "first_is_not_largest", "tango_v_sigma", "rsl_norm_2_tango", "rth_wmean_2v", "rsl_wmean_1v_tango", "distances_sum"]}