{"model": "linear", "weights": [6.2624465485526576e-12, 1.092450623898791e-12, 3.0227527854376204, 0.019967726752688233, 2.3526265323875766, 1.0924506238943786e-12, 7.101358445013338e-11, -2.8722610349163705e-10, -5.841417619982856e-11, -0.5561920526362716, -3.1203337358204845e-11, -3.107526701951012e-11, -5.841417619974906e-11, 1.994036643292718e-10, -1.7214067311288754e-11, 6.47060930377908, -1.6925056891610418e-10, 6.348446805332556, -2.5863665149521184e-12, -8.776530093383597e-12, -1.0592522700418392e-11, -6.803431361918627e-11, 5.6922777896852856e-11, 5.95205982349809e-11, 3.967959928494209e-07, 5.952059823502824e-11, 5.5658086421954684e-11, 5.776694171563239e-11, 6.389129610120671e-11, 5.818078555314713e-11, 2.653326345093482e-10, 2.850045382111572e-10, 2.5769255018167877e-08, 2.860401811927147e-10, -8.05318587935041e-28, 0.1905688929662768, 6.004553137135163e-12, 6.735065365302532e-11, 0.8699209708676024, -3.753344123461335e-10, 0.8050036463187079, -1.6810886527714844e-11, 0.7038213383335536, 2.1417099578563757e-10, -7.193084251517935e-26, 1.6864768538499872e-25, 0.6472002473144003, 9.702090651168703e-10, 3.512706761467666e-11, 1.1316350930358082e-10, -9.441493014147306e-12, 2.6663363441015244, -0.16313599670900703, 1.5210665119257482e-10, 1.087152073067915, -9.063075439469367e-11, -2.677176503393892e-12, -0.0720613785475332, 3.628925714793417e-11, 8.027502522561397e-11, 0.26620438647584715, 5.239001638199395e-13, -5.898886931165497e-10, -0.0863056319531457, -8.542545017028777e-12, -0.6632644568977105, 0.37827390537284217, 0.05261906130351231, -2.9549919954278086e-11, 1.556075302746703, -2.1305677029120303e-11, 9.439290117544021e-13, 2.4660693413551288e-11, 0.22949155299423524, 1.0101404758390664, 1.6513298113007685e-10, 0.2364910790141657, 0.1052886943258248, -1.6632763762567294e-10, -0.0010285820151522136, 1.2582499600869873e-11, 2.332521145092976e-12, 5.7023594330887794e-11, 0.06892072846718549, 5.956861366047538e-11, 5.5627556480935174e-11, 6.40713876241449e-11, 5.83471306978049e-11, 2.6700447722461105e-10, 0.21040821615098693, 2.782083973211572e-10, 5.86600552027196e-26, -3.2116550966177264e-11, 0.16406211750919794], "scale": [1.5283808388405522, 0.6364397517941597, 0.42363632227642195, 0.21375083461180985, 0.4658563832822701, 0.6364397517941597, 0.19622567410861258, 2.656477160739345, 1.261123429568616, 0.7475731653346568, 0.3998970272255298, 0.8662048025870851, 1.2611234295686164, 214.3195371648319, 85.07289438663827, 64.04918323177633, 33.00520700474345, 35.96140016475422, 155383.850037125, 53502.88413678559, 47827.30742610575, 23379.244046614956, 871.8361771041352, 868.5048888508767, 199.57784037656205, 868.5048888508767, 4123.263963202542, 4110.831970396861, 899.5732515964763, 4110.848512554627, 10167.71999916096, 10140.214462295236, 2279.4260227014133, 10140.49932626295, 0.37644606025452726, 1.8466765957072728, 8.708497176862368, 0.6349777491789669, 0.36723169067093364, 0.14601883105541327, 0.36723169067093364, 5.720865135808337, 1.601432716260378, 1.127203775778837, 0.992565385308932, 0.047970882542836234, 1.601432716260378, 0.48044382949640846, 0.088015715360907, 0.12232437491732263, 3.477627568708073, 0.7192865363769918, 1.4662094072160536, 10.077907951487141, 2.43107446391819, 4.327960860341336, 0.08060055641253036, 0.4054090912781989, 1.1681864888448454, 0.41524305767843556, 0.09108687608333699, 0.08199323041843305, 7.303358237366297, 2.5177842244844952, 2.2140630440843605, 2.703992927097108, 0.7074632003475282, 0.4885169611233239, 0.9386358757472293, 0.14191435089513352, 0.04801670574719098, 0.8483633223693582, 0.09859629005797582, 2.644232767414133, 0.6084299906471051, 2.164621584344692, 0.7869990139718835, 0.2261573231269946, 0.35912053623971346, 0.22351434936122025, 0.07636650353370997, 0.0765136846367669, 871.8586365301849, 199.5796602185848, 868.4800892234279, 4123.577734449815, 899.6286752819528, 4110.816211922031, 10169.046489361092, 2279.705619879433, 10140.539943522452, 0.39248741072373394, 1.948750417011882, 9.042306375338375], "bias": null, "scaled_weights": [4.097438537179924e-12, 1.71650281243293e-12, 7.135254052803526, 0.09341590075637068, 5.050111186223848, 1.716502812425997e-12, 3.618975181138976e-10, -1.0812293353641968e-10, -4.6319158640807986e-11, -0.7439968131912386, -7.802843040542813e-11, -3.587519594292012e-11, -4.6319158640744933e-11, 9.304035785403532e-13, -2.0234491180063145e-13, 0.10102563338495246, -5.127995982324238e-12, 0.17653502856528572, -1.6645015002100747e-17, -1.6403844830019818e-16, -2.2147436831529926e-16, -2.9100305161080194e-15, 6.529068119876126e-14, 6.853225468164365e-14, 1.9881766036787904e-09, 6.853225468169816e-14, 1.3498550400524203e-14, 1.4052372398489339e-14, 7.102400609157571e-14, 1.4152986999025058e-14, 2.609558824704491e-14, 2.8106361977934584e-14, 1.130515084127538e-11, 2.8207701809308067e-14, -2.1392668776784097e-27, 0.10319559657022098, 6.895050908541003e-13, 1.0606773818470088e-10, 2.368861383608407, -2.570452109726151e-09, 2.192086540374452, -2.9385217320525993e-12, 0.4394947918743024, 1.900020212739768e-10, -7.246962626325233e-26, 3.515626072428468e-24, 0.4041382699022939, 2.0194016564513354e-09, 3.990999501695657e-10, 9.251100557846012e-10, -2.714923558549655e-12, 3.7069181880307664, -0.1112637771290524, 1.5093078040083634e-11, 0.4471899520986864, -2.094075185040972e-11, -3.3215360073838044e-11, -0.1777497843482829, 3.106460954176811e-11, 1.933205715091786e-10, 2.922532838125792, 6.389553883245471e-12, -8.076951368734619e-11, -0.03427840682845504, -3.858311550727138e-12, -0.24529075141101167, 0.5346905749825887, 0.10771184112526415, -3.148177127872295e-11, 10.96489039291419, -4.4371384287158645e-10, 1.1126471251941238e-12, 2.501178634515609e-10, 0.08678946718395797, 1.6602410981824152, 7.628722836563069e-11, 0.3004973002705879, 0.46555509620487423, -4.631526767231407e-10, -0.004601861214243243, 1.6476464180811502e-10, 3.048501919841064e-11, 6.540463320731648e-14, 0.00034532942080220863, 6.858949836574846e-14, 1.3490119518350063e-14, 7.121981477976374e-14, 1.419356344090227e-14, 2.625658929811684e-14, 9.229622207191594e-05, 2.7435264677288753e-14, 1.494571637203659e-25, -1.648058709099506e-11, 0.01814383528926363],