{"model": "linear", "weights": [75.43598925077542, 54.62360684878961, 0.3232577791034124, -0.5979023751772379, 2.1537957645544084, 0.2627020988178088], "scale": [155383.850037125, 53502.88413678559, 2.703992927097108, 0.7869990139718835, 4110.831970396861, 1.601432716260378], "bias": null, "columns": ["rsg_sum_2v", "rsg_sum_2v_first", "cross_compt_ge_dist_sum_nonfinal", "-log_p_compt_sum_nonfinal", "cross_abs_ge_dist_final", "-log_p_abs_final"]}