{"model": "linear", "weights": [8.049350851651733e-13, 8.672649727278275e-06, 9.41936619326324e-11, 2.3653454896447132e-05, 1.1968351406314745e-11, 2.0790486181425062e-10, 3.01475017834313e-09, 6.932631216532649e-05, 1.8086781942932644e-10, 7.160394195015153e-11, 3.6975091152389767e-07, 5.950390890548064e-06, 3.121657482225421e-06, 0.001398902026138095, 2.28679836675036e-05, 7.622722980390799e-06, 9.983251569779706e-05, 5.018248715268483e-10, 1.9175824223891627e-11, 3.0503033000962937e-05, 9.647403986594898e-07, 2.078983594046517e-10, 3.071003235742932e-12, 1.046601326894618e-06, 6.791021139607613e-07, 8.13181005467954e-11, 9.785957558773595e-06, 1.7670110197763521e-06, 1.2440547020122712e-05, 1.9754053310468574e-10, 2.3961566217273812e-11, 7.930370633319811e-10, 2.16385511821549e-10, 0.15860167985335627, 6.661487049985493e-07, 2.97918508256115e-10, 1.9992661566590763e-10, 6.592863680773421e-06, 1.548031996964866e-11, 2.9757415488220824e-09, 6.110221722870278e-11, 2.3968073785441584e-09, 3.782473772555841e-10, 1.0532528031310498e-10, 6.515714162003049e-09, 8.9129109313371e-05, 1.2009612216407798e-11, 2.3735813940341975e-10, 5.547397429841261e-11, 9.549627358098181e-11, 1.7650484644535036e-05, 1.0044762552462891e-05, 1.1382787778628192e-11, 0.00010773257657920635, 8.035016686811169e-11, 8.121969218270234e-06, 4.0373852396027935e-10, 1.6822558355335233e-09, 2.470391926856422e-07, 0.002706631047326115, 2.1937422979210236e-10, 1.4331007269033538e-10, 7.305831217389957e-10, 1.560352769529162e-11, 1.5977231019459946e-06, 0.8367523858444245, 2.3137604716196138e-10], "scale": [1.1274503063303907, 0.4235973599444964, 688.1632898444103, 0.4238674140321679, 0.5538487286351177, 1.1976369516195147, 238.27417713172204, 22.71963640955836, 200.82250330110892, 200.8005382687225, 21036873.461330827, 0.5402900929110258, 290993301.3966436, 99.69769740657071, 0.6985752978261425, 0.6434928479912737, 0.5370611863368625, 97213.84783898831, 200.80334788715354, 3.7724945378172055, 6101106.625306113, 759.0206829420099, 182.10585878306313, 21036899.35737111, 21036873.33102735, 179.5360029276394, 1.2603161809186687, 304020918.855084, 1070.892271366495, 530.412602629557, 143.33932827752028, 295557.1589603487, 688.1331106483699, 638366286.2120825, 21036899.499552067, 2134.953064058175, 688.2556848410459, 0.42992406377658965, 649.8851714283896, 1070.893488978808, 841.4849764931672, 97210.69359732965, 2476.5963756571095, 200.82964186738758, 356.9618608240511, 2.9640252896503516, 99.76567685617142, 887.0601153654164, 0.5532506452051402, 330.61578168981686, 4.337194179849161, 1.7106710466758084, 330.8081014512841, 8.678771301320403, 143.3601004509824, 0.2206275929590759, 688.2178717350724, 356.9655052095232, 6101106.645181805, 6101112.27388476, 640.4787245176883, 33.6385215388613, 295567.36106955266, 220.5670572264869, 6101112.302332298, 593823596.2896891, 623.2785034999596], "bias": null, "scaled_weights": [7.139428502042494e-13, 2.047380495575951e-05, 1.368769059941123e-13, 5.5803900260783057e-05, 2.160942291193674e-11, 1.7359589776610475e-10, 1.2652441882850464e-11, 3.0513829937947542e-06, 9.006352199391576e-13, 3.565923805160678e-13, 1.757632436224706e-14, 1.1013325931053052e-05, 1.0727592240930627e-14, 1.4031437661326554e-05, 3.27351736293356e-05, 1.1845855014839526e-05, 0.0001858866703414661, 5.162071892864505e-15, 9.549554041632792e-14, 8.085640070565146e-06, 1.5812547754172147e-13, 2.7390341801863045e-13, 1.686383544310521e-14, 4.9750740787182583e-14, 3.228151366767758e-14, 4.5293478311183094e-13, 7.764684534670039e-06, 5.812136304405499e-15, 1.1616992066109648e-08, 3.724280534160858e-13, 1.6716672601452168e-13, 2.6831935525485724e-15, 3.144529865997396e-13, 2.4844933587339306e-10, 3.1665726454258786e-14, 1.3954335262519711e-13, 2.9048305748768513e-13, 1.53349492067497e-05, 2.3820084916885082e-14, 2.7787465134928745e-12, 7.261236853371075e-14, 2.4655799581806483e-14, 1.5272871307308792e-13, 5.244508695716027e-13, 1.825325021267381e-11, 3.0070293132986402e-05, 1.203781961377521e-13, 2.6757841468911294e-13, 1.0026915427788317e-10, 2.8884366346001066e-13, 4.069562927696469e-06, 5.871825896616399e-06, 3.440903571796128e-14, 1.2413344336290524e-05, 5.604778917937837e-13, 3.6813025557400585e-05, 5.866434751867318e-13, 4.7126565760075685e-12, 4.049088256484341e-14, 4.4362911643366994e-10, 3.4251602964220527e-13, 4.260296414180234e-12, 2.4717990480927136e-15, 7.074278403809553e-14, 2.618740686571572e-13, 1.4090925168224971e-09, 3.712241732430876e-13], "columns": ["rsl_wmean_2v_tango", "rc_mean_1_penalty_removed", "rc_cap_sum_1v", "rc_mean_1_penalty_removed_tango", "rth_mean_1_penalty_removed_tango", "rth_mean_1", "tango_variance", "distances_sum", "rc_mean_1v_penalty_removed_tango", "rc_mean_1v_penalty_removed", "rc_cap_sum_2v", "rsl_wmean_1v", "rc_mean_2v_tango", "rsl_mean_1v", "rsl_mean_1_tango", "rth_wmean_1v_penalty_removed", "rsl_wmean_1v_tango", "rsl_mean_2v_tango", "rc_cap_mean_1v", "c_penalty_ell_mean_1", "rc_mean_2v_penalty_removed", "rc_mean_1v_tango", "rc_mean_2_tango", "rc_sum_2v_penalty_removed_tango", "rc_sum_2v_penalty_removed", "c_penalty_ell_mean_2_tango", "rth_wmean_1v", "rc_mean_2v", "rsl_sum_2_tango", "rc_norm_2v_tango", "rc_cap_norm_2v", "rsl_sum_2v", "rc_sum_1v_penalty_removed", "rc_sum_2v", "rc_cap_sum_2v_tango", "rc_sum_1v_tango", "rc_cap_sum_1v_tango", "first_is_not_largest", "rc_sum_2_tango", "rsl_sum_2", "tango_v_variance", "rsl_mean_2v", "rc_sum_1v", "rc_cap_mean_1v_tango", "rsl_mean_2_tango", "c_penalty_ell_mean_1_tango", "rsl_mean_1v_tango", "rc_mean_1v", "rth_mean_1_penalty_removed", "rsl_sum_1v", "rc_wmean_1v", "tango_v_sigma", "rsl_sum_1v_tango", "ge_distances_sum", "rc_cap_norm_2v_tango", "c_penalty_mean_1", "rc_sum_1v_penalty_removed_tango", "rsl_mean_2", "rc_cap_mean_2v", "rc_mean_2v_penalty_removed_tango", "c_penalty_ell_sum_2_tango", "rsl_norm_2v", "rsl_sum_2v_tango", "rc_wmean_2v_tango", "rc_cap_mean_2v_tango", "rc_sum_2v_tango", "rc_norm_2v"]}