{"model": "linear", "weights": [3.4048537586139607, 0.30215728083300497, 2.462385089079561, 35.62464093348391, 0.4931123616447858, 1.0649602610021078, 0.4923430493771475, 0.600425782235795, 0.5067752154954119, 0.564991644165117, 4.402553535376149, 0.7375527685996609, 1.5474694765724395, 4.2220592093447005, 3.047626137906622, 2.4372348227233003, 1.6880517577946914, 0.7888586455275554, 0.878422895708959, 0.3501472849419486, 1.3081242748276511, 0.41100392568655075, 0.44557678042489085, 1.4953214363616734, 0.38901421091718796], "scale": [0.42363632227642195, 0.21375083461180985, 0.4658563832822701, 64.04918323177633, 199.57784037656205, 1.8466765957072728, 0.36723169067093364, 0.36723169067093364, 5.720865135808337, 1.601432716260378, 1.127203775778837, 1.601432716260378, 0.48044382949640846, 0.088015715360907, 0.7192865363769918, 2.43107446391819, 0.7074632003475282, 0.14191435089513352, 0.8483633223693582, 0.09859629005797582, 0.6084299906471051, 0.2261573231269946, 199.5796602185848, 10140.539943522452, 9.042306375338375], "bias": null, "columns": ["rsg_mean_1", "rsg_mean_1_first", "rsg_wmean_1v", "rsg_mean_1v", "cross_abs_mean", "cross_abs_ge_dist_min", "p_abs_final", "p_abs_max", "-log_p_abs_sum", "-log_p_abs_final", "-log_p_abs_mean", "-log_p_abs_min", "cross_compt_sum", "cross_compt_mean", "cross_compt_ge_dist_mean", "cross_compt_dist_mean", "cross_compt_ge_dist_mean_nonfinal", "p_compt_mean", "p_compt_sum_nonfinal", "p_compt_mean_nonfinal", "-log_p_compt_mean", "-log_p_compt_mean_nonfinal", "cross_total_mean", "cross_total_dist_max", "cross_total_dist_min"]}