{"model": "linear", "weights": [0.5256668958623514, -0.5788299949619733, 1.3493463089195634, 2.9767363283083097, 0.41141793590617737, 0.02901430028477964, 2.4305587186854267, 9.48497444030959, 0.3340829609753659, 0.7342013040042729, 1.0060689652442258, 0.40304933064230164, -0.22195814451827875, 1.177786908963549, 0.0856210636909679, 0.5818306115259714, 0.3933425820579978, -0.2679514974557574, -0.5414640540955759, 0.20106089224138682, 1.133525144585096], "scale": [0.7871009719888403, 1.7106710466758084, 5.3131816655420545, 1.7329180221000564, 0.42992406377658965, 0.42992406377658954, 0.5402900929110258, 33.6385215388613, 0.66646472279015, 3.7724945378172055, 4.337194179849161, 2.5825886301091328, 0.7608165262998224, 0.4235973599444964, 0.5457937966516953, 1.1976369516195147, 13.973363326582698, 1.3328099433111336, 1.7374066601320535, 0.5532506452051402, 0.6434928479912737], "bias": null, "scaled_weights": [0.6678519206171231, -0.3383642904851643, 0.2539620125678316, 1.7177594614088656, 0.9569548917363486, 0.06748703487287688, 4.4986179657484255, 0.28196763729202434, 0.5012762859776431, 0.1946195803981435, 0.23196309031273646, 0.1560640846720021, -0.29173675498054247, 2.780439682433039, 0.15687438042761045, 0.4858155142417625, 0.02814945642397413, -0.2010425408367518, -0.31165073009126215, 0.36341736604181507, 1.7615194141217052], "columns": ["tango_sigma", "tango_v_sigma", "distances_mean", "ge_distances_mean", "first_is_not_largest", "first_is_not_closest", "rsl_wmean_1v", "rsl_norm_2v", "c_penalty_sum_1", "c_penalty_ell_mean_1", "rc_wmean_1v", "rc_norm_2", "rc_cap_mean_2", "rc_mean_1_penalty_removed", "rc_wmean_1v_penalty_removed", "rth_mean_1", "rth_mean_1v", "rth_cap_mean_2", "rth_cap_wmean_2v", "rth_mean_1_penalty_removed", "rth_wmean_1v_penalty_removed"]}