{"model": "linear", "weights": [2.188718448048651, 6.692143801385378, 2.0433231437538844, 7.4021025948058785, 1.0275394115167285, 9.565643274879243, 72.14860454331068, 4.245451706462675, 4.142183255028241, 0.5924217390473516, 0.8940355713186223, 2.4485970849725316, 3.191719106903378, 0.21426271908195926, 0.4438809152006196, 4.03505141835096, 0.845296400327058], "scale": [0.7871009719888403, 22.71963640955836, 8.678771301320403, 1.7329180221000564, 0.42992406377658965, 0.5402900929110258, 33.6385215388613, 4.337194179849161, 2.5825886301091328, 0.543664319034312, 0.1696726764555906, 0.4235973599444964, 1.1976369516195147, 0.6287701388537806, 13.973363326582698, 0.5532506452051402, 0.6434928479912737], "bias": null, "columns": ["tango_sigma", "distances_sum", "ge_distances_sum", "ge_distances_mean", "first_is_not_largest", "rsl_wmean_1v", "rsl_norm_2v", "rc_wmean_1v", "rc_norm_2", "rc_cap_wmean_1v", "rc_cap_norm_2", "rc_mean_1_penalty_removed", "rth_mean_1", "rth_norm_2", "rth_mean_1v", "rth_mean_1_penalty_removed", "rth_wmean_1v_penalty_removed"]}