{"model": "linear", "weights": [-1.3814220682887497, 3.963895281774093e-09, -1.0774190513485349, -2.7278473073024386e-11, -1.4558246348135977, 1.9432701317405248, 2.6918552211520616e-10, 1.1432564493926903e-11, -2.253846084738331, 3.025112334372916e-10, 7.234495759944156e-09, -0.5105405697836246, -1.3282415186563623, 0.957039435567063, -0.36846350285090185, 0.8874199492723084, -2.751583830525172, 6.773898736423567, 2.9392522901630015e-09, -0.9686841422972551, 0.4689016959854964, 3.6356867177205754e-13, 0.7852072452483769, 2.833621146196321, 0.21396961694771952, 1.0392526341409226e-09, -2.0572195212137226e-07, 4.004685880508327e-10, -7.860806774029597e-10, 1.9116342444794083, 5.706257652117298e-10, 1.936366703883063, 1.6761870426527759e-10, 7.381785523457005e-09, -2.5165058507178515e-11, 2.20264153806602e-09, 5.699560685268772e-10, 5.216656719558186e-10, 0.915234883179353, -1.1046415030611312, 2.438406902475259, 8.669789154207819e-13, 1.1842423891617475e-10, -0.4426573657386105, 1.8676817353094333e-09, 1.3619765380948623, -6.571592351670376e-10, -2.0739833322618995, -1.2786959988347426, 58.20316684573683, -2.7895543418445826e-09, 1.1120194411469095, 1.0872777513999053e-09, 1.2168759218926488, 0.5108589136499695, -0.005700832034253285, 8.352234268929039e-11, 1.7300421504685517, -7.1543883987348e-11, -0.5669975019768492, -4.228550720840275e-11, 1.2044602054068738, -1.0158305335926892, 1.6066867064817756e-09, 1.2405400521989662, -6.971796937878414, -0.15412200534580756, 3.505432007468017e-10, 2.0900165075685115, -0.7652237004118904, -2.2978676749793533e-09, 6.7284165397994076e-09, 1.2571108699669742e-10, 1.7358820797044257, 6.504847051487042e-10, -2.8403699662393264e-11, 1.256992580299712e-10, -1.2419779561012194, 1.1842121991175084e-10, 1.3786691557199538e-09, -4.1594668890463604e-10, -2.458165331316515, 0.12288863496395067, -0.35320244280743207, 0.2254313025806748, -2.383376347464397e-09, 0.5248935224557304, -9.037112628417603e-10, -1.8255841335899587, -0.2961341480672389, 0.08037517510110755, 1.188973390921202, -1.0890052832252543e-10, 2.993201673623562e-10, 0.9087331594511642, 2.6695144040597114], "scale": [1.6100771955661388, 229.96953846920044, 233.22198261665196, 356.9655052095232, 11.755027968701482, 1.7329180221000564, 304020918.855084, 24.362502108964613, 2.3133524204175604, 40.20285830429307, 200.8005382687225, 294.62281748766827, 1.2603161809186687, 1.3475951441098866, 0.5457937966516953, 720.368414096746, 7.595329527219522, 24.586307597671478, 623.2785034999596, 2.118218078284036, 8.678771301320403, 1070.893488978808, 4.923794892770277, 0.5402900929110258, 13.973363326582698, 887.0601153654164, 97210.69359732965, 638366286.2120825, 2.8240662861582497, 7.674625597300401, 688.1632898444103, 0.6434928479912737, 330.61578168981686, 0.21719403031199278, 3.7724945378172055, 5.3131816655420545, 8.28284233511746, 688.1331106483699, 2.7973640163755675, 4.9746442137544005, 1.1976369516195147, 238.27417713172204, 21036873.33102735, 0.5893559489137365, 143.33932827752028, 0.543664319034312, 1878.2357793468932, 591.2025205456359, 1.2176681725039065, 99.69769740657071, 7.473447370602289, 200.80334788715354, 1.5608084364073767, 0.5532506452051402, 2476.5963756571095, 0.42992406377658954, 1.828008201640765, 0.7017887753092958, 3.737708991950296, 0.5066134782096677, 1881.141068108714, 0.1696726764555906, 0.7608165262998224, 2.0300590195458823, 0.7871009719888403, 4.1406037639947915, 0.4397715460134327, 3.977608728955865, 2.5825886301091328, 1.7374066601320535, 0.3979341355844085, 33.6385215388613, 6101106.625306113, 4.337194179849161, 5011.190796000346, 592.1601781106464, 6101106.645181805, 0.6287701388537806, 21036873.461330827, 25.37585494580248, 295557.1589603487, 1.9652088674525527, 0.4235973599444964, 1929.7669813595455, 0.42992406377658965, 11.73617963181699, 0.66646472279015, 1.2068847869736086, 1.3328099433111336, 1.7106710466758084, 0.7703065474657396, 841.4849764931672, 730.3230570802035, 0.2206275929590759, 9.623400619381812, 22.71963640955836], "bias": null, "columns": ["rc_sum_1_penalty_removed", "c_penalty_ell_mean_2", "rc_mean_2", "rsl_mean_2", "c_penalty_ell_sum_1", "ge_distances_mean", "rc_mean_2v", "rth_sum_1v_penalty_removed", "rsl_sum_1", "rth_sum_1v", "rc_mean_1v_penalty_removed", "rc_wmean_2v", "rth_wmean_1v", "rth_mean_2_penalty_removed", "rc_wmean_1v_penalty_removed", "c_penalty_ell_sum_2", "rth_mean_1v_penalty_removed", "rth_cap_sum_1v", "rc_norm_2v", "rth_sum_1_penalty_removed", "ge_distances_sum", "rsl_sum_2", "rth_cap_sum_2", "rsl_wmean_1v", "rth_mean_1v", "rc_mean_1v", "rsl_mean_2v", "rc_sum_2v", "rc_sum_2_penalty_removed", "rth_cap_mean_1v", "rc_cap_sum_1v", "rth_wmean_1v_penalty_removed", "rsl_sum_1v", "rth_cap_norm_2", "c_penalty_ell_mean_1", "distances_mean", "rth_mean_2", "rc_sum_1v_penalty_removed", "rc_cap_sum_2", "rth_sum_2_penalty_removed", "rth_mean_1", "tango_variance", "rc_sum_2v_penalty_removed", "rth_cap_wmean_1v", "rc_cap_norm_2v", "rc_cap_wmean_1v", "rth_sum_2v_penalty_removed", "rth_mean_2v_penalty_removed", "rc_wmean_2v_penalty_removed", "rsl_mean_1v", "rth_norm_2v", "rc_cap_mean_1v", "rc_cap_sum_1", "rth_mean_1_penalty_removed", "rc_sum_1v", "first_is_not_closest", "rth_wmean_2v_penalty_removed", "rsl_mean_1", "rc_mean_1", "rth_cap_mean_1", "rth_cap_sum_2v", "rc_cap_norm_2", "rc_cap_mean_2", "rth_cap_sum_1", "tango_sigma", "rth_cap_norm_2v", "rsl_norm_2", "rth_sum_1", "rc_norm_2", "rth_cap_wmean_2v", "rc_cap_mean_1", "rsl_norm_2v", "rc_mean_2v_penalty_removed", "rc_wmean_1v", "rth_sum_2v", "rth_cap_mean_2v", "rc_cap_mean_2v", "rth_norm_2", "rc_cap_sum_2v", "rth_sum_2", "rsl_sum_2v", "rsl_wmean_2v", "rc_mean_1_penalty_removed", "rth_mean_2v", "first_is_not_largest", "rc_sum_1", "c_penalty_sum_1", "rc_cap_wmean_2v", "rth_cap_mean_2", "tango_v_sigma", "rc_mean_2_penalty_removed", "tango_v_variance", "rc_sum_2", "c_penalty_mean_1", "rth_wmean_2v", "distances_sum"]}