{"model": "linear", "weights": [8.616001298273545e-10, 7.361163781549158e-10, 9.215556826413188e-10, 0.1472698343575337, 4.205994612878148e-10, 2.213387433763049e-06, 4.3403604958009817e-10, 5.029164759749689e-10, 1.6914063107550204e-09, 7.196956944022327e-10, 1.6293249865085164, 7.801214520001676e-10, 3.5462702880603407, 0.8612805516192827, 1.679837062974584, 4.1758522198057526e-10, 1.1227127294476749e-09, 4.3420637511772913e-10, 1.7561966531973283e-08, 7.644684714748362e-10, 9.060236735542489e-10, 2.1989428757083776e-09, 0.1620109280499395, 0.36154080688516305, 4.2243729457776704e-10, 5.418169408011794e-10, 6.175594971179466e-08, 1.2161671041347912e-09, 1.9313987438065763e-09, 1.400727911446357e-09, 1.881177877263839e-09, 9.215556826413447e-10, 1.137400390663656e-08, 3.7273068114412564e-09, 2.2147935775187073, 4.327561191207205e-10, 4.406467456751815e-10, 1.400727911510743e-09, 9.873652016282087, 0.3854692970210429, 2.4249029890175833, 1.0925939028361087e-09, 6.932703062734379e-10, 3.611135278484189, 1.6405673735639392e-09, 1.1437570486091054e-08, 7.104688936226954, 5.431285130107798e-10, 3.2101700291689066e-09, 9.215556826413375e-10, 4.408635258404826e-10, 4.622713657576542e-10, 5.793098366953488e-10, 1.4360462229546077e-06, 6.912079820834085e-10, 0.7332750507426403, 9.060236734509523e-10, 3.903793987680184e-10, 5.527909368080736e-10, 9.69113475231219e-10, 3.7091729516890464, 1.436046222947314e-06, 0.009326375663441805, 1.1811313043932032e-09, 0.9176103360343214, 1.6343540310546143e-09, 5.862901649581374e-10, 21.84357224583095, 4.2677756074490265, 9.822067973087518e-10, 4.466275826864035e-10, 9.215556826413314e-10, 0.21021422180036214, 1.579200480794494e-08, 1.0927836313546069, 5.095616190963712e-10, 1.8517684482586546e-09, 4.847808927493053e-10, 0.16162319879573978, 1.7573028255488482e-09, 6.737280548481691e-10, 0.04592878518395349, 6.089217713745243e-10, 2.0359243024444455e-09, 4.818663507594131e-10, 6.089217717107246e-10, 9.156772219260242e-10, 8.977020345369127e-10, 8.704951964132302e-10, 1.982467545138753e-07, 0.7789970198248861, 6.040591628145387e-10, 1.7398138475951016e-09, 5.208880423691625e-09, 1.6514592137119614e-09, 5.60729067721269e-10, 1.594496743089828e-09, 4.3023798022410737e-10, 3.967387356274673e-10, 4.319432341696502e-10, 1.705663943846865e-09, 4.2047734230255636e-10, 4.2477353689483204e-10, 1.6028820990964768e-09], "scale": [0.4885169611233239, 155383.850037125, 0.992565385308932, 0.35912053623971346, 4123.577734449815, 199.57784037656205, 0.6349777491789669, 0.19622567410861258, 0.7074632003475282, 33.00520700474345, 1.8466765957072728, 8.708497176862368, 1.7329180221000564, 0.09108687608333699, 0.6084299906471051, 2.644232767414133, 0.3998970272255298, 4110.816211922031, 10167.71999916096, 0.0765136846367669, 1.261123429568616, 1.4662094072160536, 1.601432716260378, 0.2261573231269946, 4123.263963202542, 0.04801670574719098, 10140.214462295236, 8.678771301320403, 2.703992927097108, 0.36723169067093364, 9.042306375338375, 0.047970882542836234, 871.8361771041352, 35.96140016475422, 5.3131816655420545, 2.164621584344692, 899.5732515964763, 0.36723169067093364, 1.127203775778837, 0.09859629005797582, 0.48044382949640846, 238.27417713172204, 10.077907951487141, 0.42363632227642195, 1.1681864888448454, 871.8586365301849, 0.088015715360907, 53502.88413678559, 0.41524305767843556, 0.39248741072373394, 899.6286752819528, 4.327960860341336, 0.7192865363769918, 868.5048888508767, 0.4054090912781989, 199.5796602185848, 1.2611234295686164, 0.7869990139718835, 0.8662048025870851, 0.08199323041843305, 0.4658563832822701, 868.5048888508767, 0.42992406377658954, 0.7475731653346568, 868.4800892234279, 0.07636650353370997, 1.5283808388405522, 64.04918323177633, 214.3195371648319, 5.720865135808337, 0.12232437491732263, 0.37644606025452726, 0.14191435089513352, 10169.046489361092, 10140.49932626295, 23379.244046614956, 0.7871009719888403, 0.08060055641253036, 1.601432716260378, 2.2140630440843605, 0.22351434936122025, 0.21375083461180985, 0.6364397517941597, 3.477627568708073, 0.14601883105541327, 0.6364397517941597, 1.948750417011882, 0.42992406377658965, 2.656477160739345, 10140.539943522452, 0.8483633223693582, 47827.30742610575, 1.7106710466758084, 0.9386358757472293, 2.5177842244844952, 85.07289438663827, 2279.705619879433, 4110.831970396861, 841.4849764931672, 4110.848512554627, 7.303358237366297, 2.43107446391819, 22.71963640955836, 2279.4260227014133], "bias": null, "columns": ["cross_compt_ge_dist_min_nonfinal", "rsg_sum_2v", "-log_p_abs_max", "p_compt_min", "cross_total_ge_dist_sum", "cross_abs_mean", "p_abs_sum", "rsg_norm_2", "cross_compt_ge_dist_mean_nonfinal", "rsg_mean_1v_first", "cross_abs_ge_dist_min", "cross_abs_dist_min", "ge_distances_mean", "cross_compt_mean_nonfinal", "-log_p_compt_mean", "-log_p_compt_sum", "rsg_mean_2_first", "cross_total_ge_dist_max", "cross_abs_dist_sum", "-log_p_compt_min_nonfinal", "rsg_sum_2_first", "cross_compt_ge_dist_max", "-log_p_abs_min", "-log_p_compt_mean_nonfinal", "cross_abs_ge_dist_sum", "p_compt_max", "cross_abs_dist_final", "ge_distances_sum", "cross_compt_ge_dist_sum_nonfinal", "p_abs_max", "cross_total_dist_min", "p_abs_min", "cross_abs_sum", "rsg_norm_2v", "distances_mean", "-log_p_compt_max", "cross_abs_ge_dist_mean", "p_abs_final", "-log_p_abs_mean", "p_compt_mean_nonfinal", "cross_compt_sum", "tango_variance", "cross_compt_dist_sum", "rsg_mean_1", "cross_compt_dist_min", "cross_total_sum", "cross_compt_mean", "rsg_sum_2v_first", "cross_compt_sum_nonfinal", "cross_total_min", "cross_total_ge_dist_mean", "cross_compt_dist_max", "cross_compt_ge_dist_mean", "cross_abs_final", "cross_compt_ge_dist_min", "cross_total_mean", "rsg_wmean_2v_first", "-log_p_compt_sum_nonfinal", "rsg_wmean_2v", "cross_compt_min_nonfinal", "rsg_wmean_1v", "cross_abs_max", "first_is_not_closest", "rsg_mean_2", "cross_total_max", "-log_p_compt_min", "rsg_sum_1", "rsg_mean_1v", "rsg_sum_1v", "-log_p_abs_sum", "cross_compt_max", "cross_abs_min", "p_compt_mean", "cross_total_dist_sum", "cross_abs_dist_max", "rsg_mean_2v_first", "tango_sigma", "cross_compt_min", "-log_p_abs_final", "cross_compt_dist_min_nonfinal", "p_compt_min_nonfinal", "rsg_mean_1_first", "rsg_sum_1_first", "cross_compt_ge_dist_sum", "p_abs_mean", "rsg_wmean_1v_first", "cross_total_ge_dist_min", "first_is_not_largest", "rsg_sum_2", "cross_total_dist_max", "p_compt_sum_nonfinal", "rsg_mean_2v", "tango_v_sigma", "p_compt_sum", "cross_compt_dist_mean_nonfinal", "rsg_sum_1v_first", "cross_total_dist_mean", "cross_abs_ge_dist_final", "tango_v_variance", "cross_abs_ge_dist_max", "cross_compt_dist_sum_nonfinal", "cross_compt_dist_mean", "distances_sum", "cross_abs_dist_mean"]}